genome	E25	E31	H19	H40	H45	P33	E44	E56	H06	H43	P05	P65	P75	H09	H47	P43	P45	E18	E48	H34	H37	P09	P64	E58	P36	P58	E27	H08	H20	H23	P53	E34	H16	H25	P14	P34	P51	P60	P72	H32	P48	H07	H12	P01	E30	H10	P47	P67	P79	H39	P25
ASV_1	0	0	0	0	0	0	0	0	0.01922349201543934	8.754012255617158e-4	0	0	1.392951664577239e-4	0	1.007759750075582e-4	0.9807213930348259	0	0	0.12623937677053823	0	0	0	0	0	0	0	0.14155732209558472	0	0	0	0	0.2708018154311649	0	0	0	0	0	0	0	0	0	0	4.4576523031203565e-4	0	0.8827178797071368	3.134304967873374e-4	0	0	7.228861228454605e-4	0	0
ASV_2	0	0	0	0	0.1087835354649026	0	0	0	0.002144352783874467	0.016049022468631456	0.005698005698005698	0	0	0	0	0	0.3826511967842134	0	0	0.2314313037934332	0.009973045822102426	0	0	0.009693761569187803	0	0.0012862547288776797	0	0	0	0.023845781131030665	0	0	0	6.575702778234424e-4	0	0	0	0	0	0.0016037357609490343	0	0	0.004160475482912333	0	0	0.14264221908791724	0.14725077121021873	0	0.4025346194682269	0.001829268292682927	0
ASV_3	0	0	0.025600608761821936	0	0.18425712472018976	0	0.18476249228871067	0	0	0	0	0	0.4228653015740354	0.21850731031465345	3.627935100272095e-4	0	0	0	0.005642115203021719	0.009005419190309213	0	0	0	0	0	0	0	0.10034003091190108	0	0	0	0	0.07227882825511904	0	0	0	0	0	0	0.07410202589561567	0	5.027652086475615e-4	0.10120221531811428	0	0	0.0013164080865068171	0.0011471267575067045	0	0	0.0014227642276422765	0.15111239526148512
ASV_4	0.27467637540453077	0.003432213777886737	0.03190564191759974	0	0	0.035034833869239015	0.0017890191239975325	0	0.0016145715078584222	0	0	0	0.0019849561220225656	1.8230211105844607e-4	0	0	0	0.16882371235137916	6.373937677053824e-4	0	0	0	0	0.5045627252947098	0	7.313997477931904e-4	0.0010854643552660984	0.0014219474497681607	0.09850840253453501	0	0	0	0.3160821005192515	2.839508017873956e-4	0	0	0.03139475038600103	0.18004473161033796	0.005723096221188523	0.08462064573948727	0	0	1.4858841010401187e-4	0	0	0	0.002278751802074129	0.04236710586097229	0	0	3.333851932522837e-4
ASV_5	0	0	0	0	0	0.00857449088960343	0	0.18199802176063304	0	0	0	0.03468780971258672	0	0.0012396543551974333	0	0.0018656716417910447	0	2.3922872658548838e-4	0	0	0	0	0.0329771576944707	0	0.0023424267541172655	1.7654476670870113e-4	0.15260351818152795	0	0	0	0	0	0	0	0	0	0	6.21272365805169e-4	0	0	0.1820676768561502	0	0	0	0	9.402914903620122e-5	0.03250709203366972	7.383007723761926e-4	0	0	0
ASV_6	0	0	0.03130775084248288	0	0	0	0	0	0	0	0	0	0	0	0	0	0.00872464827334186	1.1961436329274419e-4	0	0.0322760599298693	0	0	0	0.020702757120124704	0	0.01021437578814628	3.8310506656450533e-4	0.004698608964451314	0.007477665394151679	0.008929189451097113	0	0	0	0.006710205789607401	0.32876688145467386	0	0	0	0.30078921235561595	2.59427843682932e-4	0	0.02853192559074912	0	0	0	0.12552891396332863	0.02598087088623293	0.00779948508253824	0.015429100684482798	0	0.004422910230480297
ASV_7	0	0	0.019947820415262527	0	0	0	0	0	0	0	0	0	0	0	0	0	0	0	0	0.04120178514504304	0	0	0	0	0	0.16532156368221942	0	0	0.004762092172065017	0.004222329895480031	0	0	0.005584402860781816	0	0	3.7416397736307936e-4	0	0	0	0	0	0	8.10482236930974e-5	0	0	0	0.00593715605574416	0.3083257610177192	0	0	0
ASV_8	0.04409385113268608	0	0.0018480269594521143	0.005523781590653566	0	0.11270766345123258	0	0	0.014127500693761195	0.0052524073533702946	0	0	0	0.02355343274875123	0.02237226645167792	0	0	0	0	0	9.883198562443845e-4	0	0.0015196295454273508	0	0.0010450827056830876	0.014653215636822195	0	0	0.012948167971978434	0	0.20253816916833087	0	0	5.380120454919074e-4	0	0	0	0	0	0.03476333105351289	0.0839878154409117	0.020613373554550025	0.0015129001756044847	0.0010472201066260471	0	0.0019746121297602257	0.061805329488908524	4.164773587763138e-4	5.421645921340954e-4	0.04065040650406504	0.004511812948680906
ASV_9	0	0	0	0	0	0	0.0017273288093769279	0	0	0	0	0.0023125206475057814	0	0	0.055023682354126774	0	0	3.109973445611349e-4	0	0	0	0	7.179352183121344e-5	0	0	0	0.002713660888165246	0	0	0	0.0032210268633640405	0.007564296520423601	0	0	0	0	0	0	0	0	0.006676204101096805	0	0	0	0	0	3.100342587855958e-4	0	0	0	0
ASV_10	0.00337108953613808	0	0	0.20002932981375568	0	0	0.15465761875385564	0	0	0	0	0	1.7411895807215488e-4	0.022459620082400555	0	0	0	0	0.00996222851746931	0.0011954096270321963	0	0	0	0	0	0.0015636822194199243	0	0.011561051004636785	1.9678066826714943e-4	0	0.021387618372737227	0	0.23821886940335063	0	0	0	5.881920447025954e-4	0	0	0.09230914365227236	0	0	0.12923139267864378	0	0	7.208901426108761e-4	0	0	0	0.00548780487804878	0
ASV_11	0.013888888888888888	0	0.01016414827698663	0	0	0.06383976420150053	0	0	0	0	0	0	0	0	0.0014713292351103498	0	0	0	0	0	0	0.4416826003824092	7.53831979227741e-4	0	0.002234314750081084	0.0039848675914249685	0	0	0	0	0.039683050956644976	0	0	0.24403329696770434	6.531909259422721e-4	0.013844067162433936	0	0	0.0024042230700883293	0.04039999056626023	0.002121592556908314	0	0	0.0019992383853769994	0	0	0	0.06716643949719825	6.325253574897779e-4	0	0.035383281843842374
ASV_12	0	0	0.037069246657245356	0.0024930341692330255	0.0032407871437639905	0	0	0	0.03574762229117788	0.053691275167785234	0	0	0	0.05195610165165713	0	0	0.016124611730312443	0	0	0.2248167038571884	0.01761006289308176	0	0	0	0	0	0	0.007047913446676971	0.03392498720925656	0.01377448605246764	0	0	3.1840893504457725e-4	0.002690060227459537	0	0	0	0	0	0.1003042381075918	0	0.12405731523378583	0.0013778198027826556	0	0	0.0128193073186021	0.05042707219147716	0	0	0.3017276422764228	0
ASV_13	0.10666127292340885	0	0	0	0	0	0	0	0	0	0	0	0	0	0	0	0	0	0	0	0	0	0	0	7.207466935745433e-5	0	0	0	0	0	0.516395026734523	0	0	0	0	0	0	0	0	0	0	0	0	0	0	0	0	0	0	0	0
ASV_14	0	0	0.004076530057614958	0	0.03728575724165581	0	0	0	0.0015136607886172709	0	0	0	0	0	0	0	0.14142152384432669	0	0	0.04622250557857826	0.44833782569631625	0	0	0.001932257331211639	0	0.001210592686002522	0	0	7.084104057617379e-4	0.1193327334394684	0	0	0	0	0	0	0.0013969561061686641	0	0	0.001014127025306007	0	0	0.006416317709036877	0	0	0.006989500078357624	0.04351330822055837	0	0.1854880610838774	0.004573170731707317	0
ASV_15	0	0.007354743809757294	0.039515164691814327	0	0	3.014469453376206e-4	3.701418877236274e-4	0	0	0	0.6999050332383666	0	0	0	0	0	0	0	9.442870632672332e-5	0	0	0.0076481835564053535	0	0.01536063391030429	0	3.278688524590164e-4	6.704338664878843e-4	0	0.025424062340115707	0.0338132484252786	0	0	0	0.002450943762796467	0	0.0010289509377484683	0.0016175281229321374	0	0	0	0	0.09338863750628457	0	0	4.5617316333280114e-5	0.031531107976806146	4.495496752391139e-4	0	0.23362775882711725	0	0
ASV_16	0	0	0	0	0	0	0	0.005934718100890208	0	0	0	0.06706309877766765	0	0.0020417836438545956	0	0	0	0.001459295232171479	4.1312559017941453e-4	0	0	0	0.045098297296973906	0	0	0	0.02190083963860422	0	0	0	0	0	0	0	0	0	0	0.0017395626242544733	0	0	0.00743530602512822	0	0	0	0	0	0.013470988544234138	0	0	0	0
ASV_17	0	0	0.018697684530927274	0.004203939971647847	0	0	0	0	8.32513433739499e-4	0	0	0	0	0	0	0	0	0	0	0.006136436085431941	0.002336028751123091	0	0	0	0	0	0	0	0.004683379904758157	0	0	0	0	3.736194760360468e-4	7.061523523700238e-5	0	0	0	0	0	0	0.03494218200100553	0.0024584627853572877	0	0	0.003635793762733114	0	0	0	0.39034552845528453	0
ASV_18	0	0.004658004412846286	0	0.009629955516449138	0.004343322976178544	0	0	0	0	0.04610446454625036	0	0	0.0011491851232762224	0	0	0	0.03170107801936781	0	0	0	0	0	0	0	0	0	0	0.002472952086553323	0.0028729977567003816	0	0	0	0	0	0	0.00579954164912773	0	0	0	0	0	0	0	0	0	0	0.003022834023159559	0	0	0	0
ASV_19	0	0	0	0	0	0	0	0	0	0	0	0.022794846382556987	0	0	0.056797339514259804	0	0	0	0	0	0	0	0.10366984552427219	0	0	0	0.027838968170354052	0	0	0	0	0	0	0	0	0	0	0	0	0	0.006238260683386373	0	0	0	0	0	0.0029143220325846004	0	0	0	0
ASV_20	0.16248651564185546	0	0	0	0	0	0.001110425663170882	0	0.002169580463684755	0	0	0	0.001497423039420532	0	0	0	0	0.04306117078538791	3.7771482530689327e-4	0	0	0	0	0.13014321436690157	0	5.548549810844893e-4	0.0015643456884717301	0.00544049459041731	0	0	0	0	0.008425590281179583	0	0	0	0.05602529225792221	0.05106858846918489	0.004207390372654576	0	0	0	0	0	0	0	0.0012711404610209428	5.868544600938967e-4	3.6144306142273027e-4	0	0.00108905829795746
ASV_21	0	0	0	0	0	0	0	0	0	0	0	0	0	0	0	0	0	2.1530585392693955e-4	0	0	0	0	0	0	0	0	0	0	0	0	0	0	0	0	0	0	0	0	0	0	0	0	0	0	0	0	0	0	0	0	0
ASV_23	0	0	0	0	0	0	0	0	0	0	0	0	0	0	0	0	0	0	0	0	0	0.12619502868068833	0	0	7.928213629319976e-4	0	0	0	0	0	0	0	0	0	0	0	0	0	0	0	0	0	0	0	0	0	0.006076671472197678	0.04265106769650159	0	0	0
ASV_24	0	0	0	0	0.08760148341184724	0	0	0	0	0	0	0	0	0	0	0	0	0	0	0	0	0	0	0	0	0	0	0.6167542503863988	0	0	0	0	0	0	0	0	0	0	0	0.015707176717530247	0	0	0	0	0	0	0.005999162907501279	0	0	0	0
ASV_25	0	0	0	0	0.3312953125522034	0	0	0	0	0	0	0	0.009158657194595347	0	0	0	0	0	0	0	0	0	0	0	0	0	0	0	0	0	0	0	0	0	0	0	0.0028674362179251524	0	0	0	0	0	0	0	0	0	0.0037204111054271495	0	0	0	0
ASV_26	0	0	0	0	0	0	0	0.043521266073194856	0	0	0	0.011892963330029732	0	0	0.001068225335080117	0	0	0	0	0	0	0	0.12483696887750828	0	2.5226134275109014e-4	0	4.1503048877821407e-4	0	0	0	0	0	0	0	0	0	0	0	0	0	0.02778507683473962	0	0	0	0	0	0.010789192205738735	0	0	0	0
ASV_27	0	0	0	0	0	0	0.019370758790869833	0	0	0	0	0	0	0	0	0	0	1.913829812683907e-4	0	0	0	0.26481835564053535	0	0	0	0	4.1503048877821407e-4	0	0	0	0	0	0	0	2.1184570571100716e-4	0	0	0	0	0.002476356689700715	0	0	0	0	0	0	0	0	0	0	0
ASV_28	0	0	0	0	0	0	0	0.003956478733926805	0	0	0	0	0	0	0.19544492592965837	0	0	0	0	0	0	0	0.04248979933710648	0	0	0	9.577626664112633e-4	0	0	0	0	0	0	0	0	0	0	0	0	0	7.396377721331737e-4	0	0	0	0	0	0.01998170797873165	0	0	0	0
ASV_29	0	0	0	0	0	0	0	0	0	0	0	0	0	0	0	0	0	0	9.91501416430595e-4	0.027414727446605038	0	0	0	0	0	0	0	0	0	0	0	0	1.9594396002743216e-4	0	0	0	0	0	0	0	0	0	0	0	0	0	0	0.03939497198243223	0	0	0
ASV_30	0.037756202804746494	0	0	0	0	5.693997856377278e-4	0	0	0	0	0	0	0	0	0	0	0	0.0013875266141958327	0	0	0	0.027724665391969407	0	0	0.008721034992251972	0	0.003000989688088625	0	0	0	0	0	0	0	0	0	0	0	0	0	0.07494671688417856	0	0	0	0	0	0	0	0	0	0
ASV_31	0	0	0	0	0	0	0	0.003956478733926805	0	0	0	0.007928642220019821	0	0	0	0	0	0	0	0	0	0	0.10451940219927489	0	0	0	0.0027455863103789547	0	0	0	0	0	0	0	0	1.4031149151115475e-4	0	0	0	0	8.95350987319105e-4	0	0	0	0	0	9.61106202235347e-4	0	0	0	0
ASV_32	0	0	0	0	0	0	0	0	0	0	0	0	0	0	0	0	0	0	0	0	0	0	0	6.982106322865586e-4	0	0	0	0	0	0	0	0	0	0	0.3900962132580104	0	0	0	0	0	0	0	0	0	0	0	0	0	0	0	0
ASV_33	0	0	0	0	0	0	0.0020974706971005554	0.016815034619188922	0	0	0.014719848053181387	0	0	0	0	0	0	0	0	0	0	0	0	0	0.0010450827056830876	0	0	0	0	0	0	0	0	0	0	0	0.0409528711124182	0	0	0	0	0	0	0	0	0	0	0	0	0	0
ASV_34	0	0	0	0	0	0	0	0.04846686449060336	0	0	0	0.11133135117277833	0	0.0013125751996208117	0.0023178474251738385	0	0	0	0	0	0	0	0.05096143491318967	0	0	0	0.01567538230693101	0	0	0	0	0	0	0	0	0	0	0	0	0	0.03718626220159022	0	0	0	0	0	0.004216465919484103	0	0	0	0
ASV_35	0	0	0	0	0	0	0	0	0	0	0	0	0	0	0	0	0	0	1.1803588290840416e-4	0	0	0	0	0	0	1.7654476670870113e-4	0	0	0	0	0	0	0	0.3115538086769387	0	0	0	0	0	0	0	0	0	0	0	0	0	0	0	0	0
ASV_36	0	0	0	0	0	0	0	0	0	0	0	0	0.06341412452987881	0	0	0	0	0	0	0	0	0	0	0	0	0	0	0	0	0	0	0	0	0	0	0	0.01544004117344313	0	0	0	0	0	0	0	0	0	0	4.164773587763138e-4	0	0	6.667703865045674e-5
ASV_37	0	0	0	0	0	1.339764201500536e-4	0	0.03165182987141444	0	0	0	0.0023125206475057814	0	6.198271775987166e-4	0	0	0	0	0	0	0	0	0.01703899584794132	0	0.004360517496125986	1.008827238335435e-4	0.028062446125850016	0	0	0	0	0	0	0	0	1.8708198868153968e-4	0	0	0	0	0.022130740708300487	0	0	0	0	0	0.007440822210854299	0	0	0	0
ASV_38	0	0	0.0029894553755843026	0	0	0	0.001850709438618137	0	0.0024218572617876336	0	0	0	0	0	0	0	0	5.023803258295257e-4	0.00198300283286119	0	0	0	0	5.19598610073718e-4	0	0	0.0023305558216007408	0	0.008068007398953126	0.0018689001176714888	0	0.03479576399394856	0	0	0	0	0	0	0.32119897559190924	0	0	0	0	0	0	0.0027581883717285693	0	0	1.8072153071136513e-4	0	0
ASV_39	0	0	0	0	0	0.005827974276527331	0	0	0	0	0	0.014866204162537165	0	0	0.11327219590849541	0	0	0	0	0	0	0	0	0	0	0	0	0	0	0	0	0	0	0	0	0	0	0	0	0	0	0	0	0	0	0	0	0	0	0	0
ASV_40	0.009573894282632146	0	0.016143059028155233	0	0	0.034599410503751336	0.0010487353485502777	0	0.00433916092736951	0	0	0	1.7411895807215488e-4	0	0	0	0	0.010071529389249061	0	0	0	0	0	0	0	0.001008827238335435	0.006193531909459503	7.418856259659969e-4	0.07761029556456374	0.0026995223921921505	0	0.02042360060514372	0.029612030959145684	0	0	0.0062672466208315795	0.00816116462024851	0.014786282306163022	0	0	0	0	0	0	0	0	1.3951541645351812e-4	0	0	0	0.21783388527104217
ASV_41	0	0	0	0	0	0	0	0	0	0	0	0	0	0	0	0	0	0	0	0	0	0	0	0	0	0	0	0	0	0	0	0	0	1.1955823233153497e-4	0	0	0	0	0	0	0	0	0	0	0	0.013884971007679048	9.921096281139065e-4	0	0	0	0
ASV_42	0	0	2.7176867050766385e-4	0	0	0	0	0	0.003834607331163753	0	0	0	0	0	0	0	0	0.006507021363125284	5.075542965061379e-4	0	0	0	0	6.982106322865586e-4	0	0.19422446406052962	0	0	0.002046518949978354	1.384370457534436e-4	0	0	0	0	0	0	0	0.009070576540755467	0.19259917420164113	0	0	0	0	0	0	4.074596458235386e-4	0	0	0	0	0
ASV_44	0	0	1.6306120230459833e-4	0	0	6.028938906752412e-4	0	0	0	0	0	0	0	0	0	0	0	0	0	0	0	0	0	2.2732439190725165e-4	0	0.06312736443883984	0	0	0	0	0	0	0	0	0	0	0	0	0	0	0	0	0	0	0	0	0.029158722038785286	0.03916780251400878	0	0	0
ASV_45	0.0016181229773462784	0	0.008261767583432982	6.843623209659285e-4	2.0046106043900973e-4	0.0028804930332261523	0.0012338062924120913	0	0.0030273215772345418	0.008170411438576015	0	0	0	0	3.627935100272095e-4	0	0.0014617211766855473	0	0	0.007650621613006056	8.984725965858042e-4	0	0	0	0	5.548549810844893e-4	0	0	0.0023220118855523633	6.921852287672181e-4	0.004445017071442376	0	0	0.030711520930163046	0	0.0020111313783265517	0	0	0.001933831599853656	8.962052781774014e-4	1.7517736708417273e-4	0.02275012569130216	0.001999189517763069	3.808073115003808e-4	0	0	7.285805081461501e-4	0.011983189459336666	2.259019133892064e-4	0.010670731707317074	0.02542617740537417
ASV_46	0	0	0	0	0	0	0	0.142433234421365	0	0	0	0.06937561942517344	0	0	0.06179582787463469	0	0	0	0	0	0	0	0.03501130747968842	0	0	0	9.89688088624972e-4	0	0	0	0	0	0	0	0	0	0	0	0	0	0.027833737214485222	0	0	0	0	0	0.025376304081601016	0	0	0	0
ASV_47	0	0	0	0	0	0	0	0.05341246290801187	0	0	0	0.02576808721506442	0	0.0023334670215481093	0	0	0	0	0	0	0	0	0.010254508034891651	0	0.0018379040686150852	0	0.014781470484947164	0	0	0	0	0	0	0	0	0	0	0	0	0	0.07386645645382617	0	0	0	0	0	0.01263389604551303	0	0	0	0
ASV_48	0	0	0	0	0	0	0	0	0	0	0	0	0	0	0	0	0	0	0	0	0	0	0	0	0	0	0	0	0	0	0	0	0	0	0	0.012768345727515083	0	0	0	0	0	0	0.16550047278130486	0	0	0	0	0	0	0	0
ASV_49	0	0	0	0	0	0	0	0	0	0	0	0	0.19522217579050008	0	6.046558500453492e-4	0	0	0	0	0	0	0	0	0	0	0	0	0	0	0	0	0	0	0	0	0	0.0011763840894051909	0	0	0	0	0	0	0	0	0	0	0	0	0	1.3335407730091347e-4
ASV_50	0.02575512405609493	0	0	0	0	0	0	0	0	0	0	0	0	0	0	0	0	0.24463529580632043	0	0	0	0	0	1.9484947877764427e-4	0	0	0	0	0	0	0	0	0	0	0	0	0	0.2621769383697813	0	0	0	0	0	0	0	0	4.6505138817839374e-5	0	0	0	0
ASV_51	0.002292340884573894	0	0	0	0	0	0	0	0	0	0	0	0	0	0	0	0	0	0	0	0	0	0	0	0	0	0	0	0	0	0	0	0	0	0	0.17267667555306113	0	0	0	0	0	0	0	0	0.006888214766325297	0	0	0	0	0	0
ASV_52	0	0	0	0	0	0	0	0	0	0	0	0.0023125206475057814	0	6.562875998104059e-4	0	0	0	2.3922872658548838e-4	0	0	0	0	0.0674978761083125	0	0	0	2.554033777096702e-4	0	0	0	0	0	0	0	0	0	0	4.970178926441351e-4	0	0	0.0011191887341488814	0	0	0	0	0	9.146010634175076e-4	0	0	0	0
ASV_53	0	0	0	0	0	0	5.55212831585441e-4	0	0.15845505688841796	0	0	0	0	0	0	0	0	0	0	0	0	0	0	0	0	0	0	0	0	0	0	0	0	0	0	0	0	0	7.839857837244551e-5	0	0	0	0.03443198703228421	0	0	0	0	0	0	0	0
ASV_54	0.009708737864077669	0	0	0	0	0	0	0	0	0	0.003798670465337132	0	2.089427496865859e-4	0	0	0	0.00790243011145624	3.109973445611349e-4	0	0	0	0	0	0.012973727795278148	0	0.018310214375788145	0.003703348976790218	0.002287480680061824	0	0.0012459334117809926	0	0	0.0014940726952091701	0.023836922571099785	0	0	0	0	0.016542100036586002	0.0016744888092261976	0	0	0	7.616146230007616e-4	0	0	0	0	0.01621975738134502	0	0
ASV_55	0	0	0	0	0	0	0	0	0	0	0	0	0	0	0	0	0	0	0	0	0	0	0	0	0	0.0023707440100882724	0	0	0	0	0	0	0	0	0	0	0	0	0	0	0	0	0	0	0	0	0	0	0	0	0
ASV_56	0.041666666666666664	0	0	0	0	0	0	0	0	0	0	0	0	0.0014948773106792576	0	0	0	0.1781536326882132	0	0	0	0	0	0	0	0	0	0	0	0	0	0	0	0	0	0	0	0.17594433399602386	0	0	0	0	0	0	0	0	0	0	0	0	0
ASV_57	0	0	0.0260354386346342	0	0	0	0	0	0	0	0	0	0	0	0	0	0	0	0	0	0	0	0	0	0	0	0	0	0.010783580621039788	0.3041115802588773	0	0	0	8.369076263207448e-4	0	0	0	0	0	0	0	0	0	0	0	0.03535496003761166	0	0	0	0	0
ASV_58	0	0	0	0	0.003040326083324981	0	0	0	0	0	0	0	0	0	0	0	0	0	0	0	0.05893980233602875	0	0	0.0019160198746468354	0	0	0	0	0	0.09597148196857479	0	0	0	0	0	0	0	0	0	0	0	0	0.005038497906254221	0	0	0	0.02072579019981708	0	0.09422368807463799	0	0
ASV_59	0	0	0	0	0	0.4477491961414791	0	0	0	0	0	0	0	0	0	0	0	0	0	0	0	0	0	0	0	0	0	0	0	0	0	0	0	0	0	5.144754688742342e-4	0	0	0	0	0	0	0	0	0	0	0	0	0	0	5.111906296535017e-4
ASV_60	0	0	0	0	0	0	0.00283775447254781	0	0	0	0	0	0	4.7398548875195976e-4	0	0	0.0015073999634569706	0	0	0.04964934650940389	0.0022461814914645105	0	0	0.0021108693534244794	0	7.566204287515763e-5	0	0.007357032457496136	0	0	0	0	3.918879200548643e-4	8.966867424865124e-5	0.1167093300379557	0	0.0027203882067495036	0	0	0	0	0	0	0	0	6.268609935746748e-4	0	0	0	0.0040650406504065045	0
ASV_61	0	0	0	0	0	5.359056806002144e-4	0	0	0	0	0	0.024446646845061117	0	0	0	0	0	0	0	0	0	0	0.03971378315963289	0	0	0	0	0	0	0	0	0	0	0	0	0	0	0	0	0	0.0012554377974365713	0	0	0	0	0	0.0023562603667705282	0	0	0	0
ASV_62	0	0	0.014077617132296988	0	0	0	0	0	0.004768031484144403	0	0	0	0	0.0012761147774091224	0	0	0	5.263031984880745e-4	0	0	0	0	0	0	0	0.0013871374527112232	0.009641477508540051	0.0011746522411128285	0.011885552363335826	0.005502872568699384	0	0.012859304084720122	0.04516508278632311	3.287851389117212e-4	0	0	0.017645761341077863	0	0	0	0	0	0	0	0	0	0	0	0	0	0.05469739737292468
ASV_63	0	0	0	0	0	3.3494105037513397e-4	0	0.0771513353115727	0	0	0	0.10109018830525272	0	0	0.0030031240552252344	0	0	0	0	0	0	0	0.026491809555717755	0	0	0	0.0026178846215241195	0	0	0	0	0	0	0	0	0	0	0	0	0	0.01967825756912207	0	0	0	0	0	0.02602737602505077	0	0	0	0
ASV_64	0	0	0	0	0	4.0192926045016077e-4	0	0.016815034619188922	0	0	0	0.044598612487611496	0	0	0.02581880479693641	0	0	0.001172220760268893	0	0	0	0	0.005336651789453532	0	6.847093588958161e-4	0	3.1925422213708774e-4	0	0	0	0	0	0	0	0	0	0	2.4850894632206757e-4	0	0	0.004720056835323543	0	0	0	0	0	0.007998883876668372	0	0	0	0
ASV_65	0	0	0	0	0	0	0	0	0	0	0	0	0	0	0	0	0	0	0	0	0	0	0	0	0	0	0	0	0	0	0	0	0	0	0	0	0	0	0	0	0	0	0.16274483317573957	0	0	0	0	0	0	0	0
ASV_66	0	0	0	0	0	0	3.701418877236274e-4	0	0	0	0	0	0	0	0	0	0	0	0	0	0	0	0	0	0	0	0	0.003276661514683153	0	0	0	0	0	0	0	0	0	0	0	0.26515884059338224	0	0	0	0	0	0	0	0	0	0.004979674796747968	0
ASV_67	0	0	0	0	0	0	0	0	0	0	0	0	0	0	0	0	0	0	0	0	0	0	0	0.009044263306595655	0	0	0	0	0	0	0	0	0	0	0	0	0	0	0	0	0	0	0	0	0	0	0	0.09075420263516583	0	0	0
ASV_68	0	0	0	0	0	0	0	0	0	0	0	0	0	0	0	0	0	0	0	0.03801402613962385	0	0	0	1.1366219595362583e-4	0	0	0	0	0	0	0	0	0	0	0	0	0	0	0	0.02676823659819344	0	0	0	0.6048172124904798	0	0	0	0	0	0	0
ASV_69	0	0	0	0	0	0	0	0	2.0182143848230277e-4	0	0	0	1.7411895807215488e-4	0.022167936704707042	0	0	0	0	0	0	0	0	0	0	0	1.7654476670870113e-4	0	0	0	0.0013843704575344361	0	0	0.001053198785147448	0.0017186495897658152	0	0	5.14668039114771e-4	0	0	0	9.245472151664672e-4	0	0	0.05064737242955065	0	0.003040275818837173	1.550171293927979e-4	0	5.195744007951747e-4	0	0
ASV_71	0	0	0	0	0	0	0	0	0	0	0	0	0	0	0	0	0	0	0	0	0	0	0	0	0	0	0	0	0.00704474792396395	0	0	0	0	0.09524307683110905	0	0	0	0	0	0	0	0	0	0	0	0	0	0	0	0	0
ASV_73	0	0	0	0	0	0	0	0.028684470820969338	0	0	0	0.005285761480013214	0	0	0	0	0	3.827659625367814e-4	0	0	0	0	0.019491941177174447	0	3.2433601210854447e-4	0	8.619863997701369e-4	0	0	0	0	0	0	0	0	0	0	0	0	0	0.02920595992331124	0	0	0	0	0	0.011331752158613527	0	0	0	0
ASV_74	0	0	0	0	0	0	0	0	0.25212543202401677	0	0	0	0	0	0	0	0	0	0	0	0	0	0	0	0	0.0023455233291298865	0	0.0014219474497681607	0	0	0	0	0	0	0	5.144754688742342e-4	0	0	0	0	0	0.03594771241830065	0	0	0	0.002037298229117693	3.100342587855958e-4	0	0	0	0
ASV_75	0	0	0	0	0	0	0	0.03956478733926805	0	0	0	0.028410967955071028	0	0	0.020739695656555476	0	0	0	0	0	0	0	0.026144807533533557	0	0.0011892320443979963	0	6.065830220604668e-4	0	0	0	0	0	0	0	0	0	0	0	0	0	0.012710091189551643	0	0	0	0	0	0.007828365034336295	0	0	0	0
ASV_76	0	0	0	0	0	1.0048231511254019e-4	0.004380012338062924	0.011869436201780416	0	0	0	0.00726792203501817	0	6.927480220220951e-4	0	0	0	0.002368364393196335	0.0028564683663833807	0	0	0	0.005910999964103239	0	0.0015135680565065408	0	0.012897870574338345	0	0	0	0	0.0030257186081694403	0	0	0	0	0	4.970178926441351e-4	0	0	0.0077078041517036	0	0	0	1.1404329083320029e-4	0	0.003921933373637787	0	0	0	0
ASV_77	0	0	0	0	0	0	0	0	0	0	0	0	0	0	0	0	0	0	0	0	0	0	0	0	0	0	0	0	0	0	0	0	0	0	0.06994439050225086	0	0	0	0	0	0	0	0	0	0	0	0	0	0	0	0
ASV_78	0	0	0	0	0	0	0	0	0	0	0	0	0	0	0	0	0	9.090691610248559e-4	0	0	0	0	0	0	0	0	0	0	0	0	0	0	0	0	0	0	0	0	0	0	0	0	0	0	0	0	0	0	0	0	0
ASV_81	0	0	0	0	0	0	0	0	0.006433058351623402	0	0	0	0	0	0	0	0	0	0	0	0	0	0	0	0.030667771811596814	0.001437578814627995	0	0	0	0	0	0	0	0	0	0	0	0	0	0	0	0	0	0	0	0	0	0	0.0017394447330968893	0	0
ASV_82	0	0	0	0	0	0	0	0	0	0	0	0	0	0	0	0	0	0	0	0	0	0	0	0	0	0	0	0	0	0	0	0	0	0	0	0	0	0	0	0	0.00206320010121359	0	0	0	0	0	0	0	0	0	0
ASV_83	0	0	2.7176867050766385e-4	0	0	0	0	0	0	0	0	0	0	0	0	0	0	0	0	0	0	0	0	0	0	0	0	0	0	0	0	0	0	0	0	0	0	0	0	0	0	0	0	0	0	0	0	0	0	0	0
ASV_85	0	0	0	0	0	0	0	0	0	0	0	0	0	0	3.627935100272095e-4	0	0	0	0	0	0	0	0	0.01734160361121034	0	0	0	0	0	0	0	0	0	0.001046134532900931	0	8.418689490669286e-4	0.02043967355341519	0	0	0	0	0	0	0	0	0.0012537219871493496	0	0	0	0	0
ASV_86	0	0	0	0	0	2.0096463022508038e-4	0	0.002967359050445104	0	0	0	0.00726792203501817	0	2.1876253327013527e-4	0.02825758339211932	0	0	0	0	0	0	0	0.006090483768681273	0	0	0	0	0	0	0	0	0	0	0	0	0	0	0	0	0	0.008174943797261395	0	0	0	0	0	0.017454928769629043	0	0	0	0
ASV_87	0	0	0	0	0	0	0	0	0	0	0	0	0	0	0	0	0	0	0	0	0	0.008604206500956023	0.0037332631352230985	0	0	0	0	0	0	0	0	0	0	0.10305919626978315	0	0.010055656891632759	0	0	0	5.660243862173062e-4	0.0018880227341294172	0	0	0	0	0	0	0	0	0	0
ASV_89	0	0	0	0	0	0	0	0	0	0	0	0	0	0	0	0	0	0	0	0	0	0	0	0	0	0	0	0	0	0	0	0	0	0	0	0	0	0	0	0	0	0	0.11884371200864514	0	0	0	0	0	0	0	0
ASV_90	0.05609492988133765	0	0	0.1773964901989539	0	0	0	0	0	0	0	0	0	0	0.0237226645167792	0	0	0	0	0	0	0	0	0	0	0	0	0	0	0	0.1906203697738839	0	0	0	0	0.002338524858519246	0	0	0	0	1.2651698733856919e-4	0	0	0	0	0	0	8.329547175526276e-4	0.009465290171007749	0	0
ASV_91	0	0	0	0	0	0	0	0	3.784151971543177e-4	0	0	0	4.5270929098760275e-4	0	0	0	0	0	0	0	0	0	0	0	0	0	0	0	0	0	0	0	0	0	0	0	0	0	0	0	0	0	0	0	0	0	0	0	0	0	0
ASV_92	0	0	0	0	0	0	0	0	0	0	0	0	0	0	0	0	0	0	0	0	0	0	0	0	0	0	0	0	0	0	0	0	0	0	0	0	0	0	0	0	0	0	0	0	0	0	0	0	0	0.001829268292682927	0
ASV_93	0	0	0	0	0	0	0	0	0	0	0	0	0	0	0.12093117000906983	0.004353233830845771	0	7.655319250735628e-4	0	0	0	0	0	0	0	0	0.006033904798390959	0	0	0	0	0.0113464447806354	0	0	0	0	0	0	0	0	0	0	0	0	0	0	0	0	0	0	0
ASV_94	0	0	0	0	0	0	0	0.016815034619188922	0	0	0	0.003303600925008259	0	0	0	0	0	0	0	0	0	0	1.3162145669055796e-4	0	0	0	0	0	0	0	0	0	0	0	0	0	0	0	0	0	0.05415900265685673	0	0	0	0	0	0	4.5433893684688776e-4	0	0	0
ASV_96	0	0	0.009838025872377433	0	0	0	0	0	3.784151971543177e-4	0	0	0	0	0	9.271389700695354e-4	0	0	0	0	0	0	0	0	0	0	2.5220680958385876e-5	0.006129681065032085	0	0.004368530835530717	0.004637641032740361	0	0	0	0	0	0	0	0	0	0	0	0	0	0	0	0	0	0	0	0	0
ASV_97	0	0.0627604805099289	0	0	0	0	0	0	0	0	0	0	0	0	0	0	0	0	0	0	0	0	0	0	0	0	0	0	0	0	0	0	0	0	0	0	0	0	0	0	0	0	0	0	0	0	0	0	0	0	0
ASV_99	0	0.004412846285854376	0	0	0	0	0.007587908698334362	0	0	0	0	0	0	0	0	0	0	0	0.002042020774315392	0	0	0	0	0	0	5.044136191677175e-5	0	0	0	0	0	0	0	0	0	0	0	0	0	0	0	0	0	0	0	0	0	0	0	0	0
ASV_100	0	0	0	0	0	0	0	0	0	0	0	0	0	0	0	0	0	0	0	0	0	0	0	0	0	0	0	0	0	0	0	0	0	0	0	0	0	0	0	0	0	0	0	0	0	0	0.003317366569005875	0.018268211419051945	0	0	0
ASV_102	0	0	0	0	0	0	0	0	0	0	0	0	0	0.057060560761293615	0	0	0	0	0	0	0	0	0	0	0	0.001815889029003783	0	0.011375579598145285	0	0	0	0	0	0	0	0.009915345400121603	0	0	0	0.014527959246244192	0	0	0	0	0	0.011220811784986679	0.040645491326791613	0	0	0	0
ASV_103	0	0	0	0	0	3.3494105037513397e-4	0	0.01582591493570722	0	0	0	0.009250082590023126	0	3.281437999052029e-4	0.007638818905572911	0	0	0	0	0	0	0	0.021944886506407572	0	0	0	0.00418223030999585	0	0	0	0	0	0	0	0	0	0	0	0	0	0.0054986229112531995	0	0	0	0	0	9.301027763567874e-4	0	0	0	0
ASV_104	0	0	0	0	0	0	0	0	0.18171497767350336	0	0	0	0	0	0	0	0	0	0	0	0	0	0	0	0	0	0	0	0	0	0	0	0	0	0	0	0	0	0	0	0	0	0	0	0	0	0	0	0	0	0
ASV_105	0	0.07673449374846776	0	0	0	0	0	0	0.0030777769368551173	0	0	0	0	0	0	0	0	4.7845745317097677e-4	0	0	0	0	0	0.0015263209170915469	0	0	0	0	0	0	0	0	0	0	0	0	0	0	0.006585480583285423	0.07094172307256905	0	0	0	0	0	0	0.001333147312778062	0	0	0	0
ASV_106	0	0	0	0	0	0	4.935225169648365e-4	0.016815034619188922	0	0	0	0.012223323422530559	0	0.0014948773106792576	0	0.003109452736318408	0	0	0.001392823418319169	0	0	0	0.012324554581024973	0	0	0	0.0016601219551128563	0	0	0	0	0.0037821482602118004	0	0	0	0	0	0	0	0	0.018325499012194293	0	0	0	1.3685194899984034e-4	0	0.003906431660698507	0	0	0	0
ASV_107	0	0	0	0	0	0	0	0	0	0	0	0	0	0	0	0	0	0	0	0	0	0	0	0	0.1142383509315651	0	0	0	0	0	0	0	0	0	0	0	0	0	0	0	0	0	0	0	0	0	0	0	0	0	0
ASV_108	0	0	0.014131970866398521	0	0	0	0	0	0	0	0	0	0	0	0	0	0	0	0	0	0	0	0	0.005618159971422077	0	0	0	0	0	0	0	0	0	0	0	0	0	0	0	0	0	0	0	0	0	0	6.200685175711916e-4	0.004675904891715887	0	0	0.07532282799546595
ASV_110	0	0	0	0	0	0	0	0	0	0	0	0	0	0	0	0	0	0	0	0	0	0	0	0	0.18782658834552596	0	0	0	0	0	0	0	0	0	0	0	0	0	0	0	2.9196227847362122e-5	0	0	0	0	0	0	0	0	0	0
ASV_113	0	0	0	0	0	0	0.0032078963602714373	0	1.0091071924115139e-4	0	0.0052231718898385565	0	0	0	0	0	2.740727206285401e-4	0	0	0	0	0	0	0	0	1.7654476670870113e-4	0	0	7.871226730685978e-5	0	0	0	0	0	0	2.806229830223095e-4	0	0	1.0453143782992735e-4	0	0	0	0	0	0.0014369454644983235	0	0	2.082386793881569e-4	5.647547834730161e-4	0	0
ASV_114	0	0	0	0	0	0	0	0	0	0	0	0	0	0.13771101469355015	0	0	0	0	0	0	0	0	0	0	0	0	0	0	0	0	0	0	0	0	0	0	0	0	0	0.0013678922666918232	0	0	0	0	0	0	0	0	0	0	0
ASV_115	0	0	0	0	0	0	0.0020357803824799505	0	0	0	0	0	0	0	0	0	0	0	0	0	0	0	0	7.469230019809697e-4	0	0	0	0	0	0	0	0	0	0	0.046111748609762554	0	0	0	0	0	0	0	0	0	0	0	0.0030073323102202793	0	0	0	0
ASV_116	0	0	0.024404826611588215	0	0	0	0	0	0	0	0	0	0	0	0	0	0	0	0	0	0	0	0	3.572240444256812e-4	0	0	0	0.002287480680061824	0	0	0	0	0	0	0	0	0	0	0	0	0	0	0	0	0	0	0	0	0	0	0.11848509768186162
ASV_117	0	0	0	0	0	0	0	0	0	0	0	0	0	0	0	0	0	0	0	0	0	0	0	0	0	0	0	0.009335394126738795	0	0	0	0	0	0	0	0	0	0	0	0.0035376524138581635	0	0.026143790849673203	0	0	0	0	0	0	0	0	0
ASV_118	0.0048543689320388345	0	0	0	0	0	0.02350400987045034	0	0	0	0	0	0	0.003317898421263718	0	0	0	0	0.005335221907459868	0	0	0	0	0	0	0	0	0	0	0	0	0.07564296520423601	0	0	0	0	0	0	0	0	0	0	0	0	0.004538922975161371	0	0	0	0	0	0
ASV_119	0	0	0	0	0	0	0	0	0	0	0	0	6.268282490597576e-4	0	0	0	0.002466654485656861	0	0	0	0	0	0	0	0	0	0	0	0	0	0	0	0	0.015198840285146384	0.0058257569070526965	0	0.0011028600838173665	0	0	2.1225914483148983e-4	0	0	0	0	0	0.015264065193543331	0.006278193740408315	0	0	0	0
ASV_121	0	0	0.005707142080660942	0	0	0	0	0	0	0	0.07075023741690409	0	0	0	0	0	0	0	0	0.0031877590054191903	0	0	0	0	0	0	0	0	0	0	0	0	0	0	0	0	0	0	0	0	0	0	0	0	0	0	0.003410376846641554	0	0	0	0
ASV_122	0	0	0	0	0	0	0	0	0	0	0	0	0	0	0	0.0012437810945273632	0	5.502260711466233e-4	0	0	0	0	3.470020221841982e-4	0	0	0	0	0	0	0	0	0	0	0	0	0	0	0	0	0	0.03577511118896772	0	0	0	0	0	1.0851199057495853e-4	0	0	0	0
ASV_123	0	0	0	0	0	0	0	0	8.072857539292111e-4	0	0	0	0	0	0	0	0	0	0	0	0	0	0	0	0	0	0	0	0	0	0	0	0	0	0	0	0	0	0	0	0	0.0038964303670186023	0	0	0	0	0	0	0	0	0
ASV_124	0	0	0	0	0	0	3.701418877236274e-4	0	0	0	0	0	0	0	0	0	0	0	0.006586402266288952	0	0	0	0	0	0	0	0	0	0	0	0	0.01361573373676248	0	0	0	0	0	0	0	0	0	0	0	0	0.0010720069338320828	0	0	0	0	0	0
ASV_125	0	0	0	0	0	0	0	0	0	0	0	0	0	0	0	0	0	0	2.1246458923512748e-4	0	0	0	0	0	0	0	0	0	0	0	0	0.0015128593040847202	0	0	0	0	0	0	0	0	0	0	0	0	0	0	0	0	0	0	0
ASV_126	0	0	0	0	0	0	0	0	0	0	0	0	0	0	0	0	0	0	0	0	0	0	0	0	0	0.023127364438839847	0	0	0	0	0	0	0	0	0	0	0	0	0	0	0	0	0	0	0	0	0	0	0	0	0
ASV_127	0	0	0	0	0	0.18756698821007503	0	0	0	0	0	0	0	0	0	0	0	0	0	0	0	0	0	0	0	0	0	0	0	0	0	0	0	0	0	0	0	0	0	0	0	0	0	0	0	0	0	0	0	0	2.2225679550152245e-4
ASV_128	0	0	0.00451135993042722	0	0	0	0	0	0	0	0.11633428300094967	0	0	0	0	0	0	0	0	0.004064392731909468	0	0	0	0	0	0	0	0	0	0	0	0	0	0	0	6.547869603853889e-4	0	0	0	0	0	0	0	0	0	0	0.006138678323954797	0	0	0	0
ASV_129	0	0	0	0	0	0	0	0	0	0	0	0	0	0.01064644328581325	0	0	0	0	0	0	0	0	0	0	0	0	0	0	0	0	0	0	0	0	0	0	0	0	0	0	0	0	8.10482236930974e-5	0	0	0	0	0	0	0	0
ASV_130	0	0	0	1.4664906877841325e-4	0	0	0	0	0	0	0	0	0	0	0	0	0	0.003660199516757972	0	0	0	0	0	0.08316825252492449	0	0	0	0.0025965996908809894	0.002715573222086662	0	0	0	0	0	0	0	0	0	0.0021951601944284744	0	0	0	0	0	0	0	0	0	0	0	0
ASV_131	0	0	0	0	0	0	0	0	0	0	0	0	0	0	0	0	0	0	0	0	0	0	0	0	0	0	0	0	0	0	0	0	0	0	0	0	0	0	0	0	0	0.230517848164907	0	0	0	0	0	0	0	0	0
ASV_132	0	0	0	0	0	0	0	0	0	0.10533994747592647	0	0	0	0	0	0	0	0	0	0	0	0	0	0	0	0	0	0	0	0	0	0	0	0	0	0	0	0	0	0	0	0	0	0	0	7.835762419683435e-4	0	0	0	0	0
ASV_133	0	0	0	0	0	0	0	0	0	0	0	0	0	0	0	0	0	0	1.534466477809254e-4	0.054032515141855274	0	0	0	0	0	0	5.108067554193404e-4	0	0	0	0	0	0	0	0	0	0.12300566134843026	0	0.07560236241049495	0	0	0	0	0	0	0	0	0	0	0	0
ASV_134	0	0	0	0	0	0	0	0	0	0	0	0	0	0	0	0	0.001964187831171204	0	0	0	0.26657681940700806	0	0	0	0	0	0	0	0	0	0	0	0	0	0	0	0	0	0	0	0	0	0	0	0	0	0.0013796524515959014	0	0	0	0
ASV_135	0.020226537216828478	0	0	0	0	0	0	0	0	0	0	0	0	0	0	0	0	0.041075572354728355	0	0	0	0	0	0	0	0	0	0	0	0	0	0	0	0	0	0	0	0.036779324055666	0	0	0	0	0	0	0	0	0	0	0	0	0
ASV_138	0	0	0	0	0	0	0	0	0	0	0	0	0	0	0	0	0	0	0	0	0	0	0	0	0	0	0	0	0	0	0	0	0	0	0	0	0	0	0	0	0	0	0	0	0	0.16270177088230686	0	0	0	0	0
ASV_139	0	0	0	0	0.01343089104941365	0	0	0	0.021266934080072655	0.01371461920046688	0	0	0.0010098899568184985	0	0	0	0.008861684633656131	0	0	0	0	0	0	0	0	0	0	0	0	0	0	0	0	0	0	0	0	0	0	0	0	0	0	0	0	0	0.0016431815715636578	0	0.003207807170126731	0	0
ASV_140	0	0	0.007229046635503859	0	0.001369817246333233	0	0	0	6.054643154469084e-4	0	0	0	0	0	1.007759750075582e-4	0	0	0	0	0	0	0	0	0	0	2.5220680958385876e-5	0.004341857421064394	0	0.004171750167263568	0.0030110057451373986	0	0	0	0	0	0	0	0	0	0	0	0	0	0	0	0	0	0	0	0	0
ASV_142	0	0	0	0	0	0	0.00431832202344232	0	0	0	0	0	0	0	0	0	0	0	2.7148253068932953e-4	0.018409308256295824	0	0	0	0	0	0	0.00651278613159659	0	0	0	0	0.046142208774583963	0	0	0	0	0.1971178589809573	0	0.030810641300371085	0	0	0	0	0	0	0	0	0	0	0	0
ASV_143	0	0	0	0	0	0	0	0	0	0	0	0	0	0	0	0	0	0	0	0	0	0	0	0	0	0	0	0	0	0.1101266698968644	0	0	0	0	0	0	0	0	0	0	0	0	0	0	0	0	0	0	0	0	0
ASV_144	0	0	0	0	0	0	0	0	0	0	0	0	0	0	0	0	0	0	0	0	0	0	0	0	0	0	0	0	0	0	0	0	0	0	0	0	0	0	0	0.00714605787599349	0	0	0	0	0	0	0	0	0	0	0
ASV_145	0.007686084142394822	0	0	0	0	0	0	0	0	0	0	0	0	0	0	0	0	0.01401880337790962	0	0	0	0	0	0	0	0	0	0	0	0	0	0	0	0	0	0	0	0.01441351888667992	0	0	0	0	0	0	0	0	0	0	0	0	0
ASV_146	0	0	0	0	0	0	0	0.02373887240356083	0	0	0	0.013544763792533861	0	0	0	0	0	0	0	0	0	0	0.005264858267622318	0	2.882986774298173e-4	0	5.108067554193404e-4	0	0	0	0	0	0	0	0	0	0	0	0	0	0.020018880227341294	0	0	0	0	0	0.002092731246802772	0	0	0	0
ASV_147	0	0	0.024404826611588215	0	0	0	0	0	0	0	0	0	0	0	0	0	0	0	0	0.005419190309212623	0	0	0	0	0	0	0	0	0.008815773938368295	0.016162525091714543	0	0	0	0	0	0	0	0	0	0	0	0	0	0	0	0	0	0	0	0	0
ASV_148	0	0	0	0	0	0	0	0	0	0	0	0	0	0	0	0	1.827151470856934e-4	0	0	0	0	0	0	0	0	0	0.12032691632346838	0	0	0	0	0	0	0	0	2.806229830223095e-4	0	0	0	0	0	0.013574660633484163	0	0	0	0.026955022723711017	0	0	0	0	0
ASV_150	0	0	0.026144146102837267	0	0	0	0	0	0.0011100179116526653	0	0	0	0	0	0	0	0	0	0	0	0	0	0	0	0	0	0	0	0.05183202802156716	0.010278950647193188	0	0	0	4.184538131603724e-4	0	0	0	0	0	0	0	0	0	0	0	0.009622316251371258	0	0	0	0	0
ASV_152	0	0	0	0	0	0	0	0	0.09150079467191402	0	0	0	0	0	0	0	1.3703636031427006e-4	0	0	0	0	0	0	0	0	6.557377049180328e-4	0	0	0	0	0	0	0	0	0	0.035685889341003696	0	0	0	0	0	0	0	0	0	0	0	0	0	0	0
ASV_153	0	0	0	0	0	0	0	0	0	0	0	0	0	0.07871805155503701	0	0	0	7.176861797564652e-5	0	0	0	0	0	0	0	0	0	0	0	0	0	0	0	0	0	0	0	0	0	0	0	0	0	0	0	0	0	0	0	0	0
ASV_154	0	0	0	0	0	0	0	0	0	0	0.006172839506172839	0	0	0	0	0	0.0061666362141421524	0	0	0	0	0	0	0.003068879290747897	0	0	0	0	0.0014168208115234759	0	0	0	7.837758401097286e-4	0	0	0.00855900098218044	0	0	0	0	0	0	0.002904228015669323	0.013899466869763899	0	0.015389437392258266	0.0045420018912089785	0	0	0	0.0013113150934589825
ASV_155	0	0	0	0	0	0	0	0	0	0	0	0	0	0.0042294089765559486	0	0	0	0	0.010906515580736544	0	0	0	0	0.0061215211249309905	0	0	0	0	0	0	0	0.049924357034795766	0	0	0	0	0	0	0	0	0	0	0	0	0	0	0	0	0	0	0
ASV_157	0	0	0	0	0	0	0	0	0	0	0	0	0	0	0	0	0	0	0.05056657223796034	0	0	0	0	0	0	0	0	0	0	0	0	0	0	0	0	0	0	0	0	0	0	0	0	0	0	0	0	0	0	0	0
ASV_158	0	0	0	0	0	0	0.002590993214065392	0	0	0	0	0	0	8.750501330805411e-4	0	0	0	0	0.04525495750708215	0	0	0	0	0	0	0	0	0	0	0	0	0.006051437216338881	0	0	0	0	0	0	0	0	0	0	0	0	0	0	0	0	0	0	0
ASV_159	0	0	0	0.15466588453829985	0	0	0	0	0	0	0	0	0	0	0	0	0	0	0	0	0	0	0	0	0	0	0	0	0	0	0	0	0	0	0	0	0	0	0	0	0	0.024132730015082957	0	0	0	0	0	0	0	0	0
ASV_160	0	0.062515322382937	0	0	0	0	0	0	0	0	0	0	0	0	0	0	0	0	0.0050991501416430595	0	0	0	0	0	0	0	0	0	0	0	0	0	0	0	0	0	0	0	0	0	0	0	0	0	1.8246926533312046e-4	0	0	0	0	0	0
ASV_161	0	0	0	0	0	0	0	0	0	0	0	0	0	0	0	0	0	0	0	0	0	0	0	0	0	0	0	0	0	0	0	0	0	0	0	0	0	0	0	0	0	0	0	0	0	0	0	0.01340299863698319	0	0	0
ASV_162	0	0	0.004348298728122622	0	0	0	0	0	0	0	0	0	0	0	0	0	0	0	0	0	0	0	0	0	0	0	0	8.0370942812983e-4	0	0	0	0	0	0	0	0	0	0	0	0	0	0	0	0	0	0	0	0	0	0	0.08279065632431712
ASV_163	0	0	0	0	0	0	0.004688463911165947	0	0	0	0	0	0	0	0	0	0	0	0	0	0	0	0	0	0.05776784748999964	0	0	0	0	0	0	0	0	0	0	0	0	0	0	0	0.020310842505814917	0	0	0	0	0	0	0	0	0	0
ASV_164	0	0	0	0	0	0	0	0	0	0	0	0	0	0	0	0	0	0	0	0	0.031626235399820304	0	0	0	0	0	0	0	0	0	0	0	0	0	0	0	0	0	0	0	0	0	0	0	0	0	0	0	0	0	0
ASV_165	0.01699029126213592	0	0	0	0	0	0	0	0	0	0	0	0	0	0	0	0	0.03002320518647879	0	0	0	0	0	0	0	0	0	0	0	0	0	0	0	0	0	0	0	0.04348906560636183	0	0	0	0	0	0	0	0	0	0	0	0	0
ASV_166	0.020765911542610573	0	0.004076530057614958	0	0	0	0	0	0	0	0	0	0	0	0	0	0	0.02289418913423124	0	0	0	0	0	0	0	0	0	0	0.1057499311267661	0	0	0	0	0	0	0	0	0.020999005964214713	0	0	0	0	0	0	0	0	0	0	0	0	0
ASV_167	0	0	0	0	0	0	0	0	0	0	0	0	0	0	0	0	0	0	0	0	0	0	0	0	0	0	0	0	0	0.002976396483699038	0	0	0	0	0	0	0	0	0	0	0	0	0	0	0	0	0	0	0	0	0
ASV_168	0	0	0	0	0	0	0	0	0	0	0	0	0	0	0	0	0	0	0	0	0	0	0	0	0	0	0	0	0	0	0	0	0	0	0	0	0	0	0	0	0	0	0	0	0	0	0.0011471267575067045	0	0	0	0
ASV_169	0	0	0	0	0.0012361765393738933	0	0.0838371375694016	0	0	0	0	0	0	0	0	0	0	0	0	0	0	0	0	0	0	0	0	0	0	0	0	0	0.0010042127951405899	0	0	0	0	0	0	0	0	0	0.030595704444144264	0	0	0	0	0	0	0	0
ASV_170	0	0	0	0	0	0	0	0	0	0	0	0	0	5.469063331753381e-4	0	0	0	0	0.0409466477809254	0	0	0	0	0	0	0	6.065830220604668e-4	0	0	0	0	0	0	0	0	0	0	0	0	0	0	0	0	0	0	0	0	0	0	0	0
ASV_173	0	0	0	0	0	0	0	0	0	0	0	0	0	0	0	0	0	0	0	0	0	0	0	0	0	0	0	0	0.0925656263528671	0	0	0	0	8.966867424865124e-5	0	0	0	0	0	0	0	0	0	0.13870906321401372	0	0	0	0	0	0	0
ASV_174	0	0	0	0	0	0.00177518756698821	0	0	0	0	0	0	0	0.004521092354249462	0	0	0	0	4.2492917847025496e-4	0	0	0	0	0	0	0	0	0	0	0	0	0	0	0	0	0	0	0	0	0	0	0	0	0	0	0	0	0	0	0	0
ASV_175	0	0	0	0	0	0	0	0	0	0	0	0	0	0	0	0	0	0	0	0	0	0	0	0	0	0	0.11729400121316605	0	0	0	0	0	0	0	0	0	0	0	0	0	0	0.00992961287078934	0	0	0	1.567152483936687e-4	0	0	0	0	0
ASV_176	0	0	0	0	0	0	0	0	0	0	0	0	0	0	0	0	0	0	0	0	0	0	0	0.0019160198746468354	0	5.800756620428752e-4	0	0.08049459041731066	0.0106655122200795	0	0	0	0	0.007472389520720936	0	0	0.009116976692890228	0	0	0.0024291879908492726	0	0	0.0010401188707280832	0	0	0	0	0	0	0	0
ASV_177	0	0	0	0	0	0	0	0	0	0	0	0	0	0	0	0	0	0	0	0	0	0	0	0	0	0	0	0	0	0	0	0	0	0	0	0	0	0	0	0	0	0	0	0	0	0	0.05765087042118154	0	0	0	0
ASV_178	0	0	0	0	0	0	0	0	0	0	0	0.00726792203501817	0	0	8.666733850650005e-4	0	0	0	0	0	0	0	0.012192933124334414	0	0	0	0	0	0	0	0	0	0	0	0	0	0	0	0	0	0.003114264303718626	0	0	0	0	0	0.0010076113410531864	0	0	0	0
ASV_180	0	0	0	0	0	0	0.0270203578038248	0	0	0	0	0	0	0	0	0	0	0.004066888351953303	0.006893295561850803	0	0	0	0	0	0	0	1.277016888548351e-4	0	0	0	0	0.006051437216338881	0	0	0	0	0	0.0022365805168986083	0	0	0	0	0	0	0	0	0	0	0	0	0
ASV_181	0	0	0.04897271442548103	0	0	0	0	0	0	0	0	0	0	0	0	0	0	0	0	0	0	0	0	4.0593641412009225e-4	0	0	0	0	0.04211106300916998	0.017304630719180453	0	0	0	6.874598359063261e-4	0	0.004115803750993873	0	0	0	0	0	0	0	0	0	0.00912082745651152	0	0	0	0	0
ASV_183	0	0	0	0.11130664320281566	0.0069493167618856705	0	0	0	9.334241529806504e-4	0.02888824044353662	0	0	0	0	0	0	0	0	0	0	0	0	0	0	0	0	0	0	0	0	0	0	0	0	0	0	0	0	0	0.0021933444965920616	0	0	0	0	0	0	0	0	0	0	0
ASV_184	0	0	0	0	0	0	0	0	0	0	0	0	0	0	0	0	0	0	0	0	0	0	0	0	0	0	0	0	0	0	0	0	0	0	0	0	0	0	0	0	0	0	0	0	0	0	0.0037359128183664294	0	0	0	0
ASV_185	0	0	0	0	0	0	0	0	0	0	0	0	0	0	0	0	0	0	0	0	0	0	0	0	0	0	0	0	0	0	0	0	0	0	0	0.012815116224685468	0	0	0	0	0	0	0.0019451573686343373	0	0	0	0	0	0	0	0
ASV_186	0	0	0	0	0	0.015306806002143623	0	0	0	0	0	0	0	0	0	0	0	0	0	0	0	0	0.0014239048496523998	0	0	0.004363177805800757	0	0	0.03715219016883781	0	0	0	0	0	0	0	0	0	0	0	0	0	0	0	0	0	0	0	0	0	0
ASV_187	0.008764832793959008	0	0	0	0	0	0	0	0	0	0	0	0	0	0	0	2.740727206285401e-4	0.0019855984306595535	0	0	0	0	0	0.018656837592959438	0	0	5.427321776330492e-4	0	0.004486599236491007	0	0	0	0	0	7.944213964162768e-4	0	0	0	0	9.905426758802858e-4	0	5.027652086475615e-4	0	0	0	0	5.735633787533523e-4	0	0	0	0
ASV_188	0	0	0	0	0	0	0	0	0	0	0	0	0	0	0.020255970976519197	0	0	0	0	0	0	0	0.008794706424323645	0	0	0	7.023592887015931e-4	0	0	0	0	0	0	0	0	0	0	0	0	0	0.0027347133417029187	0	0	0	0	0	0	0	0	0	0
ASV_190	0	0	0	0	0	0	0	0	0	0	0	0	0	0	0	0	0	0	0	0	0	0	0	0	0	0	0	0	0	0	0	0	0	0	0	0	0	0	0	0	0	0	0.021180602458462785	0	0	0	0	0	0	0	0
ASV_191	0	0.007845060063741112	0	0	0	0	0	0	0	0	0	0	0	0	0.008908596190668144	0	0	0	0	0	0	0	0	0	0	0	0	0	0	0	0	0	0	0	0	0	0	0	0	0	0	0	0	0	0	0	0	0	0	0	0
ASV_192	0	0	0	0	0	0	0	0	0	0	0	0	0	0	0	0	0	0	0	0	0	0	0	0	0	0	0.002522108354882993	0	0	0	0	0	0	0	0	0.00874608297086198	0	0	0	0	0	0	0	0	0	0	0	0	0	0	0
ASV_193	0	0	0	0	0	0	0	0	0	0	0	0	0	4.7398548875195976e-4	0	0	0	0	0	0	0	0	0	0	0	0.004363177805800757	0	0	0	0	0	0	0	0	0	0	0	0	0	0	0	0	0	0	0	3.134304967873374e-4	0	0	0	0	0
ASV_194	0	0	0	0	0	0	0	0.011869436201780416	0	0	0	0.02576808721506442	0	0	0	0	0	0	0	0	0	0	0.0029076376341641437	0	0	0	0	0	0	0	0	0	0	0	0	0	0	0	0	0	0.0061604040757934075	0	0	0	0	0	1.3951541645351812e-4	0	0	0	0
ASV_195	0	0	0	0	0	0	0.002220851326341764	0	0	0	0	0	0	0	0.0245893379018442	0	0	2.3922872658548838e-4	0	0	0	0	0	0	0	0	0.0011812406219072248	0	0	0	0.0026412420279585134	0.014372163388804841	0	0	0	0	0	0	0	0	0	0	0	0	0	0	1.705188423320777e-4	0	0	0	0
ASV_196	0	0	0	0	0	0	0.023874151758173968	0	0	0	0	0	0.07727399359242235	0	0	0	0	0	0	0	0	0	0	0	0	0	0	0	0	0	0	0	0	0	0	0	0	0	0	0	0	0	0.004862893421585844	0	0	0	0	0	0	0	0
ASV_197	0	0	0.0036960539189042287	0	0	0	0	0	0	0	0	0	0	0	0	0	0	0	0	0	0	0	0	0	0	0	0	0	0	0.0011767148889042709	0	0	0	0.0034223544004901886	0	0	0	0	0	0	0	0	0.006038092665135756	0	0	0	0	0	0	0	0
ASV_198	0	0	0	0	0	0	0	0	0	0	0	0	0	0	0	0	0	0	3.5410764872521244e-5	0	0	0	0	0	0	0	0.0796539284232034	0	0	0	0	0	0	0	0	0	0	0	0	0	0	0	0	0	0	0	0	0.00251779494169317	0	0	0
ASV_202	0	0	0	0	0	0	0	0	0	0	0	0	0.02528207271207689	0	0	0	0	0	0	0	0	0	0	0	0	0	0	0	0	0	0	0	0	0	0	0	0	0	0	0	0	0	0	0	0	0	0	0	0	0	0
ASV_203	0	0	0	0	0	0	0	0	0	0	0	0	0	0	0.06520205582989015	0	0	0	0	0	0	0	0	0	0	0	0	0	0	0	0	0	0	0	0	0	0	0	0	0	0	0	0	0	0	0	0	0	0	0	0
ASV_205	0	0	0.0027720404391781716	0	0	8.038585209003215e-4	0	0	0	0	0.002849002849002849	0	0	0	0	0	0	0	0	0	0	0.0038240917782026767	0	0	0	0	0	0	0	0	0	0	0	0	0	0.0020111313783265517	0	0	0	0	0	0	0	0	0	0	0	0	0	0	0.005356388771586691
ASV_207	0	0	0	0	0	0	0	0	0	0	0	0	0	0	0	0	0	5.502260711466233e-4	0	0	0	0	0	0	0	0	0	0	0	0	0	0	0	0	0	0	0	0.0027335984095427437	0	0	0	0	0	0	0	0	0	0	0	0	0
ASV_208	0	0	0	0	0	0	0	0	0	0	0	0.0056161215725140405	0	0	0	0	0	0	0	0	0	0	0.005121271223959892	0	0	0	0	0	0	0	0	0	0	0	0	0	0	0	0	0	0.0034354228100396096	0	0	0	0	0	2.1702398114991706e-4	0	0	0	0
ASV_209	0	0	0	0	0	0	0	0	0	0	0	0	0	0	0	0	0	0	0	0	0	0	0	0	0	0.06184110970996217	0	0	0	0	0	0	0	0	0	0	0	0	0	0	0	0	0	0	0	0	0	0	0	0	0
ASV_210	0	0	0	0	0.00701613711536534	0	0	0	0	0	0	0	0	0.01852189448353812	0	0	0	0	5.429650613786591e-4	0	0	0	0	0	0	0	0	0	0	0	0	0	0.01070343881649848	0	0	0	0	0	0	0.0025471097379778777	0	0	0.006051600702417939	0	0	0	0	0	0	0	0
ASV_211	0	0	0	0	0	0	0	0	0	0	0	0	0	0	0	0	0	0	0	0	0	0	0	0	0	0	0	0	0	0	0	0	0	0	0	0	0	0	0	0	0	0	0	0	0	0	0	0.05618658185673179	0	0	0
ASV_212	0	0	1.6306120230459833e-4	0	0	0	0	0	0	0	0	0	0	0	0	0	0	0	0	0	0	0	0	0	0	0	0	0	0	0	0	0	0	0	0	0	0	0	0	0	0	0	0	0	0	0	0.006324698879226155	0.04567999394214751	0	0	0
ASV_213	0	0	0	0	0	0	0	0	0	0	0	0	0	0	0	0	0	0	0	0	0	0	0	0	0	0	0	0	0	0	0	0	0	0	0	0.002993311818904635	0	0	0	0	0	0	0.03914629204376604	0	0	0	0	0	0	0	0
ASV_215	0	0	0.14006957277964996	0	0	0	0	0	0	0	0	0	0	0	0	0	0	0	0	0	0	0	0	0	0	0	0	0	0.0024794364201660827	3.8070187582196996e-4	0	0	0	0	0	0	0	0	0	0	0	0	0	0	0	9.089484406832785e-4	0	0	0	0	0
ASV_216	0	0.007109585682765384	0	0	0	0.0014067524115755627	0	0	0	0	0	0	0	0	0.008868285800665121	0	0	0	1.1803588290840416e-4	0	0	0	8.136599140870855e-4	0	5.765973548596346e-4	0	4.4695591099192287e-4	0	0	0	0	0	0	0	0	0	0	0	0	0	0.007882981518787772	0	0	0	0	0	8.83597637538948e-4	0	0	0	0
ASV_217	0	0	0	0	0	0	0	0	0	0	0	0	0	0	0	0	0	0	0	0	0	0	0	0	0	0	0	0	0	0	0	0	0	0	0	0.13605537626864975	0	0	0	0	0	0	0	0	0	0	0	0	0	0	0
ASV_218	0	0	0.012610066311555604	0	0	0	0	0	0	0	0	0	0	0	0	0	0	0	0	0	0	0	0	0	0	0	0	0	0	0	0	0	0	0	0	0	0	0	0	0	0	0	0	0	0	0	0	0	0	0	0.05805347498499767
ASV_220	0	0	0	0	0	0	0	0	0	0	0	0	0	0	0	0	0	0	0	0	0	0	0	0	0	0	0	0	0	0	0	0	0	0	0	0	0	0	0	0	0	0	0	0	0	0	0.04400936303461533	0	0	0	0
ASV_221	0	0	0	0	0	0	0	0	0	0	0	0	0	0.0010938126663506762	0	0	0	0	0	0	0	0	0	0	0	0	0	0	0	0	0	0	0	0	0	0.027454281839015948	0	0	0	0	0	0	0.029879778468188574	0	0	0	0	0	0	0	0
ASV_222	0	0	0	0	0	0	9.87045033929673e-4	0	0	0	0	0	0	0	0	0	0	0	8.144475920679886e-4	0	0	0	0	0	0	0	0	0	0	0	0	0	0	0	0	0	0	0	0	0	0	0	0	0	0	0	0	0	0	0	0
ASV_223	0	0	0	0	0	0	0	0	0	0	0	0	0	0	0	0	0	0	0	0	0	0	0	0	0	0	0	0	0	0	0	0	0	0	0	0	0	0	0	0	0	0	0	0	0	0	0	0.05215432379221566	0	0	0
ASV_224	0	0	0	0	0	0	0	0	0	0	0	0	0	0.014219564662558793	0	0	0	0	0	0	0	0	0	0	0	0	0	0	0	0	0	0	0	0	0	0	0	0	0	0	0	0	0	0	0	0.05964582353863031	0	0	0	0	0
ASV_225	0	0	0.007718230242417654	0	0	0	0	0	0	0	0	0	0	0	0	0	0	0	0	0	0	0	0	0	0	0	0	0	0	0	0	0	0	0	0	0	0	0	0	0	0	0	0	0	0	0	0	0.0030099954566106314	0	0	0.044962549729957994
ASV_226	0	0	0	0	0	0	0	0	0	0	0	0	0	0	0	0	0	0	0.030559490084985836	0	0	0	0	0	0	0	0	0	0	0	0	0	0	0	0	0	0	0	0	0	0	0	0	0	0	0	0	0	0	0	0
ASV_228	0	0	0	0	0	0	0	0	0	0	0	0	0	0	0	0	2.740727206285401e-4	0	0	0	0	0	0	0	0	0	0	0	0	0	0	0	0	0	0	0	0	0	0	0	0	0	0.005389706875590977	0	0	0.010876038238520609	0.0011781301833852641	0	0	0	0
ASV_229	0	0	0	0	0.07727773879923824	0	0	0	0	0	0	0	0	0	0	0	0	0	0	0	0	0	0	0	0	0	0	0	0	0	0	0	0	0	0	0	0	0	0	0	0	0	0	0	0	0	0	0	0	0	0
ASV_230	0	0	0	0	0	0	0	0	6.054643154469084e-4	0	0	0	0.001845660955564842	0	0.0028217273002116294	0	0	0	0	0	0	0	0	0	0	0.03720050441361917	0	0	0	0	0	0	0	0	0	0	0	0	0	0	0	0	0	0	0	0	0	0	0.00881017462217905	0	0
ASV_231	0	0	0	0	0	0	0	0	0	0	0	0	0	0	0	0	0	0	0	0	0	0	0	0	0	0	0	0	0	0	0	0	0	0	0	0	0	0	0	0	3.114264303718626e-4	0	0	0	0	0	0	0	0	0	0
ASV_232	0	0	0	0	0	0	0	0	0	0	0	0	0	0	0	0	0	0	0	0	0	0	0	0	0	0	0	0	0	0	0	0	0.04528754776134026	0	0	0	0	0	0	0	0	0	0	0	0	0	0	0	0	0	0
ASV_233	0	0	0	0	0	0	0	0	0	0	0	0	0	0	0	0	0	0	0	0	0	0	0	0	0	0.0032030264817150063	0	0.0021638330757341576	0	0.010209732124316468	0	0	0	0	0	0	0	0	0	0	0	0	0	0	0	0	0.002666294625556124	0	0	0	0
ASV_234	0	0	0	0	0	0	0	0	0	0	0	0	0	0	0	0	0	0	0	0	0	0	0	0	0	0	0	0	0	0	0	0	0	0.036913604232361424	0	0	0	0	0	0	0	0	0	0	0	0	0	0	0	0	0
ASV_235	0	0	0	0	0	0	0	0	0	0	0	0.02312520647505781	0	0	0	0	0	0	0	0	0	0	0.0037212975482512293	0	0	0	0	0	0	0	0	0	0	0	0	0	0	0	0	0	0	0	0	0	0	0	0	0	0	0	0
ASV_236	0	0	0	0	0	0	0	0.006923837784371909	0	0	0	0	0	0	0	0	0	0	0	0	0	0	8.375910880308234e-4	0	0	0	0	0	0	0	0	0	0	0	0	0	0	0	0	0	0.0029098907087870916	0	0	0	0	0	0.02672495310731836	0	0	0	0
ASV_237	0	0	0	0	0	0	0.010055521283158545	0	0	0	0	0	0	0	0	0	0	0	5.783758262511803e-4	0	0	0	0	0	0	0	0	0	0	0	0	0	0	0	0	0	0	0	0	0.009150727577179784	0	0	0	0	0	0	0	0	0	0	0
ASV_238	0	0	0	0	0	0	0	0	0	0	0	0	0	0	0	0	0	0	0	0	0	0	0.010757062687710145	0	0	0	0	0	0	0	0	0	0	0	0	0	0	0	0	0	0	0	0	0	0	0	0	0	0	0	0
ASV_242	0	0	0.026687683443852594	0	0	0	0	0	0	0	0	0	0	0	0	0	0	0	0	0	0	0	0	0	0	0	0	0	0.021567161242079576	0.026926005399044783	0	0	0	0	0	0	0	0	0	0	0	0	0	0	0	0.010593950791412005	0	0	0	0	0
ASV_243	0	0	0	0	0	0	0	0	0	0	0	0	0	0	0	0	0	0	0	0	0	0	0	0	0.05171357526397348	0	0	0	0	0	0	0	0	0	0	0	0	0	0	0	0	0	0	0	0	0	0	0	0	0	0
ASV_244	0.0012135922330097086	0	0	0	0	0	0	0	0	0	0	0	0	0	0	0	0	0	0	0	0	0	0	0	0	0	0	0	0	0	0.005475745667718869	0	0	0	0	0	0	0	0	0	0	0	0	0	0	0	0	0	0	0	0
ASV_246	0	0	0	0	0	0	0	0	0	0	0	0	0	0	0	0	0	0.04645821870290184	0	0	0	0	0	0	0	0	0	0	0	0	0	0	0	0	0	0	0	0.04249502982107356	0	0	0	0	0	0	0	0	0	0	0	0	0
ASV_248	0	0	0	0	0	0	0	0	0	0	0	0	0	8.021292886571627e-4	0	0	0	0	2.360717658168083e-5	0	0	0	0	3.409865878608775e-4	0	0	0.001692047377326565	0	0	0	0	0	0	3.5867469699460495e-4	0	0	0	0	0	0	0	0	0	0	0	7.208901426108761e-4	6.200685175711916e-5	9.465394517643495e-5	0	0	0
ASV_249	0	0	0	0	0	0	0	0	0	0	0	0	0	0	0	0	0	0	0	0	0	0	0	0	0	0	0	0	0	0	0	0	0	0	0	0.10588840559375146	0	0	0	0	0	0	0	0	0	0	0	0	0	0	0
ASV_252	0	0	0	0	0	0	0	0	0	0	0	0.008919722497522299	0	0	0	0	0	0	0	0	0	0	0.0036854007873356226	0	0	0	0	0	0	0	0	0	0	0	0	0	0	0	0	0	0.013683298784463714	0	0	0	0	0	0	0	0	0	0
ASV_253	0.0028317152103559872	0	0	0	0	0	0	0	0	0	0	0	0	0	0	0	0	0.013109734216884763	0	0	0	0	0	0.0044003507290618	0	0	0	0	0	0	0	0	0	0	0	0	0	0.009070576540755467	0	0	0	0	2.2963663379710927e-4	0	0	0	0	0	0	0	0
ASV_254	0	0	0	0	0	0	0	0	0	0	0	0	0.03426661094860008	0	0	0	0	0	0	0	0	0	0	0	0	0	0	0	0	0	0	0	0	0	0	0	0.07800896992868171	0	0	0	0	0	0	0	0	0	0.002371762079709808	0	0	0	0
ASV_255	0	0	0	0	0	0	0	0	0	0	0	0	0	0	0	0.0012437810945273632	0	0	0	0	0	0	0.0020580809591614515	0	0	0	0	0	0	0	0	0	0	0	0	0	0	0	0	0	0	0	0	0	0	0	0	0	0	0	0
ASV_256	2.6968716289104636e-4	0	0	0	0	0	0.00215916101172116	0	0	0	0	0	0	0	0	0	0	0	1.1803588290840415e-5	0	0	0	0	0	0	0	0	0	0	0	0	0	0	0	0	0	0	0	0	0	0	0	0	0	0	0	0	0	0	0	0
ASV_257	0	0	0	0	0	0	0	0	0	0	0	0	0.025804429586293354	0	0	0	0	0	0	0	0	0	0	0	0	0	0	0	0	0	0	0	0	0	0	0	0	0	0	0	0	0	0	0	0	0	0.00589065091692632	0	0	0	0
ASV_258	0	0	0	0	0	0	0	0	0	0	0	0	0	0	0	0	0	0	0	0	0	0	0	0	0	0	0	0	0	0	0	0	0	0	0	0	0	0	0	0	0	0	0	0	0	0	0	0	0	0.05569105691056911	0
ASV_259	0	0	0	0	0	0	0	0.01483679525222552	0	0	0	0.07201850016518005	0	0	6.852766300513958e-4	0	0	0	0	0	0	0	0.008974190228901679	0	0	0	0	0	0	0	0	0	0	0	0	0	0	0	0	0	0.0016155246075540374	0	0	0	0	0	6.200685175711916e-4	0	0	0	0
ASV_260	0	0	0	0	0	0	0	0	0	0	0	0	0	0	0.006852766300513957	0	0	0	0	0	0	0	0	0	0	0.0266078184110971	0	0	0	0	0	0	0	0	0	0	0	0	0	0	0	0	0	0	0	0	0	0	0.0026656425779926357	0	0
ASV_261	0	0	0	0	0	0	0	0	0	0	0	0	0	0	0	0	0	0	0	0	0	0	0	0	0	0	0	0	0	0	0	0	0	0	0	0.10032271643047566	0	0	0	0	0	0	0	0	0	0	0	0	0	0	0
ASV_262	0	0	0	0	0	0	0	0.009891196834817012	0	0	0	0	0	0.0020053232216429065	0	0	0	0	0	0	0	0	0	0	9.730080363256334e-4	0	0.0073747725313667275	0	0	0	0	0	0	0	0	0	0	0	0	0	0	0	0	0	0	0	0	0	0	0	0
ASV_263	0	0	0	0	0	0	0	0	0	0	0	0	0.022426521799693552	0	0	0	0	0	0	0	0	0	0	0	0	0	0	0	0	0	0	0	0	0	0	0	0.0035291522682155724	0	0	0	0	0	0	0	0	0	0	0	0	0	0
ASV_264	0	0	0	0	0	0	0	0	0	0	0	0	0	7.656688664454735e-4	0	0	0	2.870744719025861e-4	0	0	0	0	0	0	0	0	1.9155253328225267e-4	0	0	0	0	0	0	0	0	0	0	4.970178926441351e-4	0	0	0	0	0	0	0	0	0	0	0	0	0
ASV_265	0	0	0	0	0	0	0	0	0	0	0	0	0	0	0	0	0	0	0	0	0	0	0.006030655833821928	0	0	0	0	0	0	0	0	0	0	0	0	0	0	0	0	0	0.007522894708670306	0	0	0	0	0	7.285805081461501e-4	0	0	0	0
ASV_266	0	0	0	0	0	0	0	0	0	0	0	0	0	0	0	0	0	1.1961436329274419e-4	0.01478989612842304	0	0	0	0	0	0	0	0	0	0	0	0	0	0	0	0	0	0	0	0	0	0	0	0	0	0	0	0	0	0	0	0
ASV_267	0	0	0	0	0	0	0	0	0	0	0	0	0	0	0	0	0	0	0	0	0	0	0	0	0	0	0	0.013353941267387944	0	0	0	0	0.018075830312530617	0	0	0	0	0	0	0	0	0	0.007888693772794813	0	0	0	0	0	0	0	0
ASV_268	0	0	0	0	0	0	0	0	0	0	0	0	0	0	0	0	0	0	5.075542965061379e-4	0	0	0	0	0	0	0	0	0	0	0	0	0	0	0	0	0	0	0	0	0	0	0	0	0	0	0	0	0	0	0	0
ASV_269	0	0	0	0	0	0	0	0	0	0	0	0	0	0	0	0	0	0	0	0	0	0	0	0	0	0	0	0	0	0	0	0	0	0	0	0	0	0	0	0	0	0	0	0	0	0	0	0.015333939118582463	0	0	0
ASV_271	0	0	0	0	0	0	0	0	0	0	0	0	0	0	0	0	0	0	0	0	0.03926325247079964	0	0	0	0	0	0	0	0	0	0	0	0	0	0	0	0	0	0	0	0	0	0	0	0	0	0	0	0	0	0
ASV_272	0	0	0	0	0	0	5.55212831585441e-4	0	0	0	0	0	0	4.0106464432858134e-4	0	0	0	0	0.021140226628895184	0	0	0	0	0	0	0	0.001277016888548351	0	0	0	0	0.007564296520423601	0	0	0	0	0	0	0	0	0	0	0	0	3.649385306662409e-4	0	0	0	0	0	0
ASV_274	0	0	0	0	0	0	0	0	0	0	0	0	0	0	0	0	0	0	0	0	0	0	0	0	0	0	0	0	0	0	0	0	0	0	0	0	0	0	0	0	0	0	0	0	0	0	0.008463935264846765	0	0	0	0
ASV_275	0	0.003922530031870556	0	0	0	0	0	0	0	0	0	0	0	0.003317898421263718	0	0	0	0	0.0021482530689329554	0	0	0	0	0.004546487838145033	0	0	0	0	0	0	0	0.038577912254160365	0	0	0	0	0	0	0	0	0	0	0	0	0	0	0	0	0	0	0
ASV_276	0	0	7.609522774214588e-4	0.0030307474214205407	0	0	0	0	0	0	0	0	0	0	0	0	0	0	0	0	0	0.008604206500956023	0	0	0	0	0	0	0	0	0	0	0	0	0	0	0	0	0	0	0	0	0	3.808073115003808e-4	0	0	0	0	0	0	0
ASV_277	0	0	0	0	0	0	0	0	0	0	0	0	0	0.01979800926094724	0	0	0	0	0	0	0	0	0	0	0	0	0	0	0	0	0	0	0	0	0	0	0	0	0	0	0	0	0	0	0	0	0	0	0	0	0
ASV_278	0	0	0	0	0	0	0	0	0	0	0	0	0.0012188327065050842	0	0	0	0.026128266033254157	0	0	0	0	0	0	0	0	0.0019672131147540984	0	0	0	0	0	0	0	0.0034074096214487468	5.296142642775179e-4	0	0	0	0	0	0	0	0.0020667297041739837	0	0	0	0.004991551566448093	0	0	0	0
ASV_279	0	0	0.0034786389824980977	0	0	0	0	0	0	0	0	0	0	0	0	0	0	0	0	0	0	0	0	0	0	0	0	0	0	0.0011767148889042709	0	0	0	0	0	0	0	0	0	0	0	0	0	0	0	0	0	0	0	0	0
ASV_280	0	0	0	0	0	0	0.001418877236273905	0	0	0	0	0	0	0	0	0	0	0	0.02154154863078376	0	0	0	0	0	0	0	0	0	0	0	0	0	0	0	0	0	0	0	0	0	0	0	0	0	2.0527792349976052e-4	0	0	0	0	0	0
ASV_281	0	0	0	0	0	0	0	0	0	0	0	0	0	0	0	0	0	0	0	0	0	0	0	0	0	0	0.028541327459055646	0	0	0	0	0	0	0	0	0	0	0	0	0	0	0	0	0	0	0	0	0	0	0	0
ASV_283	0	0	0	0	0	5.024115755627009e-4	0	0	0	0	0	0	0	0	2.620175350196513e-4	0	0	0	0	0	0	0	0.00327857083029208	0	0	0	0	0	0	0	0	0	0	0	0	0	0	0	0	0	0	0	0	0	0	0	0	0	0	0	0
ASV_284	0	0	0.010055440808783563	0	0	0	0	0	0	0	0	0	0	0	0	0	0	0	0	0	0	0	0	0	0	0	0	0	0.008697705537408005	0.005364435522945941	0	0	0	0.0025406124370451182	0	0	0	0	0	0	0	0	0	0	0	0	0	0	0	0	0
ASV_286	0	0	0	0	0	0	0	0	0	0	0	0.014205483977535514	0	0	0	0	0	0	0	0	0	0	2.0341497852177138e-4	0	0	0	0	0	0	0	0	0	0	0	0	0	0	0	0	0	0.004379434177104318	0	0	0	0	0	0.003565393976034352	0	0	0	0
ASV_287	0	0	0.00587020328296554	0	0	0	0	0	0	0	0	0	0	0	0	0	0	0	0	0	0	0	0	6.170233494625401e-4	0	0	0	0	0	0	0	0	0	0	0	0	0	0	0	0	0	0	0	0	0	0	0	0	0	0	0.039317227124219326
ASV_288	0	0	0.01663224263506903	0	0	0	0	0	0	0	0	0	0	0	0	0	0	0	0	0	0	0	0	0	0	0.001034047919293821	0	0	0.03447597308040458	0.003980065065411504	0	0	0	0	0	0	0	0	0	0	0	0	0	0	0	0.0034477354646607113	0	0	0	0	0
ASV_289	0	0	0	0	0	0	0	0	0	0	0	0	0	0	0.004655850045349188	0	0	0	0	0	0	0	0.007107558661290129	0	0	0	0	0	0	0	0	0	0	0	0	0	0	0	0	0	0.001128920810098002	0	0	0	0	0	0	0	0	0	0
ASV_290	0.002696871628910464	0	0	0	0	0	0	0	0	0	0	0	0	0	0	0	0	0	0	0	0	0	0	0	0	0	0	0	0	0	0	0.1059001512859304	0	0	0	0	0	0	0	0	0	0	0	0	0	0	0	0	0	0	0
ASV_292	0	0	0	0	0	0	0	0	0	0	0	0	0	0	0	0	0	0	0	0	0	0	0	0	0	0	0	0	0	0	0	0	0	0	0	0	0	0	0	0	0	0	0	0	0	0	0	0	0	0.03384146341463415	0
ASV_293	0	0	0	0	0	0	0	0	0	0	0	0	0	0	0	0	0	0	0	0	0	0	0	0	0.0014054560524703592	0	0	0	0	0	0	0	0	0	0	0	0	0	0	0	0	0	0	0	0	0	0	0	0	0	0
ASV_294	0	0	0	0	0	0	0	0	0	0	0	0	0	0	0	0	0	0	0	0	0	0	0	0	0	0	0	0	0	0	0	0	0	0	0	0	0	0	0	0.0159901889106389	0	0	0	0	0	0	0.0013486490257173418	0	0	0	0
ASV_295	0	0.019367492032360874	0	0	0	0	0	0	0	0	0	0	0	0	0	0	0	0	0.0067634560906515585	0	0	0	0	0	0	0	0	0	0	0	0	0	0	0	0	0	0	0	0	0	0	0	0	0	0	0	0	0	0	0	0
ASV_296	0	0	0	0	0	0	0	0	0	0	0	0	0	0	0	0	0	0	0	0	0.011949685534591196	0	0	0	0	0	0	0	0	0.0020765556863016543	0	0	0	0	0	0	0	0	0	0	0	0	0	0	0	0	0	0	0	0	0
ASV_297	0	0	0	0	0	0	0	0.00791295746785361	0	0	0	6.607201850016518e-4	0	4.7398548875195976e-4	0	0	0	0	0	0	0	0	6.700728704246586e-4	0	2.882986774298173e-4	0	5.108067554193404e-4	0	0	0	0	0	0	0	0	0	0	0	0	0	0.006209064455539011	0	0	0	0	0	0.0016741849974422174	0	0	5.081300813008131e-4	0
ASV_299	0	0	0	0	0	0.002612540192926045	0	0	4.288705567748934e-4	0	0	0	1.0447137484329294e-4	0.0012761147774091224	0	0	0.017129545039283756	0	0	0	0	0	0	0	0	0	0	3.091190108191654e-4	0.0019284505490180645	0	0	0	0	0.005245617443546098	0	4.677049717038492e-4	0	0	0	3.5376524138581636e-4	0	5.027652086475615e-4	0	0.001904036557501904	0	0.0069268139790001565	0	0	0	0	0
ASV_300	0	0	0	0	0	0	0.002590993214065392	0	0	0	0	0	0	0	0	0	0	0	0.020313975448536355	0	0	0	0	0	0	0	0	0	0	0	0	0	0	0	0	0	0	0	0	0	0	0	0	0	0	0	0	0	0	0	0
ASV_301	0	0	0	0	0	0	0	0	0	0	0	0	0	0	0	0	0	0	0.01585221907459868	0	0	0	0	0	0	0	0	0	0	0	0	0	0	0	0	0	0	0	0	0	0	0	0	0	0	0	0	0	0	0	0
ASV_303	0	0	0	0	0	0	0	0	0	0	0	0	0	0	0	0	0	0	0	0	0	0	0	0	0	0	0	0	0	0	0	0	0	0	0	0	0	0	0	0	0	0	0	0	0	0	0	0.03396183552930486	0	0	0
ASV_305	0	0	0	0	0	0	0.005490438001233807	0	0	0	0	0	0	0.0014219564662558792	0	0	0	0	0.011307837582625118	0	0	0	0	0	0	0	0.0014047185774031861	0	0	0	0	0.01588502269288956	0	0	0	0	0	0	0	0	0	0	0	0	0.0011404329083320027	0	0	0	0	0	0
ASV_306	0	0.009316008825692572	0	0	0	2.3445873526259378e-4	0	0	0	0	0	0.011562603237528906	0	0	0.0010883805300816285	0	0	0	0	0	0	0	2.8717408732485374e-4	0	3.6037334678727163e-4	0	0	0	0	0	0	0	0	0	0	0	0	0	0	0	5.547283290998803e-4	0	0	0	0	0	0	0	0	0	0
ASV_307	0	0	0	0	0	0	0	0	0	0	0	0	0	0	0	0	0	0.008133776703906605	0	0	0	0	0	0	0	0	0	0	0	0	0	0	0	0	0	0	0	0.006958250497017893	0	0	0	0	0	0	0	0	0	0	0	0	0
ASV_308	0	0	0	0.026690130517671214	0	0	0	0	0	0	0	0	0	0	0	0	3.654302941713868e-4	0	0	0	0	0	0	0	0	0.024262295081967214	0	0	0	0	0	0	0	0	0	0	0	0	0	0	0	0	6.213697149804134e-4	0	0	0	0	0	0	0	0
ASV_310	0	0	0	3.4218116048296426e-4	0.015468911830543584	0	0	0	0	0	0	0	0	0	0	0	0	0	0	0	0	0	0	0	0	0	0	0	0	0	0	0	0	0	0	0	0	0	0	0	0	0	0	0	0	0	0.006324698879226155	0	0	0	0
ASV_311	0	0	0	0	0	0	0	0	0	0	0	0	0	0	0	0	0	0	0	0	0	0	0.009488710468692041	0	0	0	0	0	0	0	0	0	0	0	0	0	0	0	0	0	0	0	0	0	0	0	0	0	0	0	0
ASV_312	0	0	0	0	0	0	0.009561998766193708	0	0	0	0	0	0	5.104459109636489e-4	0	0	0	0	0.014187913125590179	0	0	0	0	0	0	0	3.1925422213708774e-4	0	0	0	0	0	0	0	0	0	0	0	0	0	0	0	0	0	0.0010491982756654426	0	0	0	0	0	0
ASV_313	0	0	0	0	0	0	0	0	0	0	0	0	0	0	0	0	0	0	0	0	0	0	0	0	0	0	0	0	0	0	0	0	0.04183403546585677	0	0	0	0	0	0	0	0	0	0	0	0	0	0	0	0	0	0
ASV_314	0	0	0	0	0	0	0	0	0	0	0	0	0	0	0	0	0	0	0	0	0	0	0	0	0.011279685754441602	0	0	0	0	0	0	0	0	0	0	0	0	0	0	0	2.9196227847362122e-5	0	0	0	0	0	0	0	0	0	0
ASV_315	0	0	0	0	0	0	0.015114127082048118	0	0	0	0	0	0	5.833667553870273e-4	0	0	0	0	0.0015580736543909348	0	0	0	0	0	0	0	0	0	0	0	0	0	0	0	0	0	0	0	0	0	0	0	0	0	0	0	0	0	0	0	0
ASV_316	0	0	0	0	0	0	3.701418877236274e-4	0	0	0	0	0	0	0	0	0	0	0	0.0040250236071765816	0	0	0	0	0	0.0017297920645789038	0	0.022890527727229194	0	0	0	0	0	0	0	0	0	0	0	0	0	0	0	0	0	6.614510868325616e-4	0	0	0	0	0	0
ASV_317	0	0	0	0	0	0	0	0	0	0	0	0	0	0	0	0	0	0	0	0	0	0	0	0	0	0	0	0.002720247295208655	0	0	0	0	8.327618301165867e-4	0	0	2.806229830223095e-4	0	0	0	0	0	0	0	0	0	0	0	0	0	0	0
ASV_321	0	0	0	0	0	0	0	0	0	0	0	0	0	0	0.010601632570795123	0	0	0	0	0	0	0	0.004905890658466251	0	0	0	0	0	0	0	0	0	0	0	0	0	0	0	0	0	0	0	0	0	0	0	0	0	0	0	0
ASV_323	0	0	0.025709316230025002	0	0	0	0	0	0	0	0	0	0	0	0	0	0	0	0	0	0	0	0	0	0	0	0	0	0.015978590263292534	0.005675918875891189	0	0	0	2.092269065801862e-4	0	0	0	0	0	0	0	0	0	0	0	0	0	0	0	0	0
ASV_324	0	0	0	0.08036368969057046	0	0	0	0	0	0	0	0	0	0	0	0	0	0	0	0	0	0	0	0	0	0	0	0	0	0	0	0	0	0	0	0	0	0	0	0	0	0	0	0	0	0	0	0	0	0	0
ASV_325	0	0	0	0	0	0	0	0	0	0	0	0	0	0	0.010339615035775471	0	0	0	0	0	0	0	0	0	0	0	0	0	0	0	0	0	0	0	0	0	0	0	0	0	0	0	0	0	0	0	0	0	0	0	0
ASV_327	0	0	0	0	0	0	0	0	0	0	0	0	0	0	0	0	0	0	0	0	0	0	0	0	0.004612778838877077	0	0	0	0	0	0	0	0	0	0	0	0	0	0	0	0	0	0	0	0	0	0	0	0	0	0
ASV_328	0.009978425026968716	0	0	0	0	0	0	0	0	0	0	0	0	0	0	0	0	0.024855864692232242	0	0	0	0	0	0	0	0	0	0	0	0	0	0	0	0	0	0	0	0.021371769383697812	0	0	0	0	0	0	0	0	0	0	0	0	0
ASV_329	0	0	0	0	0	0	0	0.004945598417408506	0	0	0	0	0	0	0	0	0	0	0	0	0	0	0.003541813743673196	0	0	0	0	0	0	0	0	0	0	0	0	0	0	0	0	0	0.0015668642278084339	0	0	0	0	0	0	0	0	0	0
ASV_331	0	0	0	0	0	0	0	0	0	0	0	0	0	0	0	0	0	0	0	0	0	0	0	0	0	0	0	0	0	0	0	0	0	0	0	0	0	0	0	0	0	0	0	0	0	0.0485817270020373	0	0	0	0	0
ASV_332	0	0	0	0	0	0	0	0	0	0	0	0	0	0	0	0	0	0	0	0	0	0	0	0	0	0	0	0	0	0.0017304630719180453	0	0	0	0	0	0	0	0	0	0	0	0	0	0	0	0	0	0	0	0	0
ASV_333	0	0	0	0	0	0	0	0	0.0026993617397007997	0	0	0	0	0	0	0	0	0	0	0	0	0	0	0	0	0	0	0	0	0	0	0	0	0	0	0	0	0	0	0.002900874979363694	0	0	0	0	0	0.0010029775897194798	0	0	0	0	0
ASV_334	0	0	0	0	0	0.0011053054662379421	0	0	0	0	0	0	0	0	0	0	0	0	0	0	0	0	0	0	0	0	0	0	0	0	0	0	0	0	0	0.0012628034236003929	0	0	0	0.005990424754133157	0	0	0	0	0	0	0	0.022167953960321066	0	0	0
ASV_336	0	0	0	0	0	2.3445873526259378e-4	0	0	0	0	0	0	0	0	0	0	0	0	0	0	0	0	0	0	0	0	0	0	0	0	0	0	0	0	0	0	0	0	0	0	0	0	0	0	0	0	0	0	0	0	0
ASV_337	0	0	0	0	0	0	0	0	0	0	0	0	0	0	0	0	0	0	0	0	0	0	0	0	0	0	0	0	0	0	0	0	0	0	0	0	0.10330122785089332	0	0	0	0	0	0	0	0	0	0.002371762079709808	0	0	0	0
ASV_339	0	0	0	0	0	0	0	0	0	0	0	0	0	0	0	0	0	0	0	0	0	0	0	0	0	0	0	0	1.5742453461371956e-4	0	0	0	0	0	0	0	0	0	0	0	0	0	0	0	0	0	0	0	0	0	0
ASV_342	0	0	0	0	0	0	0	0	0	0	0	0	0	0	0	0	0	0	0	0	0	0	0	0	0	0	0	0	0	0	0	0	1.224649750171451e-4	0	0	0	0	0	0	0	0	0	0	0	2.9651255616632076e-4	0	0	0	0	0	0
ASV_344	0	0	0	0	0	0	0	0	0	0	0	0	0	0	0	0	0	0	0	0	0	0	0	0	0	0	0	0	0.007359596993191389	0	0	0	0	0	0	0	0	0	0	0	0	0	0	0	0	0	0	0	0	0	0
ASV_345	0	0	0	0	0.043934382412882965	0	0	0	1.513660788617271e-4	0	0	0	0	0	0	0	0	0	0	0	0	0	0	0	0	0	0	0	0	0	0	0	0	0	0	0	0	0	0	0	0	0	0	0	0	0	0	0	0	0	0
ASV_347	0	0	0	0	0	0	0	0	0	0	0	0	0	0	0	0	9.135757354284671e-4	0	0	0	0	0	0	0	0	0	0	0	0.0036601204297689793	0	0	0	0	0	0	0	0	0	0	3.7734959081153746e-4	0	0.005404725992961287	0	0	0	0	0	0	0	0.009044715447154471	0
ASV_348	0	0	0	0	0	0	0	0	0	0	0	0	0	0	4.434142900332561e-4	0	0	0	0	0	0	0	0	0	0	0	0	0	0	0	0	0	0	0	0	0	0	0	0	0	0	0	0.002674591381872214	0	0	0	0	0	0	0	0
ASV_349	0	0.008090218190733023	0	0	0	0	0	0	0	0	0	0	0	0	0	0	0	0	0	0	0	0	0	0	0	0	0	0	0	0	0	0	0	0	0	0	0	0	0	0	0	0	0	0	0	0	0	0	0	0	0
ASV_350	0	0.005638636920813925	0	0	0	0	0	0	0	0	0	0	0	0	0	0	0.003471587794628175	0	0	0	0	0	0	0	0	0.0012610340479192938	0	0	0	0	0	0	0	0	0	0.05327159627706843	0	0	0	0	0	0	0	0	0	0	0	0	0	0	0
ASV_353	0	0	7.065985433199261e-4	0	2.0046106043900973e-4	0	0	0	0	0.0035016049022468633	0	0	0	0.0014584168884675685	2.2170714501662804e-4	0	0	9.569149063419536e-5	0	0.0028689831048772712	0	0	0	0	2.1622400807236298e-4	2.01765447667087e-4	0	0	8.264788067220277e-4	0	0	0	0	3.885642550774887e-4	0	0	0	0	0	0	0	0	0.003458057544238822	3.808073115003808e-4	0	0	0	0	4.0662344410057153e-4	3.048780487804878e-4	0
ASV_355	0	0	0.008370475051636047	0	0	0	0	0	0	0	0	0	0	0	0	0	0.0035629453681710215	0	0	0	0	0	0	0	0	0.01407313997477932	0	0	0.006651186587429651	0.004256939156918391	0	0	0	0	0	0	0	0	0	0	0	0	0	0	5.017904796660813e-4	0	0	0	0	0	0
ASV_357	0	0	0	0	0	0	0	0	0	0	0	0	0	0	0	0	0	0	0	0	0	0	0	0	0	0	0	0	0	0	4.5094376087096566e-4	0	0	0	0	0	0	0	0	0	0	0	0	0	0	0	0	0	0	0	0
ASV_358	0	0	0	0	0	0	0.005552128315854411	0	0	0	0	0	0	0	0	0	0	0	0	0	0	0	0	0	0	0	0	0	0	0	0	0	0	0	0	0	0	0	0	0	0	0	0	0	0	0	0	0	0	0	0
ASV_359	0	0.049767099779357685	0	0	0	0	6.785934608266502e-4	0	5.550089558263326e-4	0	0	0	0	0	0	0	0	0	0.002195467422096317	0	0	0	0	0.0012827590686194915	0	0	0.001851674488395109	0	0	0	0	0	0	0	0	0	0	0	0	6.367774344944694e-4	0	0	0	0	3.193212143329608e-4	0	0	0	0	0	0
ASV_360	0	0	0	0	0	0	0	0	0	0	0	0	0	0	0	0	0	0	0	0	0	0	0	0	0	0	0	0	0	0	0	0	0	0	0	0	0	0	0	0	0	0	0	0	0	0	7.750856469639895e-5	0	0	0	0
ASV_361	0	0	0	0	0	0	0	0	0	0	0	0	0	5.469063331753381e-4	0	0	0	0	0.004674220963172804	0	0	0	0	0	0	0	0.002554033777096702	0	0	0	0	0.0037821482602118004	0	0	0	0	0	0	0	0	0	0	0	0	0	0	0	0	0	0	0
ASV_363	0	0	0	0	0	0	0	0	0	0.07236650131310184	0	0	0	0	0	0	0.038644253608624154	0	0	0	0	0	0	0	0	0	0	0	0	0	0	0	0	0	0	0	0	0	0	0	0	0.029914529914529916	0	0	0	0	0.0015191678680494195	0	0	0	0
ASV_364	0	0	0	0	0	0	0	0	0	0	0	0	0	0	0	0	0	0	0	0	0	0	0	0	0	0	0.0023305558216007408	0	0	0	0	0	0	0	0	0	0	0	0	0	0	0	0	0	0	0	0	0	0	0	0
ASV_366	0	0	0	0	0	0	0	0	0	0	0	0	0	0	0	0	0	0	0	0	0	0	0	0	0	0	0	0	0	0	0	0	0	0	0	0	0	0	0	0	0	0	0	0	0	0	0	0	0.001942756455147175	0	0
ASV_367	0	0	0	0	0	0	0.00431832202344232	0	0	0	0	0	0	0	0	0	0	0	9.442870632672333e-4	0	0	0	0	0	0	0	3.5117964435079654e-4	0	0	0	0	0.01059001512859304	0	0	0	0	0	0	0	0	0	0	0	0	0.002463335081997126	0	0	0	0	0	0
ASV_368	0	0	0	3.9106418340910203e-4	0	0	0	0	0	0	0	0	0	0	0	0	0	0	0	0	0	0	0	0	0	0.025598991172761664	0	0.0014837712519319938	0	0	0	0	0	0	0	0	0	0	0	0	0	0	5.673375658516817e-4	0	0	0	0	0	0	0	0
ASV_369	0	0	0	0	0	0	0	0	0	0	0	0.009910802775024777	0	6.198271775987166e-4	0	0	0	0	0	0	0	0	0.001136730762327546	0	0	0	0	0	0	0	0	0	0	0	0	0	0	0	0	0	0.0019464151898241414	0	0	0	0	0	0.001410655877474461	0	0	0	0
ASV_370	0	0	0	0	0	0	0	0	0	0	0	0	0	0	0	0	0	0	0	0	0	0	0	0	0	0.03064312736443884	0	0	0	0	0	0	0	0	0	0	0	0	0	0	0	0	0	0	0	0	0	0	0	0	0
ASV_372	0	0	0	0	0	0	0	0	0	0	0	0	0	0	0	0	0	0	0	0	0	0	0	0	0	0.03417402269861286	0	0	0	0	0	0	0	0	0	0	0	0	0	0	0	0	0	0	0	0	0	0	0	0	0
ASV_375	0	0	0	0	0	0	0	0	0	0	0	0	0	0	0	0	0	0	0.015734183191690274	0	0	0	0	0	0	0	0	0	0	0	0	0	0	0	0	0	0	0	0	0	0	0	0	0	0	0	0	0	0	0	0
ASV_376	0	0	0	0	0	0	0	0	0	0	0	0	0	0.024319101615196705	0	0	0	0	0	0	0	0	0	0	0	0	0	0	0	0	0	0	0	0	0	0	0	0	0	0	0	0	0	0	0	0	0	0	0	0	0
ASV_377	0	0	0	0	0	0	0	0	0	0	0	0	0	0	0	0	0	0	0.015663361661945232	0	0	0	0	0	0	0	0	0	0	0	0	0	0	0	0	0	0	0	0	0	0	0	0	0	0	0	0	0	0	0	0
ASV_378	0	0	0	0	0	0	0	0	0	0	0	0	0	0	0	0	0	0	0.013857412653446647	0	0	0	0	0	0	0	0	0	0	0	0	0	0	0	0	0	0	0	0	0	0	0	0	0	0	0	0	0	0	0	0
ASV_379	0.002157497303128371	0	0	0	0	0	0	0	0	0	0	0	0	6.927480220220951e-4	0	0	0	0.018229228965814213	0	0	0	0	0	0	0	0	0	0	0	0	0	0	0	0	0	0	0	0.024105367793240556	0	0	0	0	0	0	0	0	0	0	0	0	0
ASV_380	0	0	0	0	0	0	0	0	1.513660788617271e-4	0	0	0	0	0	0	0	0	0	0	0	0	0	0	0	0	0	0	0	0	0	0	0	0	0	0	0	0	0	0	0	0	0	0	0	0	0	0	0	0	0	0
ASV_383	0	0	0	0	0	0	0	0	0.03236711319659931	0	0	0	0	0	0	0	0	0	0	0	0	0	0	0	0	0	0	0	0	0	0	0	0	0	0	0	0	0	0	0	0	0	0	0	0	0	0	0	0	0	0
ASV_385	0	0	0	0	0	0	0	0	0	0	0	0	0	0	0	0	0	0	0.002868271954674221	0	0	0	0	0	0	0	0.005491172620757909	0	0	0	0	0	0	0	0	0	0	0	0	0	0	0	0	0	0.001254476199165203	0	0	0	0	0	0
ASV_386	0	0	0	0	0	0	0	0	0	0	0	0.003303600925008259	0	3.281437999052029e-4	0	0	0	0	0	0	0	0	0.0057674129204408125	0	4.3244801614472595e-4	0	0	0	0	0	0	0	0	0	0	0	0	0	0	0	8.174943797261394e-4	0	0	0	0	0	0	0	0	0	0
ASV_387	0	0	3.2612240460919666e-4	0.034511414185853254	0	0	0	0	0	0	0	0	0	0	0	0	0	0	0	0	0	0	0	0	0	3.7831021437578815e-4	0	3.091190108191654e-4	0	0	0	0	0	0	0	0	0	0	0	0.004339520294332681	0	0	0.002931244090233689	0	0	0	0	0	0	0	0
ASV_388	0	0	0	0	0	0	0	0	0.0016397991876687102	0	0	0	0	0	0	0	0	0	0.003800755429650614	0	0	0	0	0	0	0	0	0	0	0	0	0	0	0	0	0	0	0	0	0	0	0	0	0	0	0	0	0	0	0	0
ASV_390	0	0	0	0	0	0	0	0	0	0	0	0	0	0.02311590768221096	0	0	0	0	0	0	0	0	0	0	0	0	0	0	0	0	0	0	0	0	0	0	0	0	0	0	0	0	0	0	0	0	0	0	0	0	0
ASV_391	0	0	0	0	0	0	0	0	0	0	0	0	0	0	0	0	0	0	0	0	0	0	0	0	0	0	0	0	0	0	0	0	0	0	0	0	0	0	0	0	0	0	0	0.006188118811881188	0	0	0	0	0	0	0
ASV_393	0	0	0	0	0	0	0	0	0	0	0	0	0	0	0	0	0	2.392287265854884e-5	0	0	0	0	0	2.4356184847205533e-4	0	0	3.1925422213708774e-4	0	0	0	0	0	0	0	0	0	0	0	0.004756180421261694	0.0025471097379778777	0	0	0	0	0	0	0.0010851199057495854	2.8396183552930487e-4	0	0	0
ASV_395	0	0	0	0	0	0	0	0	0	0	0	0	0	0	0	0	0	0	0	0	0	0	0	0	0	0	0	0	0	0	0	0	0	0	1.5888427928325535e-4	0	0	0	0	0	0	0	0	0	0	0	0	0	0	0	0
ASV_396	0	0	0	0	0	0	0	0	0.010620853200131184	0	0	0	0	0	0	0	0	0	0	0	0	0	0	0	0	0	0	0	0	0	0	0	0	0	0	0	0	0	0	0	0	0	0	0	0	0	0	0	0	0	0
ASV_398	0	0	0	0	0	0	0	0	0	0	0	0.003303600925008259	0	0	0	0	0	0	0	0	0	0	0.0037093319612793605	0	0	0	0	0	0	0	0	0	0	0	0	0	0	0	0	0	0.002929354860685333	0	0	0	0	0	4.960548140569533e-4	0	0	0	0
ASV_399	0	0	0	0	0	0	0	0	0	0	0	0	0	0	0	0	0	0	4.013220018885741e-4	0	0	0	0	0	0	0	0.01225936213006417	0	0	0	0	0	0	0	0	0	0.029850746268656716	0	0.008623843620969006	0	0	0	0	0	0	0	0	0	0	0	0
ASV_401	0	0	0.0129361887161648	0	0	0	0	0	0	0	0	0	0	0	0	0	0	0	0	0	0	0	0	0	0	0	0	0	0.013577866110433311	0.0038762372810964216	0	0	0	1.494477904144187e-4	0	0	0	0	0	0	0	0	0	0	0	0	0	0	0	0	0
ASV_402	0	0	0.00940319599956517	0	0	0	0	0	0	0	0	0	0	0	0	0	0	0	0	0	0	0	0	0	0	0	0	0	0.02428273446416624	0.002907177960822316	0	0	0	0	0	0	0	0	0	0	0	0	0	0	0	0.001065663689076947	0	0	0	0	0
ASV_403	0	0	0	0	0	0	0	0	0	0	0	0	0.004178854993731718	0	0	0	0	0	0	0	0	0	0	0	0	0	0	0	0	0	0	0	0	0	0	0	0.051319755900301446	0	0	0	0	0	0	0	0	0	0	0	0	0	0
ASV_404	0	0.008825692571708753	0	0	0	0	0	0	0	0	0	0	0	0	0	0	0	0	0	0	0	0	0	0	0	0.028272383354350568	0	0	0	0	0	0	0	0	0	0	0	0	0	0	0	0	0	0	0	0	0	0	0	0	0
ASV_405	0	0	0	0	0	0	0	0	0	0	0	0	0	0	0	0	0	0	0	0	0	0	0	0	0	0	0	0	0	0	0	0	0	0	0	0	0	0	0	0	0	0	0	0.11614623000761615	0	0	0	0	0	0	0
ASV_406	0	0	0	0	0	0	0	0.003956478733926805	0	0	0	0	0	0	0	0	0	0	0	0	0	0	0.004128127505294772	0	0	0	0	0	0	0	0	0	0	0	0	0	0	0	0	0	0.00261792843031347	0	0	0	0	0	2.3252569408919684e-4	0	0	0	0
ASV_407	0	0	0	0	0	0	0	0	0	0	0	0	0	0	0	0	0	0	0	0	0	0	0	0.0018835449615172278	0	0.0013366960907944514	0	0	0	0	0	0	0.02219065347310669	0	0	0	0	0	0	0	0	0	0.0013913278400648386	0	0	0	0	0	0	0	0
ASV_409	0	0	0	0	0	0.039154608788853164	0	0	0	0	0	0	0	0	0	0	0	0	0	0	0	0	0	0	0	0	0	0	0	0	0	0	0	0	0	0	0	0	0	0	0	0	0	0	0	0	0	0	0	0	1.7780543640121796e-4
ASV_410	0	0	0	0	0	0	0	0	0	0	0	0	0	0	0	0	0	0	0	0	0	0	0	0	0	0.027742749054224466	0	0	0	0	0	0	0	0	0	0	0	0	0	0	0	0	0	0	0	0	0	0	0	0	0
ASV_412	0	0	0	0	0	0	0	0	0.001160473271273241	0	0	0	0	0	0	0	0	0	0	0	0	0	0	0	0	0	0	0	0	0	0	0	0	0	0	0	0	0	0	0	0	0	0	0	0	0	0	0	0	0	0
ASV_413	0	0	0	0	0	0	0	0.03758654797230465	0	0	0	0.008589362405021473	0	0	0	0	0	0	0	0	0	0	0.003230708482404604	0	0	0	0	0	0	0	0	0	0	0	0	0	0	0	0	0	0.0017809698986890894	0	0	0	0	0	5.270582399355129e-4	0	0	0	0
ASV_417	5.393743257820927e-4	0	0	0	0	0	8.636644046884639e-4	0	0	0	0	0	0	0	0	0	0	0	0.0033994334277620396	0	0	0	0	0	0	0	0	0	0	0	0	0.057488653555219364	0	0	0	0	0	0	0	0	0	0	0	0	3.421298724996008e-4	0	0	0	0	0	0
ASV_418	0	0	0.004674421132731818	0	0	0	0	0	0	0	0	0	0	0	0	0	0	0	0	0	0	0	0	0	0	0	0	0	0	0	0	0	0	0	0	0	0	0	0	0	0	0	0	0	0	0	0	0	0	0	0.0227590958593559
ASV_419	0	0	0	0	0	0	0	0	0	0	0	0.004955401387512388	0	0	0	0	0	0	0	0	0	0	0.002393117394373781	0	0	0	0	0	0	0	0	0	0	0	0	0	0	0	0	0	0.0018101661265364514	0	0	0	0	0	0	0	0	0	0
ASV_420	0	0	0	0	0	0	0.011227637260950031	0	0	0	0	0	0	2.1876253327013527e-4	0	0	0	0	1.0623229461756374e-4	0.0018329614281160345	0	0	0	0	0	2.5220680958385876e-4	0	0	0	0	5.797848354055273e-4	0	6.368178700891545e-4	0	0	0	0	0	1.306642972874092e-4	0	0	0.0013826043237807944	0	0	7.526857194991219e-4	3.7611659614480487e-4	0	9.465394517643495e-5	0	0.005386178861788618	0
ASV_421	0	0	0	0	0	0	0	0	0	0	0	0.008259002312520648	0	0	0.0024387785951829086	0	0	0	0	0	0	0	5.145202397903629e-4	0	0	0	1.277016888548351e-4	0	0	0	0	0	0	0	0	0	0	0	0	0	7.396377721331737e-4	0	0	0	0	0	0	0	0	0	0
ASV_422	0	0	0	0	0	0	0	0	0	0	0	0	0	0	0	0	0	0	0.003918791312559018	0	0	0	0	0	0	0	0	0	0	0	0	0	0	0	0	0	0	0	0	0	0	0	0	0	0	0	0	0	0	0	0
ASV_423	0	0	0	0	0	0	0	0	0	0	0	0	0	0	0	0	0	0	0	0	0	0	0	0	0	0	0.0011173897774798072	0	0	0	0	0	0	0	0	0	0	0	0	0	0	0	0	0	0	0	0	0	0	0	0
ASV_425	0	0	0	0	0	0	0	0	0.011983147909886728	0	0	0	0	0	0	0	0	0	0	0	0	0	0	0	0	0	0	0	0	0	0	0	0	0	0	0.028530003273934804	0	0	0	0	0	0	0	0	0	0	0	0	0	0	0
ASV_426	0	0	0	0	0	0	0	0	0	0	0	0.006276841757515692	0	0	0	0	0	0	0	0	0	0	0.001902528328527156	0	0	0	0	0	0	0	0	0	0	0	0	0	0	0	0	0	0.0033964945062431267	0	0	0	0	0	0	0	0	0	0
ASV_430	0	0	0	0	0	0	0	0	0	0	0	0	0	0	0	0	0	0	0	0	0	0	0	0	0	0	0	0	0.04124522806879452	0	0	0	0	0	0	0	0	0	0	0	0	0	0	0	0	0	0	0	0	0	0
ASV_432	0	0	0.0022828568322643765	0	0	1.6747052518756699e-4	0	0	0	0	0	0	0	0	0.0012899324800967448	0	0	0	0	0.009244501115715651	0	0	0	0	0	0.0010592686002522068	0	0	0	5.537481830137744e-4	9.018875217419313e-4	0	0	0.003287851389117212	1.0592285285550358e-4	0	0	0	0	0	0	0	0	0	0	0	0	0	0	0	0
ASV_433	0	0	0	0	0	0	0	0	0	0	0	0	0	0.0010938126663506762	0	0	0	0	0	0	0	0	0	0	0	0	0	0	0	0	0	0.036308623298033284	0	0	0	0	0	0	0	0	0	0	0	0	0	0	0	0	0	0	0
ASV_434	0	0	0	0	0	0	0	0	0	0	0	0	0	0	0	0	0	0	0	0	0	0	0	0	0	0	0	0	0	0	0	0	0	0	0	0	0	0	0	0	0	0	0	0	0	0.032502742516846886	0	0	0	0	0
ASV_435	0	0	0	0	0	0	0	0	0	0	0	0.004294681202510736	0	0	0	0	0	0	0	0	0	0	0.0018187692197240736	0	0	0	2.87328799923379e-4	0	0	0	0	0	0	0	0	0	0	0	0	0	0.0020437359493153486	0	0	0	0	0	0	0	0	0	0
ASV_436	0	0	0	0	0	0	0	0.009891196834817012	0	0	0	0.003633961017509085	0	0	0.0016930363801269778	0	0	0	0	0	0	0	7.777631531714789e-4	0	6.847093588958161e-4	0	5.108067554193404e-4	0	0	0	0	0	0	0	0	0	0	0	0	0	0.002228645392348642	0	0	0	0	0	3.410376846641554e-4	0	0	0	0
ASV_437	0	0	0	0	0	0	0	0	0	0	0	0	0	0.023371130637692784	0	0	0	0	0	0	0	0	0	0	0	0	0	0	0	0	0	0	0	0	0	0	0	0	0	0	0	0	0	0	0	0	0	0	0	0	0
ASV_439	0	0	0	0	0	0	0	0	0	0	0	0.0023125206475057814	0	0	0	0	0	0	0	0	0	0	0.004858028310578776	0	0	0	0	0	0	0	0	0	0	0	0	0	0	0	0	0	3.2115850632098334e-4	0	0	0	0	0	0	0	0	0	0
ASV_440	0	0	0	0	0	0	0	0	0	0	0	0	0	0	0	0	0	0	0	0	0	0	0	0	0	0	0	0	0	0	0	0	0	0	0.017689116426869097	0	0	0	0	0	0	0	0	0	0	0	0	0	0	0	0
ASV_441	0	0	0	0	0	0	0	0.004945598417408506	0	0	0	0.003964321110009911	0	0	4.0310390003023276e-5	0	0	0	0	0	0	0	1.9144939154990248e-4	0	8.648960322894519e-4	0	0	0	0	0	0	0	0	0	0	0	0	0	0	0	0.001459811392368106	0	0	0	0	0	0.005580616658140724	0	0	0	0
ASV_442	0	0	3.2612240460919666e-4	0	0	0	0	0	0.0010847902318423775	0	0	0	0	0	0.007860526050589539	0	1.3703636031427006e-4	0	0	0	0	0	0	0	0	0.006481715006305171	3.1925422213708775e-5	0	5.116297374945885e-4	0	0	0	0	0	0	0	0	0	0	0	0	0	0	0	0	0	0	0	0	0	0
ASV_443	0	0	0	0	0	0	0	0	0	0	0	0	0	0	0	0	0	0	0	0	0	0	6.461416964809208e-4	0	0	0	0.0011173897774798072	0	0	0	0	0	0	0	0	0	0	0	0	0	0	0	0	0	0	0	0	0	0	0	0
ASV_444	0	0	0.004185237525818023	0	0	0	0	0	0	0	0	0	0	0	0	0	0	0	0	0	0	0	0	0	0	0.015208070617906683	0	0	0	0	0	0	0	0	0	0	0	0	0	0	0	0	0	0	0	0	0	0	0	0	0
ASV_445	0	0	0	0	0	0	0	0	0	0	0	0	0	0	0	0	0	0	0	0	0	0	0	0	0	0	0	0	0	0	0	0	0.024639952973449595	0	0	0	0	0	0	0	0	0	0	0	0	0	0	0	0	0	0
ASV_447	0	0.08825692571708753	0	0	0	0	0	0	0	0	0	0	0	0	0	0	0	0	0	0	0	0	0	0	0	0	0	0	0	0	0	0	0	0	0	0	0	0	0	0	0	0	0	0	0	0	0	0	0	0	0
ASV_448	0	0	0	0	0	0	0	0	0	0	0	0	0	0	0	0	0	0	0	0	0	0	0	0	0	0	0.003224467643584586	0	0	0	0	0	0	0	0	0	0	0	0	0	0	0	0	0	0	0.01958940604920859	0	0	0	0	0
ASV_449	0	0	0	0	0	0	0	0	0	0	0	0	0	0	0	0	0	0	9.442870632672333e-4	0	0	0	0	0	0	0	0	0	0	0	0	0	0	0	0	0	0	0	0	0	0	0	0	0	0	0	0	0	0	0	0
ASV_450	0	0	0	0	0	0	0	0	0	0	0	0	0	0	0	0	0	0	0.011555712936732767	0	0	0	0	0	0	0	0	0	0	0	0	0	0	0	0	0	0	0	0	0	0	0	0	0	0	0	0	0	0	0	0
ASV_452	0	0	0	0	0	0	0	0	0	0	0	0	0	0	0	0	0	0	0	0	0	0	0	0	0	0	0	8.655332302936631e-4	0	0	0	0	0	0	0	0	0	0	0	0.019291997830239854	0	0	0	0	0	0	0	0	0	0	0
ASV_453	0	0	0	0	0	0	0	0	0	0	0	0	0	0	0	0	0	0	8.262511803588291e-5	0	0	0	0	0.004627675120969051	0	0	2.87328799923379e-4	0	0	0	0	0	0	0	0	0	0.001911624145283435	0	0	0	0	0	0	0	0	0	0	0	0	0	0
ASV_454	0	0	0	0	0	0	0	0	0	0	0	0	0	0	0	0	0	0	0	0	0	0	0	0	0	0	0	0	0	0	0	0	0	0.0145263252282815	0	0	0	0	0	0	0	0	0	0	0	0	0	0	0	0	0
ASV_455	0	0	0	0	0	0	0	0.002967359050445104	0	0	0	0	0	0	0.006046558500453492	0	0	0	0	0	0	0	0.0016871477630335157	0	0	0	0	0	0	0	0	0	0	0	0	0	0	0	0	0	0.002189717088552159	0	0	0	0	0	5.735633787533523e-4	0	0	0	0
ASV_456	0	0.003432213777886737	0	0	0	0	0	0	0.0054996341986427505	0	0	0	0	0.0017865606883727713	0	0	0	0	0	0	0	0	0	0	0	0	0	0	0	0	0	0	0	0	0	0	0	0	0	0	0	0	0	0	0	0	0	0	0	0	0
ASV_458	0	0	0	0	0	0	0	0	0	0	0	0	0	0	0	0	0	0	0	0	0	0	0	0	0	0	0	0	0	0	0	0	0	0	0	0	0	0	0	0	0	0	0	0	0	0	0	0.017889595638346207	0	0	0
ASV_461	0	0	0	0	0	0	0	0	0	0	0	0	0	0	0	0	0	0	0	0	0	0	0	0	0	0	0	0	0	0	0	0	0	1.494477904144187e-4	0	0	0	0	0	0	0	0	0.0015804403620153992	0	0	0	0	0	0	0	0
ASV_464	0	0	0	0	0	0	0	0	2.775044779131663e-4	0	0	0	6.964758322886195e-5	0	2.0155195001511638e-5	0	0.013201169376941348	5.98071816463721e-4	0	0	0	0	0	0	0	7.566204287515763e-5	0	0	0	0	0	0	0	0.0021669929610090713	2.4715332332950836e-4	0	0	0.001863817097415507	0	0	0	0	2.9717682020802375e-4	0	0	0	0.002650792912616844	0	0	0	0
ASV_466	0	0	0	0	0	0	0	0	0	0	0	0	0	0	0	0	0	0	0	0	0	0	0	0	0	0	0	0	0	0	0	0	0	0	0	0	0.00845526064259981	0	0	0	0	0	0	0	0	0	0	0	0	0	0
ASV_469	0	0	0.0028263941732797043	0	0	0	0	0	0	0	0	0	0	0	0	0	0	0	0	0	0	0	0	0	0	0	0	0	0	0	0	0	0	0	0	0	0	0	0	0	0	0	0	0	0	0	0	0	0	0	0.01940301824728291
ASV_470	0	0	0	0	0	0	0	0	0	0	0	0	0	0	0	0	0	0	0	0	0	0	0	0	0	0	0	0	0	0	0	0	0	0	0	0.012534493241663159	0	0	0	0	0	0	0.001742536809401594	0	0	0	0	0	0	0	0
ASV_471	0	0	0	0	0	0	0	0	0	0	0	0	0	0	0	0	0	0	0	0	0	0	0	0	0	0	0	0	0	0	0	0.0022692889561270802	0	0	0	0	0	0	0	0	0	0	0	0	0	0	0	0	0	0	0
ASV_472	0	0	0	0	0	0	0	0.003956478733926805	0	0	0	0.004294681202510736	0	0	0.003587624710269072	0	0	0	0	0	0	0	0	0	0	0	0	0	0	0	0	0	0	0	0	0	0	0	0	0	3.5035473416834546e-4	0	0	0	0	0	0.0022632500891348493	0	0	0	0
ASV_473	0.0048543689320388345	0	0	0	0	0	0	0	0	0	0	0	0	0	0	0	0	0.011339441640152149	0	0	0	0	0	0	0	0	0	0	0	0	0	0	0	2.092269065801862e-4	0	0	0	0.009443339960238568	0	0	0	0	0	0	0	0	0	0	0	0	0
ASV_475	0	0	0	0	0	0	0	0	0	0	0	0	0	1.4584168884675683e-4	0	0	0	0	3.068932955618508e-4	0	0	0	0	0	0	0	0	0	0	0	0	0	0	0	0	0	0	0	0	0	0	0	0	0	0	0	0	0	0	0	0
ASV_478	0	0	0	0	0	0	0	0	0	0	0	0	0	0	0	0	0	0	4.2492917847025496e-4	0	0	0	0	0	0	0	0	0	0	0	0	0	0	0	0	0	0	0	0	4.716869885144218e-5	0	0	0	0	0	1.2537219871493497e-4	0	0	0	0	0
ASV_479	0	0	0	0	0	0	0	0	0	0	0	0	0	0	0	0	0	0	0	0	0	0	0	0	0	0	0	0	0	0	0	0	0	0	0	0	0	0	0	0	0	0	0.012008645143860597	0	0	0	0	0	0	0	0
ASV_480	0	0	0	0	0	0	0	0.027695351137487636	0	0	0	0.003303600925008259	0	0	0	0	0	0	0	0	0	0	0.0030990870257140463	0	0	0	0	0	0	0	0	0	0	0	0	0	0	0	0	0	3.2115850632098334e-4	0	0	0	0	0	0.002278751802074129	0	0	0	0
ASV_481	0	0	0.020545711490379388	0	0	0	0	0	0	0	0	0	0	0	0	0	0	0	0	0	0	0	0	0	0	0	0	0	0.012672675036404424	0.004256939156918391	0	0	0	0	0	0	0	0	0	0	0	0	0	0	0	0	0	0	0	0	0
ASV_482	0	0	9.7836721382759e-4	0	0	0	0	0.019782393669634024	0	0	0	0	0	0	4.434142900332561e-4	0	0	0	0	0	0	0	0	0	0	0	0	0	0	0	0	0	0	0	0	0	0	0	0	0	0	0	0	0	0	0	0	0	0	0	0.0020447625186140067
ASV_485	0	0	0	0	0	0	0	0	0	0	0	0	0	0	0	0	0	0	0	0	0	0	8.256255010589545e-4	0	0	0	0	0	0	0	0	0	0	0	0	0	0	0	0	0	0.004291845493562232	0	0	0	0	0	0	0	0	0	0
ASV_486	0	0	0	0	0	0	0	0	0	0	0	0	0	0	0	0	0	0	0	0	0	0	0	0	0	0	0	0	0	0	0	0	0	0	0	0	0	0	0	0	3.5035473416834546e-4	0	0	0	0	0	0.0030073323102202793	0	0	0	0
ASV_488	0	0	0.021904554842917708	0	0	0	0	0	0	0	0	0	0	0	0	0	0	0	0	0	0	0	0	0	0	0	0	0	0.004132394033610138	0.0041185021111649475	0	0	0	3.287851389117212e-4	0	0	0	0	0	0	0	0	0	0	0	0	0	0	0	0	0
ASV_489	0	0	0	0	0	0	0	0	0	0	0	0	0	0	0	0	0	0	0	0	0	0	0	0	0	0	0	0	0	0	0	0	0	0	0	0	0	0	0	0	0	0	0	0	0	0	7.285805081461501e-4	0	0	0.01402439024390244	0
ASV_490	0	0	0	0	0	0	0	0	0	0	0	0	0	0	0	0	0	0	0	0	0	0	0	0.014077874841684799	0	0	0	0	0	0	0	0	0	0	0	0	0	0	0	0	0	0	0	0	0	0	0	0	0	0	0
ASV_491	0	0	0	0	0	0	0	0	0	0	0	0	0	0	0	0	0	0	0	0	0	0	0	0	0	0	0	0	0	0	0	0	0	0.0010311897538594892	0	0	0	0	0	0	0	0	0.001310279616371741	0	0	0	0	0	0	0	0
ASV_492	0	0	0	0	0	0	0	0	0	0.06156988619784068	0	0	0	0	0	0	0.02740727206285401	0	0	0	0	0	0	0	0	0	0	0	0	0	0	0	0	0	0	0	0	0	0	0	0	0	0	0	0	0	8.215907857818289e-4	0	0	0	0
ASV_495	0	0	0	0	0	0	0.004503392967304134	0	0	0	0	0	0	0	0	0	0	0	0.007129367327667611	0	0	0	0	0	0	0	0	0	0	0	0	0	0	0	0	0	0	0	0	0	0	0	0	0	5.930251123326415e-4	0	0	0	0	0	0
ASV_496	0	0	0.01369714099358626	0	0	0	0	0	0	0	0	0	0	0	0	0	0	0	0	0	0	0	0	0	0	0	0	0	0.0053130780432130344	0.009275282065480723	0	0	0	0	0	0	0	0	0	0	0	0	0	0	0	0	0	0	0	0	0
ASV_498	0	0	0	0	0	0	0	0	0	0	0	0	0	0	0	0	0	0	0	0	0	0	0	0	0	0	0	0	0	0	0	0	0	0	0	0	0	0	0	0	0	0	0	0	0	0.02682965052499608	0	0	0	0	0
ASV_499	0	0	0	0	0	0	0	0	0	0	0	0	0	0	0.001955053915146629	0	0	0	0	0	0	0	0.003362329939095162	0	0	0	0	0	0	0	0	0	0	0	0	0	0	0	0	0	9.342792911155879e-4	0	0	0	0	0	0	0	0	0	0
ASV_500	0	0	0	0	0	0	0	0	0	0	0	0	0	0	0	0	0	0	0	0	0	0	0	0	0	0	0	0	0	0.029556309268360212	0	0	0	0	0	0	0	0	0	0	0	0	0	0	0	0	0	0	0	0	0
ASV_501	0	0	0	0	0	0	0.0028994447871684144	0	0	0	0	0	0	0	9.472941650710471e-4	0	0.034578841585967475	0	0	0	0	0	0	0	0	0	0	0	0	0	0	0	0	0	0	0	0	0	0	0	0	0	0	0	0	0	0	0	0	0	0
ASV_502	0	0	0.04326557234482009	0	0	0	0	0	0	0	0	0	0	0	0	0	0	0	0	0	0	0	0	0	0	0	0	0	0	0	0	0	0	0	0	0	0	0	0	0	0	0	0	0	0	0	0	0	0	0	0
ASV_503	0	0	0	0	0	0	0	0	0	0	0	0.004955401387512388	0	0	0	0	0	0	0	0	0	0	0	0	0	0	0	0	0	0	0	0	0	0	0	0	0	0	0	0	7.396377721331737e-4	0	0	0	0	0	0.002015222682106373	0	0	0	0
ASV_504	0	0	0	0	0	0	0	0	0	0	0	0	0	0	0	0	0	0	0	0	0	0	0	0	0	0	0	0	0	0.029002561085346438	0	0	0	0	0	0	0	0	0	0	0	0	0	0	0	0	0	0	0	0	0
ASV_505	0	0	0	0	0	0	0	0	0	0	0	0	0	0	0	0	0	0	0.004969310670443815	0	0	0	0	0	0	0	5.427321776330492e-4	0	0	0	0	0	0	0	0	0	0	0	0	0	0	0	0	0	7.754943776657619e-4	0	0	0	0	0	0
ASV_507	0	0	0	0	0	0	0	0	0	0.2421943390720747	0	0	0	0	0	0	0	0	0	0	0	0	0	0	0	0	0	0	0	0	0	0	0	0	0	0	0	0	0	0	0	0	0	0	0	0	0	0	0	0	0
ASV_508	0	0	0	0	0	0	0	0	0	0	0	0	0	0	0	0	0	0	0	0	0	0	0	0	0	3.026481715006305e-4	0	0	0	0	0	0	0	0	0	0	0	0	0	0	0	0	0	0	0	0	0	0	0	0	0
ASV_510	0	0	0	0	0	0	0.0012338062924120913	0	0	0	0	0	0	0	0	0	0	0	0.007353635505193579	0	0	0	0	0	0	0	0	0	0	0	0	0	0	0	0	0	0	0	0	0	0	0	0	0	0	0	0	0	0	0	0
ASV_511	0	0.006619269428781564	0	0	0	0	4.935225169648365e-4	0	0	0	0	0	0	3.6460422211689213e-4	0	0	0	0	0.004308309726156752	0	0	0	0	0	0	0	0	0	0	0	0	0	0	0	0	0	0	0	0	0	0	0	0	0	0.002782656296330087	0	0	0	0	0	0
ASV_513	0	0	0	0	0	0	0	0	0	0	0	0	0	0	0	0	0	0	0	0	0	0	0.0027999473514173237	0	0	0	0	0	0	0	0	0	0	0	0	0	0	0	0	0	0.0011483849619962434	0	0	0	0	0	0	0	0	0	0
ASV_515	0	0	0	0	0	0	0	0	0	0	0	0.00726792203501817	0	0	0	0	0	0	0	0	0	0	8.974190228901678e-4	0	0	0	0	0	0	0	0	0	0	0	0	0	0	0	0	0	0.003250513367006316	0	0	0	0	0	8.525942116603885e-4	0	0	0	0
ASV_516	0	0	0	0	0	0	0	0	0	0	0	0	0	0	0	0	0.002238260551799744	0	0	0	0	0	0	0	0	0	0	0	0	0	0	0	0	0	0	0.03376829895701791	0	0	0	0	0	0	0	0	0	0	0	0	0	0	0
ASV_517	0	0	0	0	0	0	0	0	0	0	0	0	0	0	0	0	0	0	0	0	0	0	0	0	0	0	0	0	0	0	0	0	0	0	0	0.03811795519386371	0	0	0	0	0	0	0	0	0	0	0	0	0	0	0
ASV_518	0	0	0	0	0	0	2.4676125848241827e-4	0	5.045535962057569e-5	0	0	0	0	0	0	0	0	0	5.901794145420208e-5	0	0	0	0	4.871236969441107e-5	0	0	0	0	3.935613365342989e-5	2.4226483006852635e-4	3.2210268633640405e-4	0	0	0	0	0	0	0	0	0	0	0	0	0	0	0	0	0	0	0	0
ASV_519	0	0	0	0	0	0	0	0	0	0	0	0	0	0	0	0	0	0	0	0	0	0	6.581072834527898e-4	0	0	0	0	0	0	0	0	0	0	0	0	0	0	0	0	0.011862927761137709	0	0	0	0	0	0	0	0	0	0	0
ASV_521	0	0	0	0	0	0	0	0	0.004187794848507783	0	0	0	0	0	0	0	0	0	0	0	0	0	0	0	0	0	0	0	0	0	0	0	0	0	0	0.03021374117206866	0	0	0	0	0	0	0	0	0	0	0	0	0	0	0
ASV_522	0	0	0	0	0	0	0.002961135101789019	0	0	0	0	0	0	0	0	0	0	0	0.0015226628895184135	0	0	0	0	0	0	0	0.017686683906394662	0	0	0	0	0	0	0	0	0	0	0	0	0	0	0	0	0	0	0	0	0	0	0	0
ASV_523	0	0	0	0	0	0	0	0	0	0	0	0.0019821605550049554	0	0	0	0	0	0	0	0	0	0	0	0	0	0	5.74657599846758e-4	0	0	0	0	0	0	0	0	0	0	0	0	0	0.0057808531137777	0	0	0	0	0	0	0	0	0	0
ASV_525	0	0	0	0	0	0	0	0	0	0	0	0	0	0	0	0	0	0	0	0	0	0	0	0	0	0	0	0.0020401854714064914	0	0	0	0	0	0	0	0	0	0	0	0	0	0.043740573152337855	0	0	0	0.009058141357154052	0	0	0	0	0
ASV_526	0	0	0	0	0	0	0	0	0	0	0	0	0	0	0	0	0	0	0	0	0	0	0	0	0	0	0	0	0	0	0	0	0	0	0	0	0	0	0	0	0	0	0.010698365527488856	0	0	0	0	0	0	0	0
ASV_527	0	0	0.0032068703119904336	0	0	0	0	0	0	0	0	0	0	0	0	0	0	0	0	0	0	0	0	0	0	0	0	0	0	0	0	0	0	0	0	0	0	0	0	0	0	0	0	0	0	0	0	0	0	0	0.016246971751161292
ASV_529	0	0.11056631527335131	0	0	0	0	0	0	0	0	0	0	0	0	0	0	0	0	0	0	0	0	0	0	0	0	0	0	0	0	0	0	0	0	0	0	0	0	0	0	0	0	0	0	0	0	0	0	0	0	0
ASV_530	0	0	0	0	0	0	0	0	0	0	0	0	0	0	0	0	0	0	0	0	0	0	0	0	0	0	0	0	0	0	0	0	0	0	0	0	0	0	0	0	0	0	0	0	0	0	0.001100621618688865	0	0	0	0
ASV_532	0	0	0	0	0	0	0	0	0	0	0	0	0	0	0	0	0	0	0	0	0	0	0	0	0.015856427258639953	0	0	0	0	0	0	0	0	0	0	0	0	0	0	0	0	0	0	0	0	0	0	0	0	0	0
ASV_533	0	0	0	0	0	0	0	0	0	0	0	0	0	0	0	0	0	0	3.4230406043437206e-4	0	0	0	0	0	0	0	0	0	0	0	0	0	0	0	0	0	0	0	0	0	0	0	0	0	0	0	0	0	0	0	0
ASV_534	0	0	0	0	0	0	0	0	0	0	0	0	0	0	0	0	0	0	0	0	0	0	0.002429014155289388	0	6.847093588958161e-4	0	0	0	0	0	0	0	0	0	0	0	0	0	0	0	0.001265169873385692	0	0	0	0	0	6.045668046319118e-4	0	0	0	0
ASV_535	0	0	0	0	0	0	0	0	0	0	0	0	0	0	0	0	0	0	0	0	0	0	0	0	0	0	0	0	0	0	0	0	0	0	0	0	0	0	0	0	0	0	0	0	0	0.023381915060335372	0	0	0	0	0
ASV_536	0	0	0	0	0	0	0	0	0.0011857009510835288	0	0	0	0	0	0	0	0	0.0030621277002942514	0	0	0	0	0	1.1366219595362583e-4	0	0.006658259773013871	0	0	0	0.0034609261438360906	0	0	0	0	0	7.950984518965437e-4	0	0.0032306163021868788	0	0	0	0	0	0	0	0	0	0	0	0	0
ASV_537	0	0.007354743809757294	0	0	0	0	0	0	0	0	0	0	0	0	0	0	0	0	0	0	0	0	0	0	0	0	0	0	0	0	0	0	0	0	0	0	0	0	0	0	0	0	0	0	0	0	0	0	0	0	0
ASV_538	0	0	0	0	0	0	0	0	0	0	0	0	0	4.7398548875195976e-4	0	0	0	0	0	0	0	0	0	0	0	0	0.012642467196628676	0	0	0	0	0.009077155824508321	0	0	0	0	0	0	0	0	0	0	0	0	0.002714230321830167	0	0	0	0	0	0
ASV_539	0	0	0	0	0	0	0	0	0	0	0	0	0	0.001531337732890947	0	0	0	0	0	0	0	0	0	0	0	0	0	0	0	0	0	0	0	0	0	0	0	0	0	0	0	0	0	0	0	0	0	0	0	0	0
ASV_542	0	0	0	0	0	0	0	0	0	0	0	0	0	0	0	0	0	0	0	0	0	0	0	0	0	0	0	0	0	0	0	0	0	0	0	0	0	0	0	0	0	0.003519356460532931	0	0	0	0	0	0	0	0	0
ASV_543	0	0	6.522448092183933e-4	0	0	0	0	0	0	0	0	0	0	0	0	0	0	0	0	0	0	0	0	0	0	0	0	0	0	0	0	0	0	0	0.0012181128078382912	0	0	0	0	0	0	0	0	0	0	0	0	0	0	0	0.003000466739270553
ASV_544	0	0	0	0	0	0	0	0	0	0	0	0	0	0	0	0	0	0	0	0	0	0	0	0	0	0	0	0	0	0	0	0	0	0	0	0	0	0	0	0.008348859696705267	0	0	0	0	0	0.0014104372355430183	0	0	0	0	0
ASV_545	0	0	0	0	0	0	0	0	0	0	0	0	0	0	0	0	0	0	0	0	0	0	0	0	0	0	0	0	0	0.026095383124524123	0	0	0	0	0	0	0	0	0	0	0	0	0	0	0	0	0	0	0	0	0
ASV_546	0	0	0	0	0	0	0	0	0	0	0	0	0.004457445326647165	0	0	0	0	0	0	0	0	0	0	0	0	0	0	0	0	0	0	0	0	0	0	0	0	0	0	0	0	0	0	0	0	0	0	0	0	0	0
ASV_547	0	0	0	0	0	0	0	0	0	0	0	0	0	0	0	0	0	0	0	0	0	0	0	0	0	0	0	0	0	0	0	0	0.018418732242578624	0	0	0	0	0	0	0	0	0	0	0	0	0	0	0	0	0	0
ASV_548	0	0	0	0	0	0	0	0	0	0	0	0	0	0	0	0	0	0	0	0	0	0	0	0	0	0	0	0	0	0	0	0	0	0	0	0	0	0	0	0.0014858140138204288	0	0	0	0	0	0	0	0	0	0	0
ASV_549	0	0	0	0	0	0	0	0	0.001135245591462953	0	0	0	0	0	0	0	0	0	0	0	0	0	0	0	0	0	0	0	0	0	0	0	0	0	0	0	0	0	0	0	0	0	0	0	0	0	2.3252569408919684e-4	3.2182341359987884e-4	0	0	0
ASV_555	0	0	0	0	0.0073836490595035244	0	0	0	0	0	0	0	0	0	0	0	0	0	0	0	0	0	0	0	0	0	0	0	0	0	0	0	0	0	0	0	0	0	0	0	0	0	0	0	0	0	0	0	0	0	0
ASV_556	0	0	0	0	0	0	0	0	0	0	0	0	0	0	0	0	0	0	0	0	0	0	0	0	0.0031712854517279903	0	0	0	0	0	0	0	0	0	0	0	0	0	0	0	0	0	0	0	0	0	0	0	0	0	0
ASV_557	0	0	0	0	0	0	0	0	0	0.004377006127808579	0	0	0	0	0	0	7.308605883427736e-4	0	0	0	0	0	0	0	0	0	0	0	0	0	0	0	0	0	0	0	0	0	0	0	0	0	0	0	0	0	0	0	0	0	0
ASV_559	0	0	0	0	0	0	0	0	0	0	0	0	0	0.0020417836438545956	0	0	0	0	2.3607176581680832e-4	0	0	0	0	0	0	0	0	0	0	0	0	0	0	0	0	0	0	0	0	0	0	0	0	0	0	0	0	0	0	0	0
ASV_560	0	0	0	0	0	0	0	0	0	0	0	0.0023125206475057814	0	0	0	0	0	0	0	0	0	0	0.002656360307754897	0	0	0	0	0	0	0	0	0	0	0	0	0	0	0	0	0	6.909773923875702e-4	0	0	0	0	0	4.495496752391139e-4	0	0	2.032520325203252e-4	0
ASV_561	0	0	0	0	0	0	0	0	0	0	0	0	0	0	0	0	0	0	0	0.02032196365954734	0	0	0	0	0	0	0	0	0	0	0	0.04084720121028744	0	0	0	0	0.022277773693110802	0	0	0	0	0	0	0	0	0	0	0	0	0	0
ASV_562	0	0	0	0	0	0	0	0	0	0	0	0	0	0.0138549604404419	0	0	0	0	0	0	0	0	0	0	0	0	0	0	0	0	0	0	0	0	0	0	0	0	0	0	0	0	0	0	0	0	0	0	0	0	0
ASV_563	0	0	0	0	0	0	0	0	0	0	0	0	0	0	0	0	0	0	0	0	0	0	0	0.0016886954827395836	0	0.001614123581336696	0	0	0	0	0	0	0	0	0	0	0	0	0	0	0	0	0	0	0	0	0	0	0	0	0
ASV_564	0	0	0	0	0	0	0	0	0.003531875173440299	0	0	0	0	4.0106464432858134e-4	0	0	0	0	0	0	0	0	0	0	0	0	0	0	0	0.0010036685817124663	0	0	0	0	0	0	0	0	0	0	0	0	0	0	0	2.8208744710860365e-4	0	0	0	0	0
ASV_566	0	0	0	0	0	0	0	0	0	0.06536329150860812	0	0	0	0	0	0	0.00694317558925635	0	0	0	0	0	0	0	0	0	0	0	0	0	0	0	0	0	0	0	0	0	0	0	0	0.04047259929612871	0	0	0	0	0	0	0	0	0
ASV_567	0	0	0	0	0	0	0	0	0	0	0	0	0	0	0	0	0	0	0.00823890462700661	0	0	0	0	0	0	0	0	0	0	0	0	0	0	0	0	0	0	0	0	0	0	0	0	0	0	0	0	0	0	0	0
ASV_568	0	0	0	0	0	0	0	0	0	0	0	0	0	0	0	0	0	0	0	0	0	0	4.786234788747562e-4	0	0	0	0	0	0	0	0	0	0	0	0	0	0	0	0	0	7.785660759296565e-5	0	0	0	0	0	0	0	0	0	0
ASV_569	0	0	0	0	0	0	0	0	0	0	0	0	0	0	0	0	0.03151836287228211	0	0	0	0	0	0	0	0	0	0	0	0	0	0	0	0	0	0	0	0	0	0	0	0	0	0	0	0	0	0	0	0	0	0
ASV_570	0	0	0	0.017744537322188003	0	0	0	0	0	0	0	0	0	0	0	0	0	0	0	0	0	0	0	0	0	0	0	0	0	0	0	0	0	0	0	0	0	0	0	0	0	0	0	0	0	0	0	0	0	0	0
ASV_571	0	0	0	0	0	0	0	0	0	0	0	0	0	0.0028803733547234475	0	0	0	0	0	0	0	0	0	0	0	0	0	0	0	0	0	0	0	0	0	0	0	0	0	0	0	0	0	0	0	0	0	0	0	0	0
ASV_573	0	0	0	0	0	0	0	0	0	0	0	0	0	0	0	0	0	0	0	0	0	0	0	0	0	0	0	0.010510046367851623	0	0	0	0	0	0	0	0	0	0	0	0	0	0	0	0	0	0	0	0	0	0	0
ASV_576	0	0	0	0	0	0	0	0	0	0	0	0	0	0	0	0	0	0	0	0	0	0	0	0	0	0	0	0	0	0	0	0	0	0	0	0	0	0	0	0	0.003386762430294006	0	0	0	0	0	0.00441798818769474	0	0	0	0
ASV_578	0	0	0	0	7.35023888276369e-4	0	0	0	0	0	0	0	0	0	0	0	0	5.98071816463721e-4	0	0	0	0	0	0	0	0.0031778058007566204	0	0	0	0	0	0	0	0.00614230418603261	0	0	0	0	0	0	0	0	0	0	0	0	0	0	0	0	0
ASV_579	0	0	0	0	0	0	0	0	0	0	0	0	0	0	0	0	0	0	0.004863078375826251	0	0	0	0	0	0	0	0.001277016888548351	0	0	0	0	0	0	0	0	0	0	0	0	0	0	0	0	0	0	0	0	0	0	0	0
ASV_580	0	0	0	0	0.005245397748154088	0	0	0	0	0	0	0	0	0	0	0	0	0	0	0	0	0	0	0	0	0	0	0	0	0	0	0	0	0	0	0	0	0	0	0	0	0	0	0	0	0	0	0	0	0	0
ASV_581	0	0	0	0	0	0	0	0	0	0	0	0	0	0	0	0	0	0	0.007082152974504249	0	0	0	0	0	0	0	1.5962711106854387e-4	0	0	0	0	0	0	0	0	0	0	0	0	0	0	0	0	0	7.98303035832402e-4	0	0	0	0	0	0
ASV_582	0	0	0	0	0	0	0	0	0	0	0	0.006937561942517344	0	0	0	0	0	0	0	0	0	0	3.470020221841982e-4	0	0	0	0	0	0	0	0	0	0	0	0	0	0	0	0	0	0.002413554835381935	0	0	0	0	0	9.301027763567875e-5	0	0	0	0
ASV_583	0	0	0	0	0	0	3.0845157310302283e-4	0	0	0.004960606944849723	0	0	0	0	0	0	0	0	0	0	0	0	0	0	0	0.0018663303909205549	1.5962711106854387e-4	0	0	0	0	0	0	0	0	4.209344745334643e-4	0	0	0	4.481026390887007e-4	0	0	0	0	0	0	0	0	0	0	0
ASV_584	0	0	0	0	5.679730045771942e-4	0	0	0	0.014203183733192059	0	0	0	0	0	0	0	0	0	0	0	0	0	0	0	0	0	0	0	0	0	0	0	0	0	0	0	0	0	0	0	0	0	0	0	0	0	0	0	0	0	0
ASV_585	0	0	0	0	0	0	0	0	0	0	0	0	0	0	0	0	0	0	0	0	0	0	0.002632429133811159	0	0	0	0	0	0	0	0	0	0	0	0	0	0	0	0	0	0	0	0	0	0	0	8.990993504782278e-4	0	0	0	0
ASV_586	0	0	0	0	0	0	0	0	0	0	0	0.002642880740006607	0	0	0	0	0	0	0	0	0	0	0	0	1.8018667339363581e-4	0	0	0	0	0	0	0	0	0	0	0	0	0	0	0	5.255321012525182e-4	0	0	0	0	0	0.008727464384814521	0	0	0	0
ASV_589	0	0	0	0	0	0	0.0015422578655151142	0	0	0	0	0	0	0	0	0	0	0	0.002065627950897073	0	0	0	0	0	5.765973548596346e-4	0	1.277016888548351e-4	0	0	0	0	0	0	0	0	0	0	0	0	0	0	0	0	0	3.649385306662409e-4	0	0	0	0	0	0
ASV_591	0	0	0	0.0013198416190057193	0	0	0	0	0	0	0	0	0	0	0.0015317948201148846	0	0	0	0	0	0	0	0	0	0	0	0	0	0	0	0	0	0	0	0	0	0	0	0	0	0	0	0	0	0	0	0	0	0	0	0
ASV_592	0	0	0	0	0	0	0	0	0	0	0	0.002973240832507433	0	0	0	0	0	0	0	0	0	0	0.002046115372189583	0	6.126346895383618e-4	0	0	0	0	0	0	0	0	0	0	0	0	0	0	0	4.574075696086732e-4	0	0	0	0	0	9.146010634175076e-4	0	0	0	0
ASV_593	0	0	0	0	0	0	0	0	0	0	0	0	0	0	0	0	0	0	0	0	0	0	0	0	5.405600201809074e-4	0	0	0	0	0	0	0	0	0	0	0	0	0	0	0	0	0	0	0	0	0	0	0	0	0	0
ASV_594	0	0	0	0	0	0	0	0	0	0	0	0	0	0	0	0	0	0	0	0	0	0	0	0	9.730080363256334e-4	0	0.0020432270216773616	0	0	0	0	0	0	0	0	0	0	0	0	0	0	0	0	0	0	0	0	0	0	0	0
ASV_595	0	0	0	0	0	0	0	0	0	0	0	0	0	0	0	0	0	0	0	0	0	0	0	7.144480888513624e-4	0	0.005472887767969736	0	0	0	0	0	0	0.003624963260507495	0	0	0	0	0	0	0	0	0	0.0024584627853572877	0	0	0	0	0	0	0	0
ASV_596	4.045307443365696e-4	0	0	0	0	0	0	0	0	0	0	0	0	0	0	0	0	0	0.004060434372049103	0	0	0	0	0	0	0	0	0	0	0	0	0	0	0	0	0	0	0	0	0	0	0	0	0	0	0	0	0	0	0	0
ASV_598	0.0018878101402373248	0	0	0	0	0	0	0	0	0	0	0	0	0	0	0	0	0	0	0	0	0	0	0.005731822167375702	0	0	0	0	0	0	0	0	0	0	0	0	0	0	0.00128051011341661	0	0	0	0	0	0	0	0	0	0	0	0
ASV_599	0	0	0	0	0	0.0012392818863879956	0	0.0019782393669634025	0	0	0	0	0	3.281437999052029e-4	0	0	0	0	0	0	0	0	0	0	0	0	0	0	0	0	0	0	0	0	0	0	0	0	0	0	0.002598464278415229	0	0	0	0	0	0	0	0	0	0
ASV_600	0	0	0	0	0	0	0	0	0	0	0.06695156695156695	0	0	0	0	0	0	0	0	0	0	0	0	0	0	0	0	0	0	0	0	0	0	0	0	0	0	0	0	0	0	0	0	0	0	0	0	0	0	0	0
ASV_601	0	0	0	0	0	0	0	0	0	0	0	0	0	0	0	0	0	0	0.004709631728045326	0	0	0	0	0	0	0	0.0013089423107620598	0	0	0	0	0	0	0	0	0	0	0	0	0	0	0	0	0	0.0018931186278311246	0	0	0	0	0	0
ASV_602	0	0	0	0	0	0	0	0	0	0	0	0	0	0.002224085754913042	0	0	0	0	0	0	0	0	0	0	0	0	0	0	0	0	0	0	0	0	0	0	0	0	0	0	0	0	0	0	0	0	0	0	0	0	0
ASV_603	0	0	0	0	0	0	0	0	0.01324453190040112	0	0	0	0	4.3752506654027055e-4	0	0	0	0	0	0	0	0	0	0	0	0	0	0	0	0	0	0	0	0	0	0	0	0	0	0	0	0	0	3.808073115003808e-4	0	2.8208744710860365e-4	0	0	0	0	0
ASV_604	0	0	0	0	0	0	0	0	0	0.026845637583892617	0	0	0	0	0	0	0.0138863511785127	0	0	0	0	0	0	0	0	0	0	0	0	0	0	0	0	0	0	0	0	0	0	0	0	0.023001508295625944	0	0	0	0	6.355702305104714e-4	0	0	0	0
ASV_607	0	0	0	0	0	0	0.0030845157310302285	0	0	0	0	0	0	4.0106464432858134e-4	0	0	0	0	6.137865911237016e-4	0	0	0	0	0	0	0	0	0	0	0	0	0	0	0	0	0	0	0	0	0	0	0	0	0	0	0	0	0	0	0	0
ASV_608	0	0	0	0	0	0	0	0	0	0	0	0	0	0	0	0	0	0	0	0	0	0	0	0	0	0	0	0	0	0	0	0	0.015038698932105419	0	0	0	0	0	0	0	0	0	0	0	0	0	0	0	0	0	0
ASV_609	0	0	0	0	0	0	0	0	0	0	0	0	0	0	0	0	0	0	0	0	0	0	0	0.009937323417659858	0	0	0	0	0	0	0	0	0	0	0	0	0	0	0	0	0	0	0	0	0	0	0	0	0	0	0
ASV_613	0	0	0	0	0	0	0	0	0	0	0	0	0	0.01152149341889379	0	0	0	0	0	0	0	0	0	0	0	0	0	0	0	0	0	0	0	0	0	0	0	0	0	0	0	0	0	0	0	0	0	0	0	0	0
ASV_614	0	0	0	0	0	0	0	0	0	0	0	0	0	0	0	0	0	0	0	0	0	0.052581261950286805	0	0	0	0	0	0	0	0	0	0	0	0	0	0	0	0	0	0	0	0	0	0	0	0	0	0	0	0	0
ASV_615	0	0	0	0	0.019845644983461964	0	0	0	0	0	0	0	0	0	0	0	0	0	0	0	0	0	0	0	0	0	0	0	0	0	0	0	0	0	0	0	0	0	0	0	0	0	0	0	0	0	0	0	0	0	0
ASV_616	0	0	0	0	0	0	0	0	0	0	0	0	0	0	0	0	0	0	0	0	0	0	0	0	0	0	0	0	0	0	0	0	0	0	0	0.002993311818904635	0	0	0	0	0	0	0	0	0	0	0	0	0	0	0
ASV_618	0	0	0	0	0	0	0.017890191239975324	0	0	0	0	0	0	0	0	0	0	0	0.0026794145420207744	0	0	0	0	0	0	0	0	0	0	0	0	0	0	0	0	0	0	0	0	0	0	0	0	0	0	0	0	0	0	0	0
ASV_619	0	0	0	0	0	0	0	0	0	0	0	0	0	0	0	0	0	0	0	0	0.0527403414195867	0	0	0	0	0	0	0	0	0	0	0	0	0	0	0	0	0	0	0	0	0	0	0	0	0	0	0	0	0	0
ASV_621	0	0	0	0	0	0	0	0	0	0	0	0	0	0	0	0	0	0	0	0	0	0	0	0	0.006450682907492162	0	0	0	0	0	0	0	0	0	0	0	0	0	0	0	0	0	0	0	0	0	0	0	0	0	0
ASV_622	0	0	0	0	0	0	0	0	0	0	0	0	0.007765705530018109	0	0	0	0	0	0	0	0	0	0	0	0	0	0	0	0	0	0	0	0	0	0	0	0	0	0	0	0	0	0	0	0	0	0	0	0	0	0
ASV_624	0	0	0	0.026201300288409834	0	0	0	0	0	0	0	0	0	0	0	0	0	0	0	0	0.0018867924528301887	0	0	0	0	0	0	0	0	0	0	0	0	0	0	0	0	0	0	0	0	0	0	0	0	0	0	0	0	0	0
ASV_625	0	0	0	0	0	0	0	0	0	0	0	0	0	0	0	0	0	0.012057127819908614	0	0	0	0	0	0	0	0	0	0	0	0	0	0	0	0	0	0	0	0.009567594433399603	0	0	0	0	0	0	0	0	0	0	0	0	0
ASV_627	0	0	0	0	0	0	0	0	0	0	0	0	0	0	0	0	0	0	0	0	0	0	0.002740119416557979	0	2.5226134275109014e-4	0	0	0	0	0	0	0	0	0	0	0	0	0	0	0	7.785660759296565e-5	0	0	0	0	0	0	0	0	0	0
ASV_628	0	0	0	0	0	0	0	0	0	0	0	0	0	0	0	0	0	0	0.005984419263456091	0	0	0	0	0	0	0	0	0	0	0	0	0	0	0	0	0	0	0	0	0	0	0	0	0	9.351549848322423e-4	0	0	0	0	0	0
ASV_629	0	0	0	0	0	0	0	0	0	0	0	0	0	0	0	0	0	0	0	0	0	0	0	0	0	0	0	0	0	0	0	0	0	0	0	0	0	0	0	0	0	0	0.0077941375118195325	0	0	0	0	0	0	0	0
ASV_630	0	0	0	0	0	0	0	0	0	0	0	0	0	0	0	0	0	0	0	0	0	0	0.0012085242841587593	0	0	0	0	0	0	0	0	0	0	0	0	0	0	0	0	0	0.0025011435189240218	0	0	0	0	0	0	0	0	0	0
ASV_631	0	0	0	0	0	0	0	0	0	0	0	0	0	0	0	0	0	0	0	0	0	0	0	0	0	0	0	0	0	0	0	0	0.014034486136964829	0	0	0	0	0	0	0	0	0	0	0	0	0	0	0	0	0	0
ASV_632	0	0	0	0	0	1.0048231511254019e-4	0	0.004945598417408506	0	0	0	9.910802775024777e-4	0	0	1.612415600120931e-4	0	0	0	0	0	0	0	1.0769028274682015e-4	0	5.405600201809074e-4	0	2.2347795549596143e-4	0	0	0	0	0	0	0	0	0	0	0	0	0	0.0011775811898436055	0	0	0	0	0	2.0152226821063728e-4	0	0	0	0
ASV_633	0	0	0	0	0	0	0	0	0	0	0	0	0	0	0	0	0	0.008899308628980168	0	0	0	0	0	0	0	0	0	0	0	0	0	0	0	0	0	0	0	0.008325049701789265	0	0	0	0	0	0	0	0	0	0	0	0	0
ASV_634	0	0	0	0	0	0	0	0	0	0	0	0	0	0.011011047507930142	0	0	0	0	0	0	0	0	0	0	0	0	0	0	0	0	0	0	0	0	0	0	0	0	0	0	0	0	0	0	0	0	0	0	0	0	0
ASV_636	0	0	0	0	0	0	0	0	0	0	0	0	0	0	0	0	0	0	0	0	0	0	0.0015435607193710888	0	0	0	0	0	0	0	0	0	0	0	0	0	0	0	0	0	7.882981518787772e-4	0	0	0	0	0	0	0	0	0	0
ASV_637	0.0028317152103559872	0	0	0	0	0	0	0	0	0	0	0	0	0	0	0	0	0	0	0	0	0	0	0	0	0	0	0	0	0	0.002254718804354828	0	0	0	0	0	0	0	0	0	0	0	0	0	0	0	0	0	0	0	0
ASV_640	0	0	0	0	0	0	0	0	0	0	0	0	0	0	0	0	0	0	0	0	0	0	0.0014478360235961375	0	0	0	0	0	0	0	0	0	0	0	0	0	0	0	0	0	3.114264303718626e-4	0	0	0	0	0	0	0	0	0	0
ASV_641	0	0	0	0	0	0	0	0	0	0	0	0	0.010899846775316897	0	0	0	0	0	0	0	0	0	0	0	0	0	0	0	0	0	0	0	0	0	0	0	0	0	0	0	0	0	0	0	0	0	0	0	0	0	0
ASV_643	0	0	0	0	0	0	0	0	0	0	0	0	0	0	0	0	0	0	0	0	0	0	0	0	0	0	0	0	0	0	0	0	0	0	0	0	0	0	0	0	0	0	0	0	0	0	0	0.010676965015901863	0	0	0
ASV_644	0	0	0	0	0	0	9.87045033929673e-4	0	0	0	0	0	0	0	0	0	0	0	0.004272898961284231	0	0	0	0	0	0	0	0	0	0	0	0	0	0	0	0	0	0	0	0	0	0	0	0	0	0	0	0	0	0	0	0
ASV_645	0	0	0	0	0	0	0	0	0	0	0	0	0	0	0	0	0	0	0	0	0.005121293800539084	0	0	0	0	0	0	0	0	6.229667058904963e-4	0	0	0	0	0	0	0	0	0	0	0	0	0	0	0	0	0	0	2.710822960670477e-4	0.0032520325203252032	0
ASV_646	0	0	0	0	0	0	3.701418877236274e-4	0	0	0	0	0	5.223568742164647e-4	0	0	0	0	0	0	0	0	0	0	0	0	0	0	0	0	0	0	0	0	0	0	0	0	0	0	8.490365793259593e-4	0	0	5.673375658516817e-4	0	0	0	0	0	0	0	0
ASV_647	0	0	0	0	0	0	0	0	0	0	0	0	0	0	0	0	0	0	0	0	0	0	0	0	0	0.011828499369482976	0	0	0	0	0	0	0	0	0	0	0	0	0	0	0	0	0	0	0	0	0	0	0	0	0
ASV_649	0	0	0	0	0	0	0	0.004945598417408506	0	0	0	0	0	0	0	0	0	0	0	0	0	0	1.9144939154990248e-4	0	0	0	0	0	0	0	0	0	0	0	0	0	0	0	0	0	0.002131324632857435	0	0	0	0	0	0.0044489916135733	0	0	0	0
ASV_651	0	0	0	0	0	0	0	0	0	0	0	0	0	0	0	0	0	0	0	0	0	0	0.002381151807401912	0	0	0	0	0	0	0	0	0	0	0	0	0	0	0	0	0	0.001031600050606795	0	0	0	0	0	0	0	0	0	0
ASV_652	0	0	0	0	0	0	0	0	0	0	0	0	0	0	0	0	0	0	0.006350330500472143	0	0	0	0	0	0	0	0	0	0	0	0	0	0	0	0	0	0	0	0	0	0	0	0	0	0	0	0	0	0	0	0
ASV_653	0	0	0	0	0	0	0	0	0	0	0	0	0	0	0	0	0	0	0	0	0	0	0	0	0	0	0	0	0	0	0	0	0.0132507102968551	0	0	0	0	0	0	0	0	0	0	0	0	0	0	0	0	0	0
ASV_654	0	0	0	0	0	0	0.0013571869216533004	0	0	0	0.003798670465337132	0	0	0	0	0	0	0	4.721435316336166e-5	0	0	0	0	0	0	0	0	0	0	0	5.153642981382464e-4	0	0	0	0	0	0	0	0	0	0	0	0	0	0	0	0	0	0	0.0019308943089430895	0
ASV_656	0	0	0	0	0	0	0	0	0	0	0	0	0	0	0	0	0	0	0	0	0	0	0	0	0	0.013493064312736443	0	0	0	0	0	0	0	0	0	0	0	0	0	0	0	0	0	0	0	0	0	0	0	0	0
ASV_657	0	0	0	0	0	0	0	0.002967359050445104	0	0	0	0	0	0	0	0	0	0	0	0	0	0	0	0	0	0	0	0	0	0	0	0	0	0	0	0	0	0	0	0	3.2115850632098334e-4	0	0	0	0	0	2.6352911996775646e-4	0	0	0	0
ASV_658	0	0	0	0	0	0	0	0	0	0	0	0	0	0	0	0	0	0	0	0	0	0	0	0.004205501250284156	0	0	0	0	0	0	0	0	0	0	0	0	0.00896992868171458	0	0	0	0	0	0	0	0	0	0	0	0	0	0
ASV_659	0	0	0	0	0	0	0	0	0	0	0	0	0	0	0	0	0	0	0	0	0	0	0	0	0.0017297920645789038	0	0	0	0	0	0	0	0	0	0	0	0	0	0	0	0	0	0	0	0	0	0	0	0	0	0
ASV_660	0	0	0	0	0	0	0	0	0	0	0	0	0	0	0	0	0	0	0	0	0	0	0	0	0.010486864391509605	0	0	0	0	0	0	0	0	0	0	0	0	0	0	0	0	0	0	0	0	0	0	0	0	0	0
ASV_661	0	0	0	0	0	0	0.0036397285626156694	0	0	0	0	0	0	0	0	0	0	0	0.004166666666666667	0	0	0	0	0	0	0	0	0	0	0	0	0	0	0	0	0	0	0	0	0	0	0	0	0	0	0	0	0	0	0	0
ASV_662	0	0	0	0	0	0	0	0	0	0	0	0	0	0.012505924818609399	0	0	0	0	0	0	0	0	0	0	0	0	0	0	0	0	0	0	0	0	0	0	0	0	0	0	0	0	0	0	0	0	0	0	0	0	0
ASV_663	0	0	0	0	0	0	0	0	0	0.0052524073533702946	0	0	0	0	0.0019348987201451174	0	0.0011419696692855838	0	0	0.001673573477845075	0	0	0	0	0	0	0	0	0	0	0	0	0	0	0	0.002198213367008091	0	0	0	0	0	0	0	0	0	0	0	0	0	0.00274390243902439	0
ASV_665	0	0	0	0	0	0	0	0	0	0	0	0	0	0	0	0	0	0	0	0	0	0	0	0	0	0	0	0	0	0	0	0	0	0	0	0	0	0	0	0	0	0	0	7.616146230007616e-4	0	0	0	0	0	0	0
ASV_666	0	0	0	0	0	0	0.0032078963602714373	0	0	0	0	0	0	0	0	0	0	0	0.004981114258734655	0	0	0	0	0	0	0	2.2347795549596143e-4	0	0	0	0	0	0	0	0	0	0	0	0	0	0	0	0	0	0	0	0	0	0	0	0
ASV_668	0	0	0.00940319599956517	0	0	0	0	0	0	0	0	0	0	0	0	0	0	0	0	0	0	0	0	0	0	0	0	0	0.0036994765634224096	0.001107496366027549	0	0	0	0	0	0	0	0	0	0	0	0	0	0	0	2.194013477511362e-4	0	0	0	0	0
ASV_670	0	0	0	0	0	0	0	0	0	0	0	0	0	2.9168337769351366e-4	0	0	0	0	0.0029981114258734653	0	0	0	0	0	0	0	0	0	0	0	0	0	0	0	0	0	0	0	0	0	0	0	0	0	5.474077959993613e-4	0	0	0	0	0	0
ASV_671	0	0	0	0	0	0	0	0	0	0	0	0	0	0	0	0	0	0	0	0	0	0	0	0	0.008684997657573246	0	0	0	0	0	0	0	0	0	0	0	0	0	0	0	0.002715249189804677	0	0	0	0	0	0	0	0	0	0
ASV_672	0	0	0	0	0	0	0	0	0	0	0	0	0	0	0	0	0	0	5.075542965061379e-4	0	0	0	0	0	0	0	7.981355553427195e-4	0	0	0	0	0	0	0	0	0	0	0	0	0	0	0	0	0	2.9651255616632076e-4	0	0	0	0	0	0
ASV_673	0	0	0	0	0	0	0	0	0	0	0	0	0	0	0	0	0	0.0030142819549771535	0	0	0	0	0	0	0	0	0	0	0	0	0	0	0	0	0	0	0	0.0027335984095427437	0	0	0	0	0	0	0	0	0	0	0	0	0
ASV_674	0	0	0	0	0	0	0	0	0	0	0	0.004294681202510736	0	0	0	0	0	0	0	0	0	0	2.153805654936403e-4	0	0	0	0	0	0	0	0	0	0	0	0	0	0	0	0	0	0.003318637898650161	0	0	0	0	0	0.001705188423320777	0	0	0	0
ASV_675	0	0	0	0	0	4.0192926045016077e-4	0	0.00791295746785361	0	0	0	0	0	1.8230211105844607e-4	0	0	0	0	0	0	0	0	2.632429133811159e-4	0	0.0016937547299001765	0	0	0	0	0	0	0	0	0	0	0	0	0	0	0	0.0013040981771821748	0	0	0	0	0	0.0019532158303492537	0	0	0	0
ASV_676	0	0	0	0	0	0	0	0	0	0	0	0	0	0	0	0.007462686567164179	0	0	0.0028328611898017	0	0	0	0	0	0	0	0	0	0	0	0	0.0030257186081694403	0	0	0	0	0	0	0	0	0	0	0	0	0.0011404329083320027	0	0	0	0	0	0
ASV_677	0	0	0	0	0	0	0	0	0	0	0	0	0	0	0	0	0	0	0	0	0	0	0	0	0	0	0	0	0	0	0	0	0	0	0	0	0	0	0	0	0.002014539721467986	0	0	0	0	0	8.060890728425491e-4	0	0	0	0
ASV_678	0	0	0	0	0	0	0	0	0	0	0	0	0	0	0	0	0	0	0	0	0	0	0	0	0	0	0	0	0	0	0	0	9.797198001371607e-4	0	0	0	0	0	0	0	0	0	0	0	0	0	0	0	0	0	0
ASV_679	0	0	0	0	0	0	0	0	0	0	0	0	0	0	0	0	0	0	0	0	0	0	0	0	0	0	0	0	0	0	0	0	0.0017879886352503184	0	0	0	0	0	0	0	0	0	0	0	0	0	0	0	0	0	0
ASV_680	0	0	0	0	0	0	0	0	0	0	0	0	0	0	0	0	0	0	0	0	0	0	0	0	0.0014054560524703592	0	0	0	0	0	0	0	0	0	0	0	0	0	0	0	0	0	0	0	0	0	0	0	0	0	0
ASV_681	0	0	0	0	0	0	0	0	0	0	0	0	0	0	0	0	0	0	0	0	0	0	0	0	0	0	4.7888133320563166e-4	0	0	0	0	0	0	0	0	0	0	0	0	0	0	0	0	0	0	0	7.750856469639895e-5	0	0	0	0
ASV_682	0	0	0	0	0	0	4.935225169648365e-4	0	0	0	0	0	0	0	0	0	0	0	0.002608593012275732	0	0	0	0	0	0.0017658293992576309	0	8.300609775564281e-4	0	0	0	0	0	0	0	0	0	0	0	0	0	0	0	0	0	2.0527792349976052e-4	0	0	0	0	0	0
ASV_683	0	0	0	0.020824167766534684	0	0	0	0	0	0	0	0	0	0	0	0	0	0	0	0	0	0	0	0	0	0	0	0	0	0	0	0	0	0	0	0	0	0	0	0	0	0	0	0	0	0	0	0	0	0	0
ASV_684	0	0	0	0.0022975020775284744	0	0	0	0	0	0	0	0	0	0	0	0	0	0	4.721435316336166e-5	0	0	0	0	0	0	0	0	0	0	0	0	0	0	0	0	0	0	0	0	0	0	0	3.377009320545725e-4	0	0	0	0	0	0	0	0
ASV_686	0	0	0	0	0	0	0	0	0	0	0	0	0	0	0	0	0	0.0011482978876103443	0	0	0	0	0	0	0	0	0	0	0	0	0	0	0	0	0	0	0.0013969561061686641	0	0	0.0034904837150067218	0	0	0	0	0	0	0	0	0	0	0
ASV_688	0	0	9.240134797260572e-4	0	0	0	0	0	0	0	0	0	0	0	0	0	0	0	0	0	0	0	0	0	0	0	0	0	0	0	0	0	0	0	0	5.144754688742342e-4	0	0	0	0	0	0	0	0	0	0	0	0	0	0	0
ASV_689	0	0	0	0	0	0	0	0	0	0	0	0	0	0	0	0	0	0	9.08876298394712e-4	0	0	0	0	0	0	0	0	0	0	0	0	0	0	0	0	0	0	0	0	0	0	0	0	0	9.579636429988824e-4	0	0	0	0	0	0
ASV_690	0	0	0	0	0	2.0096463022508038e-4	0	0	0	0	0	0	0	0	0	0	0	0	4.721435316336166e-5	0	0	0	0	0	1.0811200403618149e-4	0	0	0	0	0	0	0	0	0	0	0	0	0	0	0	0	0	0	0	0	0	0	0	0	0	0
ASV_691	0	0.006374111301789654	0	0	0	0	0	0	0	0	0	0	0	0	0	0	0	0	0	0	0	0	0	0	0	0	0	0	0	0	0	0	0	0	0	0	0	0	0	0	0	0	0	0	0	0	0	0	0	0	0
ASV_692	0	0	0	0	0	0	0	0	0	0	0	0	0	0	0	0	0	0	0	0	0	0.03537284894837476	0	0	0	0	0	0	0	0	0	0	0	0.004378820259142468	0	0.002993311818904635	0	0	0	0	0	0	0	0	0	0	0	0	0	0	0
ASV_695	0	0	0	0	0	0	0	0	0	0	0	0	0	0	0	0	0	0	0.004154863078375827	0	0	0	0	0	0	0	0	0	0	0	0	0	0	0	0	0	0	0	0	0	0	0	0	0	0.001984353260497685	0	0	0	0	0	0
ASV_696	0	0	0	0	0	0	0	0	0	0	0	0	0	0	0	0	0	0	0	0	0	0	0	0	0	0	0	0	0	0	0	0	0	0	0	0	0	0	0	0	0	0	0	0	0	0	0	0	0	0.002845528455284553	0
ASV_697	0	0	0	0	0	0	0	0	0	0	0	0	0	1.0938126663506764e-4	0	0	0	0	0.003989612842304061	0	0	0	0	0	0	0	0	0	0	0	0	0	0	0	0	0	0	0	0	0	0	0	0	0	0	0	0	0	0	0	0
ASV_698	0	0	0	0	0	0	0	0	0	0	0	0	0	0	0	0	0	0	0	0	0	0	0	0	0	0	0	0	0	0	0	0	0	0	0	0	0	0	0	0.010518619843871606	0	0	0	0	0	0	0	0	0	0	0
ASV_699	0	0	0	0	0	0	0	0	0	0	0	0	0	0	0	0	0	0	0	0	0	0	0	0	0	0	0	0	0	0	0	0	0	0	0	0	0	0	0	0	0	0	0	0	0	0.014825262498041059	0	0	0	0	0
ASV_700	0	0	0	0	0	0	0	0	0	0	0	0	0	0	0	0	0	0	0	0	0	0	0	0	0	0	0	0	0	0	0	0	0	0	0	0	0	0	0	0	3.5035473416834546e-4	0	0	0	0	0	0.006138678323954797	0	0	0	0
ASV_701	0	0	0	0	0	0	0.026773596545342383	0	0	0	0	0	0	0	0	0	0	0	0	0	0	0	0	0	0	0	0	0	0	0	0	0	0	0	0	0	0	0	0	0	0	0	0	0	3.649385306662409e-4	0	0	0	0	0	0
ASV_702	0	0	0	0	0	0	0	0	0	0	0	0	0	0	0	0	0	0	0	0	0	0	0	0	0	0.009457755359394703	0	0	0	0	0	0	0	0	0	0	0	0	0	0	0	0	0	0	0	0	0	0	0	0	0
ASV_703	0	0	0	0	0	0	0.026773596545342383	0	0	0	0	0	0	0	0	0	0	0	0	0	0	0	0	0	0	0	0	0	0	0	0	0	0	0	0	0	0	0	0	0	0	0	0	0	0	0	0	0	0	0	0
ASV_704	0	0	0	0	0	0	0	0	0	0	0	0	0	0	0	0	0	0	0.005524079320113315	0	0	0	0	0	0	0	0	0	0	0	0	0	0	0	0	0	0	0	0	0	0	0	0	0	0	0	0	0	0	0	0
ASV_706	0	0	0.00744646157190999	0	0	0	0	0	0	0	0	0	0	0	0	0	0	0	0	0	0	0	0	0	0	0	0	0	0	9.344500588357444e-4	0	0	0	0	0	0	0	0	0	0	0	0	0	0	0	0.0018492399310452907	0	0	0	0	0
ASV_709	0	0	0	0	0	0	0	0	0	0	0	0	0	0	0	0	0	0	0	0	0	0	0	0	0	0	0	0	0	0	0	0	0	0	0	0	0	0	0	0	0	0	0	0	0	0	0	0.008802816901408451	0	0	0
ASV_710	0	0	0	0	0	0	0	0	0	0	0	0	0	0	0	0	0	0	0	0	0	0	0	0	0	0	0	0	0	0	0	0	0	0	0	0	0	0	0	0	3.6981888606658686e-4	0	0	0	0	0	0.003580895688973632	0	0	0	0
ASV_711	0	0	0	0	0	0	0.0014805675508945096	0	0	0	0	0	0	4.3752506654027055e-4	0	0	0	0	0.0018649669499527857	0	0	0	0	0	0	0	0	0	0	0	0	0	0	0	0	0	0	0	0	0	0	0	0	0	0	0	0	0	0	0	0
ASV_712	0	0	0	0	0	0	0	0	0	0.05252407353370295	0	0	0	0	0	0	0.005207381691942262	0	0	0	0	0	0	0	0	0	0	0	0	0	0	0	0	0	0	0	0	0	0	0	0	0.015334338863750628	0	0	0	0	6.975770822675905e-4	0	0	0	0
ASV_715	0.0010787486515641855	0	0	0	0	0	0	0	0	0	0	0	0	0	0	0	0	0	0	0	0	0	0	0	0	0	0	0	0	0	0	0	0	0	0	0	0	0	0	0	0	0	0	0	0.001254476199165203	0	0	0	0	0	0
ASV_716	0	0	0	0	0	0	0	0	0	0	0	0	0	0	0	0	0	0	0	0	0	0	0	0	0	0.0011853720050441362	0	0	0	0	0	0	0	0	0	0	0	0	0	0	0	0	0	0	0	0	0	0	0	0	0
ASV_718	0	0	0	0	0	0	6.169031462060457e-4	0	8.32513433739499e-4	0	0	0	0	0	0	0	0	0	1.1803588290840416e-4	0	0	0	0	0	0	0	0	0	0	0	0	0	0	0	0	0	0	0	0	0	0	0	0	0	0	0	0	0	0	0	0
ASV_719	0	0	0	0	0	0	0	0	0	0	0	0	0	0	0	0	0	0	0	0	0	0	0	0	0	0	0	0	0	0	0	0	0	0	0	0	0.0064701124917285495	0	0	0	0	0	0	0	2.2808658166640058e-4	0	0	0	0	0	0
ASV_720	0	0	0	0	0	0	0	0	0	0	0	0	0	0	0	0	0.020738169194226202	0	0	0	0	0	0	0	0	0	0	0	0	0	0	0	0	0	0	0	0	0	0	0	0	0	0	0	0	0	0	0	0	0	0
ASV_721	0	0	0	0	0	0	0	0	0	0	0	0	0	0	0	0	0	0	0	0	0	0	0	0	0	0.007313997477931904	0	0	0	0	0	0	0	1.9428212753874434e-4	0	0	0	0	0	0	0	0	0	0	0	0	0	0	0	0	0
ASV_722	0	0	0	0	0	0	0	0	0	0	0	0	0	0	0	0	0	0	0	0	0	0	0	0	0	0	0	0	0	0	0	0	0	0	0	0	0	0	0	0	0.00439889832900256	0	0	0	0	0	0	0	0	0	0
ASV_723	0	0	0	0	0	0	0	0	2.5227679810287846e-5	0	0	0	0	0	0	0	0	0	0	0	0	0	0	0	0	0	0	0	0	0	0	0	0	0	0	0	0	0	0	0	0	0.005153343388637506	0	0	0	0	0	0	0	0	0
ASV_724	0	0	0	0	0	0	0	0	0	0	0	0	0	0	0	0	0	0	0	0	0	0	0	0	0	0	0	0	0	0	0	0	0	0	0	0	0.02646864201161679	0	0	0	0	0	0	0	0	0	0	0	0	0	0
ASV_725	0	0.014219171365530768	0	0	0	0	0	0	4.0364287696460554e-4	0	0	0	0	0	0	0	0	0	3.3050047214353164e-4	0	0	0	0	0	0	0	0	0	0	0	0	0	0	0	0	0	0	0	0	0	0	0	0	0	0	0	0	0	0	0	0
ASV_726	0	0	0	0	0	0	0	0	0	0	0	0	0	0	0	0	0	0	0	0	0	0	0	0	0	0	0	0	0	0	0	0	0	0	0	0	0	0	0	0	0	0	0	0	0	0	0	0.008480993487808572	0	0	0
ASV_727	0	0	0	0	0	0	0	0	0.0017407099069098615	0	0	0	0	0	0	0	0	0.006626635726418029	0	0	0	0	0	0	0	0	0	0	0	0	0	0	0	0	0	0	0	0.007455268389662028	0	0	0	0	0	0	0	0	0	0	0	0	0
ASV_730	0	0	0	0	0	0	0	0	0	0	0	0	0	0	0	0	0	0	0.004768649669499528	0	0	0	0	0	0	0	0	0	0	0	0	0	0	0	0	0	0	0	0	0	0	0	0	0	0	0	0	0	0	0	0
ASV_731	0	0	0	0	0	0	0	0	0	0	0	0	0	0	0	0	0	0	0	0	0	0	0	0.007209430714772838	0	0	0	0	0	0	0	0	0	0	0	0	0	0	0	0	0	0	0	0	0	0	0	0	0	0	0
ASV_732	0	0	0	0	0	0	0.0016656384947563233	0	0	0	0	0	0	0	0	0	0	0	0.001935788479697828	0	0	0	0	0	0	0	6.385084442741755e-4	0	0	0	0	0	0	0	0	0	0	0	0	0	0	0	0	0	0.0013913281481650434	0	0	0	0	0	0
ASV_733	0	0	0	0	0	0	0	0	0	0	0	0	0	0	0	0	0	0	0	0	0	0	0	0	0.015964539262676134	0	0	0	0	0	0	0	0	0	0	0	0	0	0	0	0	0	0	0	0	0	0	0	0	0	0
ASV_734	0	0	0	0	0	0	6.169031462060457e-4	0	0	0	0	0	0	0	0	0	0	0	0.004674220963172804	0	0	0	0	0	0	0	0	0	0	0	0	0	0	0	0	0	0	0	0	0	0	0	0	0	0	0	0	0	0	0	0
ASV_735	0	0.0225545476832557	0	0	0	0	0	0	0	0	0	0	0	0	0	0	0	0	0	0	0	0	0	0	0	0	0	0	0	0	0	0	0	0	0	0	0	0	0	0	0	0	0	0	0	0	0	0	0	0	0
ASV_736	0.0593311758360302	0	0	0	0	0	0	0	0	0	0	0	0	0	0	0	0	0	0	0	0	0	0	0	0	0	0	0	0	0	0	0	0	0	0	0	0	0	0	0	0	0	0	0	0	0	0	0	0	0	0
ASV_738	0	0	0	0	0	0	0	0	0	0	0	0	0	0	0	0	0	0	0	0	0	0	6.820384573965276e-4	0	0	0	0	0	0	0	0	0	0	0	0	0	0	0	0	0	0.001995075569569745	0	0	0	0	0	0	0	0	0	0
ASV_739	0	0	0	0	0	0	0	0	0	0	0	0	0	0	0	0	0	0	0	0	0	0	0	0	0	0	0	0	0	0	0	0	0	0	0	0	0	0	0	4.716869885144218e-5	0	0	3.9173308118330407e-4	0	0	0	0	0	0	0	0
ASV_740	0	0.0051483206668301055	0	0	0	0	0	0	0	0	0	0	0	0	0	0	0	0	0	0	0	0	0	0	0	0	0	0	0	0	0	0	0	0	0	0	0	0	0	0	0	0	0	0	0	0	0	0	0	0	0
ASV_741	0	0	0	0	0	0	0.00215916101172116	0	0	0	0	0	0	0	0	0	0	0	0.0015226628895184135	0	0	0	0	0	0	0	0	0	0	0	0	0	0	0	0	0	0	0	0	0	0	0	0	0	0	0	0	0	0	0	0
ASV_742	0	0	0	0	0	0	0	0	0	0	0	0	0	0	3.426383150256979e-4	0	0	0	0	0	0	0	0	0	0	0	0	0	0	0	0	0	0	0	0	0	0	0	0	0	4.866037974560353e-5	0	0	0	0	0	0	0	0	0	0
ASV_743	0	0	0	0	0	0	0	0	0	0	0	0	0	0	0	0	0.019961629819112005	0	0	0	0	0	0	0	0	0	0	0	0	0	0	0	0	0	0	0	0	0	0	0	0	0	0	0	0	0	0	0	0	0	0
ASV_744	0	0	0	0	0	0	0	0	0	0	0	0	0	0	0	0	0	0	0	0	0	0	0	0	0	0	0	0	0	0	0	0	0	0	0	0	0	0	0	0	0	0	0	0	0	0	0	0	0	0.009451219512195122	0
ASV_745	0	0	0	0	0	0	0	0	0	0	0	0	0	0	0	0	0	0	0	0	0	0	0	0	0.0010811200403618149	0	0	0	0	0	0	0	0	0	0	0	0	0	0	0	0	0	0	0	0	0	0	0	0	0	0
ASV_746	0	0	0	0	0	0	0	0	0	0	0	0	0	0	0	0	0	0	0	0	0	0	0	0	0.00241450142347472	0	0	0	0	0	0	0	0	0	0	0	0	0	0	0	0	0	0	0	0	0	0	0	0	0	0
ASV_747	0	0	0	0	0	0	0	0	0	0	0	0	0	0	0	0	0	0	0	0	0	0	0	0	0	0	0	0	0.0018497382817112048	0	0	0	0	0	0	0	0	0	0	0	0	0	0	0	0	0	0	0	0	0	0
ASV_748	0	0	0	0	0	0	4.3183220234423197e-4	0	0	0	0	0	0	0	0	0	0	0	0.0020538243626062325	0	0	0	0	0	0	0	0	0	0	0	0	0	0	0	0	0	0	0	0	0	0	0	0	0	0	0	0	0	0	0	0
ASV_749	0	0	0	0	0.0144331963516087	0	0	0	0	0	0	0	0	0	0	0	0	0	0	0	0	0	0	0	0	0	0	0	0	0	0	0	0	0	0	0	0	0	0	0	0	0	0	0	0	0	0	0	0	0	0
ASV_752	0	0	0	0	0	0	0	0	0	0.01371461920046688	0	0	0	0	0	0	4.5678786771423353e-4	0	0	0	0	0	0	0	0	0	0	0	0	0	0	0	0	0	0	0	0	0	0	0	0	0.04675716440422323	0	0	0	0	0	0	0	0	0
ASV_753	0	0	0	0	0	0	0	0	0	0	0	0	0	0	0	0	0	0	0.0041784702549575075	0	0	0	0	0	0	0	0	0	0	0	0	0	0	0	0	0	0	0	0	0	0	0	0	0	0	0	0	0	0	0	0
ASV_754	0	0	0	0	0	0	0	0	0	0	0	0	0	0	0	0	1.827151470856934e-4	0	0	0	0	0	0	2.2732439190725165e-4	0	0	0	5.564142194744977e-4	7.871226730685978e-5	0	0	0	0	0	1.9419189690175656e-4	0	0	0	0	0	0	0	0	0	0	0.0013477511361855508	1.3951541645351812e-4	0	0	0	1.1112839775076123e-4
ASV_755	0	0	3.804761387107294e-4	0	0	0	0	0	0	0	0	0	0	2.5522295548182446e-4	0	0	0	0	0	0	0	0	0	0	0	0	0	0	0	1.0382778431508272e-4	0	0	0	4.0350903411893053e-4	0	0	0	0	0	0	0	0	5.268134540051331e-4	0	0	0	0	0	9.036076535568257e-5	0	0
ASV_757	0	0	3.804761387107294e-4	0	0	0	0	0	0	0	0	0	0	0	0	0	0	0	0	0	0	0	0	0	0	0	0	0	0.014483057184462198	0	0	0	0	1.046134532900931e-4	0	0	0	0	0	0	0	0	0	0	0	0	0	0	0	0	0
ASV_759	0	0	0	0	0	0	0	0.010880316518298714	0	0	0	0	0	0	0	0	0	0	0	0	0	0	0	0	0	0	0	0	0	0	0	0	0	0	0	0	0	0	0	0	0	0	0	0	0	0	0	0	0	0	0
ASV_763	0	0	0	0	0	0	0	0	0	0	0	0	0	0	0	0	0	0	0	0	0	0	0	0.006835969213782353	0	0	0	0	0	0	0	0	0	0	0	0	0	0	0	0	0	0	0	0	0	0	0	0	0	0	0
ASV_764	0	0	0	0	0	0	0	0	0	0	0	0	0	0	0	0	0	0	0	0	0	0	0	0	0	0	0	0	0	0	0	0	0	0	0	0	0	0	0	0	0	0	0	0.00238004569687738	0	0	0	0	0	0	0
ASV_765	0	0	0	0.01803783545974483	0	0	0	0	0	0	0	0	0	0	0	0	0	0	0	0	0	0	0	0	0	0	0	0	0	0	0	0	0	0	0	0	0	0	0	0	0	0	0	0	0	0	0	0	0	0	0
ASV_766	0	0	0	0	0	0	0	0	0	0	0	0	0	0	0	0	0	0	0	0	0	0	0	0	0	0	0	0	0	0	0	0	0	0	0	0	0	0	0.01094966811268489	0	0	0	0	0	0	0	0	0	0	0	0
ASV_768	0	0	0	0	0	0	0	0	0	0	0	0	0	0	0	0	0	0.0012918351235616373	0	0	0	0	0	0	0	0	0	0	0	7.614037516439399e-4	0	0	0	2.839508017873956e-4	0	0	3.6762002793912213e-4	0	0	0	0	0	0	0	0	0	0	0	0.0011520997582849526	0	0
ASV_769	0	0	0	0	0	0	0	0	0	0	0	0	0	0	0	0	0	0	0	0.00940388906598661	0	0	0	0	0	0	0	0	0	0	0	0	0	0	0	0	0	0	0	0	0	0	0	0	0	0	0	0	0	0	0
ASV_770	0	0.06227016425594509	0	0	0	0	0	0	0	0	0	0	0	0	0	0	0	0	0	0	0	0	0	0	0	0	0	0	0	0	0	0	0	0	0	0	0	0	0	0	0	0	0	0	0	0	0	0	0	0	0
ASV_771	0	0	0	0	0	0	0	0	0	0	0	0	0	0	0	0	0	0	0.0040250236071765816	0	0	0	0	0	0	0	0	0	0	0	0	0	0	0	0	0	0	0	0	0	0	0	0	0	2.7370389799968067e-4	0	0	0	0	0	0
ASV_772	0	0	0	0	0	0	0	0	0	0	0	0	0	0	0	0	0	0.003420970790172484	0	0	0	0	0	0	0	0	1.277016888548351e-4	0	0	0	0	0	0	0	0	0.0032271643047565596	0	0.0058399602385685884	0	0	0	0	0	0	0	0	0	0	0	0	0
ASV_773	0	0	0	0	0	0	0	0	0	0	0	0	0	0	0.0010883805300816285	0	0	0	0	0	0	0	5.384514137341007e-4	0	0	0	0	0	0	0	0	0	0	0	0	0	0	0	0	0	0.001965879341722383	0	0	0	0	0	0	0	0	0	0
ASV_774	0	0	0	0	0	0	0	0	0	0	0	0.004625041295011563	0	0	0	0	0	0	0	0	0	0	0.001268352219018104	0	0	0	0	0	0	0	0	0	0	0	0	0	0	0	0	0	4.3794341771043183e-4	0	0	0	0	0	0	0	0	0	0
ASV_775	0	0	0	0	0	0	0	0	0	0	0	0	0	0	0	0	0	0	0	0	0	0	0	0	0	0	0	0	0	0	0	0	0	0	0	0	0	0	0	0	0	0	0	0	0	0	0	0	0	0	0.008934723179161204
ASV_776	0	0	0	0	0	0	0	0	0	0	0	0	0	0	0	0	0	0	0	0	0	0	0	0	0	0	0	0	0	0	0	0	0	0	0	0	0	0	0	0	0	0	0.0053761988383087935	0	0	0	0	0	0	0	0
ASV_777	0	0	0	0	0	0	0	0	0	0	0	0.002642880740006607	0	0	0	0	0	0	0	0	0	0	7.418663922558721e-4	0	0	0	0	0	0	0	0	0	0	0	0	0	0	0	0	0	8.369585316243808e-4	0	0	0	0	0	0	0	0	0	0
ASV_778	0	0	0	0	0	0	0	0	0	0	0	0	0	0	8.062078000604655e-5	0	0	0	0	0	0	0	0	0	0	0	0	0.005131375579598145	0	0	0	0	0	0	0	0.0016369674009634723	0	0	0	0	0	0	0	0	0	0	0.0030073323102202793	0	0	0	0
ASV_779	0	0	0	0	0	0	0	0	0	0	0	0	0	0	0	0	0	0	0	0	0	0	0	0	0	0	0	0	0.002754929355740092	0	0	0	0	0	0	0	0	0	0	0	0	0	0	0	0	0	0	0	0	0	0
ASV_780	0	0	0	0	0	0	0	0	0	0	0	0	0	0	0	0	0	0	0.0014872521246458925	0	0	0	0	0	0	0	0	0	0	0	0	0	0	0	0	0	0	0	0	0	0	0	0	0	0	0	0	0	0	0	0
ASV_783	0	0	0.00918578106315904	0	0	0	0	0	0	0	0	0	0	0	0	0	0	0	0	0	0	0	0	0	0	0	0	0	0.0018103821480577747	0.0020073371634249325	0	0	0	1.046134532900931e-4	0	0	0	0	0	0	0	0	0	0	0	0	0	0	0	0	0
ASV_785	0	0	0	0	0	0	0	0	0	0	0	0	0	0	0	0	0	0	0	0	0	0	0	0.006283895690579027	0	0	0	0	0	0	0	0	0	0	0	0	0	0	0	0	0	0	0	0	0	0	0	0	0	0	0
ASV_786	0	0	0	0	0	0	0	0	0	0	0	0	0	0	0	0	0	0	5.193578847969783e-4	0	0	0	0	0	0	0	0.010886568974874692	0	0	0	0	0	0	0	0	0	0	0	0	0	0	0	0	0	0	0	0	0	0	0	0
ASV_787	0	0	0	0	0	0	0	0	0	0	0	0	0	0	0	0	0	0	0	0	0	0	0	0	0	0	0	0	0	0	0	0	0	0	0	0	0	0	0	0	0	0	0.005092530055382953	0	0	0	0	0	0	0	0
ASV_788	0	0	0	0	0	0	0	0	0	0	0	0	0	0	0	0	0	0	0	0	0	0	0	0	0	0	0	0	0	0	0	0	0	0	0	0	0	0	0	0	0	0	0	0	0	0.00460742830277386	0	0	0	0.005386178861788618	0
ASV_789	0	0	0	0	0	0	0	0	0	0	0	0	0	0	0	0	0	0	0	0	0	0	0.0022016680028238787	0	0	0	0	0	0	0	0	0	0	0	0	0	0	0	0	0	0	0	0	0	0	0	0	0	0	0	0
ASV_790	0	0	0	0	0	0	0	0	0	0	0	0	0	0	0	0	0	0	0	0	0	0	0.001017074892608857	0	0	0	0	0	0	0	0	0	0	0	0	0	0	0	0	0	0.0011386528860471228	0	0	0	0	0	0	0	0	0	0
ASV_791	0	0	0	0	0	0	0	0	0	0	0	0.004955401387512388	0	0	0	0	0	0	0	0	0	0	3.7093319612793604e-4	0	0	0	1.277016888548351e-4	0	0	0	0	0	0	0	0	0	0	0	0	0	7.104415442858116e-4	0	0	0	0	0	0.0010541164798710259	0	0	0	0
ASV_793	0	0	0	0	0	0	0	0	0	0	0	0	0	0	0	0	0	0	0.003068932955618508	0	0	0	0	0	0	0	1.5962711106854387e-4	0	0	0	0	0	0	0	0	0	0	0	0	0	0	0	0	0	0	0	0	0	0	0	0
ASV_794	0	0.005638636920813925	0	0	0	0	0	0	0	0	0	0	0	0.007328544864549531	0	0	0	0	0	0	0	0	0	0	0	0	0	0	0	0	0	0	0	0	0	0	0	0	0	0	0	0	0	0	0	0	0	0	0	0	0
ASV_796	0	0	0	0	0	0	0	0	0.004112111809076919	0	0	0	0	0	0	0	0	0	0	0	0	0	0	0	0	0	0	0	0	0	0	0	0	0	0	0.010102427388803143	0	0	0	0	0	0	0	0	0	0	0	0	0	0	0
ASV_797	0	0	0	0	0	0	0	0	0	0	0	0	0	0	0	0	0	0	0	0	0	0	0	0	0	0	0	0	0.014876618520996497	0	0	0	0	0	0	0	0	0	0	0	0	0	0	0	0	0	0	0	0	0	0
ASV_798	0	0	0	0.002541917192159163	0	0	0	0	0	0	0	0	0	0.0062347321981988555	0	0	0	0	0	0	0	0	0	0	0	0	0	0	0	0	0	0	0	0	0	0	0	0	0	0	0	0	0	0	0	0	0	0	0	0	0
ASV_799	0	0	0	0	0	0	0	0	0	0	0	0	0	0	0	0	0	0	0	0	0	0	0	0	0	0	0	0.002287480680061824	0	0	0	0	0	0	0	0	0	0	0	0	0	0	0	0	0	0	0	0	0	0	0
ASV_801	0	0	0	0	0	0	0	0	0	0	0	0	0	0.0014948773106792576	0	0	0	0	0	0	0	0	0	0	0	0	0	0	0	0	0	0	0	3.287851389117212e-4	0	0	0	0	0	7.075304827716327e-4	0	0	0	0	0	0	0	0	0	0	0
ASV_803	0	0	0	0	0	0	0	0	0	0	0	0	0	0	0	0	0	0	5.901794145420208e-5	0	0	0	0	0	0	0	0	0	0	0	0	0	0	0	0	0	0	0	0	0	0	0	0	0	0	0	0	0.0070043919430561865	0	0	0
ASV_804	0	0	0	0	0	0	0	0	0	0	0	0	0	0	0	0	0	0	0	0	0	0	0	0	0	0	0	0	0	0	0	0	0	0.005604292140540702	0	0	0	0	0	0	0	0	0	0	0	0	0	0	0	0	0
ASV_805	0	0	0	0	0	0	5.55212831585441e-4	0	0	0	0	0	0	0	0	0	0	0	0.0016525023607176581	0	0	0	0	0	0	0	2.554033777096702e-4	0	0	0	0	0	0	0	0	0	0	0	0	0	0	0	0	0	2.7370389799968067e-4	0	0	0	0	0	0
ASV_808	0	0	0	0	0	0	0.0016039481801357186	0	0	0	0	0	0	0	0	0	0	0	0.0040250236071765816	0	0	0	0	0	0	0	0	0	0	0	0	0	0	0	0	0	0	0	0	0	0	0	0	0	0	0	0	0	0	0	0
ASV_809	0	0	0	0	0	0	0	0	0	0	0	0	0	0	0	0	0	0	0	0	0	0	0	0	0	0	0	0	0	0	0	0	0	0	0	0	0	0	0	0	6.812453164384495e-4	0	0	0	0	0	0	0	0	0	0
ASV_810	0	0	0	0	0	0	0	0	0	0	0	0	2.785903329154478e-4	0	0	0	0	0	0	0	0	0	0	0	0	0	0	0	0	0	0	0	0	0	0	0	0.0026468642011616794	0	0	0	0	0	0	0	0	0	0	0	0	0	0
ASV_811	0	0.004658004412846286	0	0	0	0	0	0	0	0	0	0	0	0	0	0	0	0	9.08876298394712e-4	0	0	0	0	0	0	0	0	0	0	0	0	0	0	0	0	0	0	0	0	0	0	0	0	0	0.002372100449330566	0	0	0	0	0	0
ASV_812	0	0	0	0	0	0	0	0	0	0	0	0	0	0	0	0	0	0	0	0	0	0	0	0.005975384015847757	0	0	0	0	0	0	0	0	0	0	0	0	0	0	0	0	0	0	0	0	0	0	0	0	0	0	0
ASV_813	0	0	0	0	0	0	0	0	0	0	0	0	5.223568742164647e-4	0	2.015519500151164e-4	0	0	0	0	0	0	0	0	0	0	0	0	0	0	0	0	0	6.123248750857255e-4	0	0	0	0.0019851481508712594	0	0	0	0	0	0	0	0	0	0	0	0	0	0
ASV_815	0	0	0	0	0	0.0030144694533762056	0	0	0	0	0	0	0	0	0	0	0	0	4.603399433427762e-4	0	0	0	0	0	0	0	0	0	0	0	0	0	0	0	0	0	0	0	0	0	0	0	0	0	0	0	0	0	0	0	0
ASV_816	0	0	0	0	0	0	0	0	0	0	0	0	0	9.479709775039195e-4	0	0	0	0	0	0	0	0	0	0	0	0	0	0	0	0	0	0	0	0	0	0	0	0	0	0	0	0	0	0	0	0	0	0	0	0	0
ASV_818	0	0	0.0032612240460919667	0	0	0	0	0	0	0	0	0	0	0	0	0	0	0	0	0	0	0	0	0	0	0	0	0	0	0	0	0	0	0	0	0	0	0	0	0	0	0	0	0	0	0	0	0	0	0	0
ASV_820	0	0	0	0	0	0	0	0	0	0	0	0	0	0	0	0	0	0	8.852691218130312e-4	0	0	0	0	0	0	0	0	0	0	0	0	0	0	0	0	0	0	0	0	0	0	0	0	0	0	0	0	0	0	0	0
ASV_822	0	0	0	0	0	0	4.935225169648365e-4	0	0	0	0	0	0	0	0	0	0	0	0.003186968838526912	0	0	0	0	0	0	0	0	0	0	0	0	0	0	0	0	0	0	0	0	0	0	0	0	0	0	0	0	0	0	0	0
ASV_824	0	0	0	0	0	0	4.935225169648365e-4	0	0	0	0	0	0	0	0	0	0	0	8.734655335221908e-4	0	0	0	0	1.298996525184295e-4	0	0	0	0	0	0	0	0	0	0	0	0	0	0	0	0	0	0	0	0	0	0	0	0	0	0	0
ASV_825	0	0	0	0	0	0	6.169031462060457e-4	0	0	0	0	0	0	0	0.005421747455406631	0	0	0	0	0	0	0	2.8717408732485374e-4	0	0	0	0	0	0	0	0	0	0	0	0	0	0	0	0	0	0	0	0	0	0	0	0	0	0	0	0
ASV_827	0	0	0	0	0	0	0.005798889574336829	0	0	0	0	0	0	0	0	0	0	0	7.200188857412654e-4	0	0	0	0	0	0	0	0	0	0	0	0	0	0	0	0	0	0	0	0	0	0	0	0	0	0	0	0	0	0	0	0
ASV_828	0	0	0	0	0	0	0	0	0	0	0	0	0	0	0	0	0	0	0	0	0	0	0	0	0	0	0	0	0	0	0	0	0.007813265406093858	0	0	4.677049717038492e-4	0	0	0	4.716869885144218e-4	0	0	0	0	0	0	0	0	0	0	0
ASV_831	0	0	0	0	0	0	0	0	0	0	0	0	0	0	0	0	0	0	0	0	0	0	0	0	0	0	0	0	0	0	0	0	0	0	0	0	0	0	0	0	0	0	0.0047953532351749295	0	0	0	0	0	0	0	0
ASV_832	0	0	0	0	0	0	0	0	0	0	0	0	0	0	0	0	0	0	0	0	0	0	0	0	0	0	0	0	0	0	0	0	0	0	0	0	0	0	0	0	0	0	0	0	0	0	0	0.006720430107526882	0	0	0
ASV_833	0	0	0	0	0	0	0	0	0	0	0	0	0	0	0	0	0	0	0	0	0	0	0	0	0.004072218818696169	0	0	0	0	0	0	0	0	0	0	0	0	0	0	0	0	0	0	0	0	0	0	0	0	0	0
ASV_834	0	0	0	0	0	0	0	0	0	0	0	0	0	0	0	0	0	0	0.0030099150141643057	0	0	0	0	0	0	0	0	0	0	0	0	0	0	0	0	0	0	0	0	0	0	0	0	0	5.474077959993613e-4	0	0	0	0	0	0
ASV_835	0	0	0	0	0	5.359056806002144e-4	0	0	0	0	0	0	0	0	0	0	0	0	0	0	0	0	0	0	0	0	0	0	0	0	0	0	0	0	0	0	0	0	0	0	0	0	0	0	0	0	0	0	0	0	0
ASV_836	0	0	0	0	0	0	0	0	0	0	0	0	0	0	0	0	0	0	0	0.011396238444373605	0	0	0	0	0	0	0	0	0	0	0	0	0	0	0	0	0.013896037056098817	0	0	0	0	0	0	0	0	0	0	0	0	0	0
ASV_838	0	0	0	0	0	0	0	0	0	0	0	0.0056161215725140405	0	0	0	0	0	0	0	0	0	0	6.940040443683965e-4	0	0	0	0	0	0	0	0	0	0	0	0	0	0	0	0	0	9.440113670647086e-4	0	0	0	0	0	3.255359717248756e-4	0	0	0	0
ASV_840	0	0	0	0	0	0	0	0.00791295746785361	0	0	0	0.002642880740006607	0	0	0	0	0	0	0	0	0	0	5.02554652818494e-4	0	0	0	3.5117964435079654e-4	0	0	0	0	0	0	0	0	0	0	0	0	0	4.184792658121904e-4	0	0	0	0	0	8.990993504782278e-4	0	0	0	0
ASV_841	0	0	0	0	0	0	0	0	0.005550089558263326	0	0	0	0	0	0.0014713292351103498	0	0	0	0	0	0	0	0	0	0	0	0	0	0	0	0	0	0	0	0	0	0	0	0	0	0	0	0	0	0	0	0	0	0	0	0
ASV_842	0	0	0	0	0	0	0	0	0	0	0	0	0	0	0	0	0	0	0	0	0	0	0	0	0	0	0	0	0	0	0	0	0	0	0	0	0	0	0	0	0	0	0	0	0	0	0	0	0	0.005691056910569106	0
ASV_843	0	0	0	0	0	0	0	0	0	0	0	0	0	3.281437999052029e-4	0	0	0	0	0.002219074598677998	0	0	0	0	0	0	0	0	0	0	0	0	0	0	0	0	0	0	0	0	0	0	0	0	0	0.0018018839951645645	0	0	0	0	0	0
ASV_844	0	0	0	0	0	0	0	0	0	0	0	0	0	0	0	0	0	0	0	0	0	0	0	0	0	0	0	0	0	0	0	0.0045385779122541605	0	0	0	0	0	0	0	0	0	0	0	0	0	0	0	0	0	0	0
ASV_845	0	0	0	0	0	0	0	0	0	0.0032098044937262913	0	0	0	0	0	0	0	0	0	0	0	0	0	1.786120222128406e-4	0	0	0	0	0	0	0	0	0	0	0	0	0	0	0	0	0	0	0	0	0	0	0	1.7037710131758292e-4	5.421645921340954e-4	0.00274390243902439	0
ASV_848	0	0.012257906349595489	0	0	4.343322976178544e-4	0	0	0	0	0	0	0	0	0	0	0	0	0	0	0	0	0	0	0	2.882986774298173e-4	0	0	0	0	0	0	0	0	0	0	0	0.002940960223512977	0	0	0	0	0	0	0	0	0	0	0	0.0031174464047710486	0	0
ASV_849	0	0	0	0	0	0	0	0	0	0	0	0	0	0	0	0	0	1.913829812683907e-4	0	0	0	0	0	0	0	0	0	0	0	0	0	0	0	0	0	0	0	0	0	0	0	0	0	0	0	0	0	0	0	0	0
ASV_851	0	0	0	0	0	0	0.002961135101789019	0	0	0	0	0	0	0	0	0	0	0	7.08215297450425e-4	0	0	0	5.264858267622318e-4	0	0	0	0	0	0	0	0	0	0	0	0	0	0	0	0	0	0	0	0	0	0.0010720069338320828	0	0	0	0	0	0
ASV_854	0	0	0	0	0	0	0	0	0	0	0	0	0	0	0	0	0	0	0	0	0	0	0	0	0.00684709358895816	0	0	0	0	0	0	0	0	0	0	0	0	0	0	0	0	0	0	0	0	0	0	0	0	0	0
ASV_856	0	0	0	0	0	0	0	0	0	0	0	0	0	0	0	0	0	0	7.08215297450425e-4	0	0	0	0	0	0	0	7.342847109153019e-4	0	0	0	0	0	0	0	0	0	0	0	0	0	0	0	0	0	0	0	0	0	0	0	0
ASV_857	0	0	0	0	0	0	0	0	0	0	0	0	0	0	0	0	0	0	0	0	0	0	0	0	0	0	0	0	0	0	0	0	0	0.0050812248740902365	0	0	0	0	0	0	0	0	0	0	0	0	0	0	0	0	0
ASV_860	0	0	0	0	0	0	0.0012338062924120913	0	0	0	0	0	0	0	0	0	0	0	6.373937677053824e-4	0	0	0	0	0	0	0	0	0	0	0	0	0	0	0	0	0	0	0	0	0	0	0	0	0	5.702164541660014e-4	0	0	0	0	0	0
ASV_861	0	0	0	0	0	0	0	0	7.063750346880597e-4	0	0	0	0	0	0	0	0	0	0	0	0	0	0	3.247491312960738e-4	0	0	0	0	0	0	0	0	0	0	0	0	0	0	0.006376417707625568	0	0	0	0	0	0	0	7.750856469639895e-5	0	0	0	0
ASV_862	0	0	0	0	9.354849487153787e-4	0	0	0	0	0	0	0	0	0	0	0	0	0	0	0	0	0	0	0	0	0	0	0	0	0	0	0	0	0	0	0	0	0	0	0	0	0	0	0	1.1404329083320029e-4	0	0	0	0	0	0
ASV_864	0	0	0	0	0	0	0.0032078963602714373	0	0	0	0	0	0	0	0	0	0	0	0.003104343720491029	0	0	0	0	0	0	0	0	0	0	0	0	0	0	0	0	0	0	0	0	0	0	0	0	0	0	0	0	0	0	0	0
ASV_865	0	0	0	0	0	0	0	0	0	0	0	0	0	0	0	0	0	0	0	0	0	0	0	0	0	0	0	0	0.002203943484592074	4.845296601370527e-4	0	0	0	0.0018979869382631178	0	0	0	0	0	0	0	0	0	0	0	0	0	0	0	0	0
ASV_866	0	0	0	0	0	0	4.3183220234423197e-4	0	0	0	0	0	0	0	0	0	0	0	0.002726628895184136	0	0	0	0	0	0	0	4.4695591099192287e-4	0	0	0	0	0	0	0	0	0	0	0	0	0	0	0	0	0	0	0	0	0	0	0	0
ASV_867	0	0	0	0	0	0	0	0	0	0	0	0	0	0	0	0	0	0	0	0	0	0	0	0	0.008432736314822156	0	0	0	0	0	0	0	0	0	0	0	0	0	0	0	0	0	0	0	0	0	0	0	0	0	0
ASV_868	0	0	0	0	0	0	0	0	0	0	0	0	0	6.562875998104059e-4	0	0	0	0	5.429650613786591e-4	0	0	0	0	0	0	0	0	0	0	0	0	0	0	0	0	0	0	0	0	0	0	0	0	0	6.842597449992017e-5	0	0	0	0	0	0
ASV_869	0	0	0	0	0	0	0	0	0	0	0	0	0	0	0	0	0	0	0.002360717658168083	0	0	0	0	0	0	0	0	0	0	0	0	0	0	0	0	0	0	0	0	0	0	0	0	0	0	0	0	0	0	0	0
ASV_871	0	0	0	0	0	0	0.00351634793337446	0	0	0	0	0	0	0	0	0	0	0	0.002301699716713881	0	0	0	0	0	0	0	0	0	0	0	0	0	0	0	0	0	0	0	0	0	0	0	0	0	0	0	0	0	0	0	0
ASV_875	0	0	0	0	0	0	0	0	0	0	0	0	0	0	0	0	0	0	0	0	0	0	0	5.520735232033254e-4	0	0	0	0	0	0	0	0	0	0	0	0	0	0	0	0	0	0	0	0	0	0	3.5653939760343516e-4	0.001855217325458125	0	0	0
ASV_876	0	0	0	0	0	0	0	0	0	0	0	0	0	0	0	0	0	0	0	0	0	0	0	0	0	0	0	0.020030911901081916	0	0	0	0	0	0	0	0	0	0	0	0	0	0	0	0	0	0	0	0	0	0	0
ASV_878	0	0.01152243196861976	0	0	0	0	0	0	0	0	0	0	0	0	0	0	0	0	0	0	0	0	0	0	0	0	0	0	0	0	0	0	0	0	0	0	0	0	0	0	0	0	0	0	0	0	0	0	0	0	0
ASV_880	0	0	0	0	0	0	0	0	0	0	0	0	0	0	0	0	0	0	1.0623229461756374e-4	0	0	0	0	0	0	0	0	0	0	0	0	0.006051437216338881	0	0	0	0	0	0	0	0	0	0	0	0	0	0	0	0	0	0	0
ASV_883	0	0	0	0	0	0	0.0028994447871684144	0	0	0	0	0	0	0	0	0	0	0	0.0023961284230406043	0	0	0	0	0	0	0	0	0	0	0	0	0	0	0	0	0	0	0	0	0	0	0	0	0	3.421298724996008e-4	0	0	0	0	0	0
ASV_885	0	0	0	0	0	0	0	0	0	0	0	0	0	0.005432602909541693	0	0	0	0	0	0	0	0	0	0	0	0	0	0	0	0	0	0	0	0	0	0	0	0	0	0	0	0	0	0	0	0	0	0	0	0	0
ASV_886	0	0	0	0	0	0	0	0	0	0	0	0	0	0	0	0	0	0	0	0	0	0	0	0	0	0	0	0	0	0	0	0	0	0	0	0	0	0	0	0	0	0	0.004322571930298527	0	0	0	0	0	0	0	0
ASV_887	0	0	0	0	0	0	0	0	0	0	0	0	0	0	0	0	0	0	0	0	0	0	0	0	0.001549605391185268	0	0	0	0	0	0	0	0	0	0	0	0	0	0	0	0	0	0	0	0	0	0	0	0	0	0
ASV_888	0	0	0	0.015593684313437942	0	0	0	0	0	0	0	0	0	0	0	0	0	0	0	0	0	0	0	0	0	0	0	0	0	0	0	0	0	0	0	0	0	0	0	0	0	0	0	0	0	0	0	0	0	0	0
ASV_890	0	0	0	0	0	0	0	0	0	0	0	0	0	0	0	0	0	0	0	0	0	0	0	0	0	0	0	0	0	0	4.5094376087096566e-4	0	0	0	0	0	0	0	0	0	0	0	0	0	0	0	0	0.0026124488868696045	0	0	0
ASV_892	0	0	0	0	0.0010023053021950487	0	0	0	0	0	0	0	0	0	0	0	0	0	0	0	0	0	0	0	0	0	0	0	0	0	0	0	0	0	0	0	0	0	0	0	0	0	0	0	0	0	0.004030445364212746	0	0	0	0
ASV_894	0	0	0.0010327209479291228	0	0	0	0	0	0	0	0	0	0	0	0	0	0	0	0	0	0	0	0	0	0	0	0	0	0	0	0	0	0	0	0	0	0	0	0	0	0	0	0	0	0	0	0	0	0	0	0
ASV_895	0	0	0	0	0	0	0	0	0	0	0	0	0	0	0	0	0	0	0	0	0	0	0	0	0.010090453710043605	0	0	0	0	0	0	0	0	0	0	0	0	0	0	0	0	0	0	0	0	0	0	0	0	0	0
ASV_898	0	0	0	0	0	0	0	0	0	0	0	0	0	0	0	0	0	0	0	0	0	0	0	0	0.006450682907492162	0	0	0	0	0	0	0	0	0	0	0	0	0	0	0	0	0	0	0	0	0	0	0	0	0	0
ASV_899	0	0	0	0	0	0	0	0	0	0	0	0	0	0	0	0	0	0	0	0	0	0	0	0	1.0811200403618149e-4	0	0	0	0	0	0	0	0	0	0	0	0	0	0	0	0.002783373721448522	0	0	0	0	0	0	0	0	0	0
ASV_900	0.007281553398058253	0	0	0	0	0	0	0	0	0	0	0	0	0	0	0	0	0.0035884308987823256	0	0	0	0	0	0	0	0	0	0	0	0	0	0	0	2.5406124370451184e-4	0	0	0	0	0	0	0	0	0	0	0	0	0	0	0	0	0
ASV_901	0	0	0	0	0	0	0	0	0	0	0	0	0	0	0	0	0	0	0	0	0	0	5.264858267622318e-4	0	0	0	0	0	0	0	0	0	0	0	0	0	0	0	0	0	7.98030227827898e-4	0	0	0	0	0	0	0	0	0	0
ASV_903	0	0	0	0	0	0	0	0	0	0	0	0.0016518004625041295	0	0	0	0	0	0	0	0	0	0	0	0	0	0	0	0	0	0	0	0	0	0	0	0	0	0	0	0	0	0	0	0	0	0	0.004123455641848424	0	0	0	0
ASV_907	0	0	0	0	0	0	0	0	0	0	0	0	0	0	0	0	0	0.002511901629147628	0	0	0	0	0	0	0	0	0	0	0	0	0	0	0	1.643925694558606e-4	0	0.006594640101024274	0	0.0026093439363817097	0	0	0	0	0	0	0	0	0	0	0	0	0
ASV_908	0	0	0	0	0	0	0	0	0	0	0	0	0	0	0	0	0	0	0	0	0	0	0	0	0	0.0077427490542244645	0	0	0	0	0	0	0	0	0	2.338524858519246e-4	0	0	0	0	0	0	0	0	0	0	0	0	0	0	0
ASV_909	0	0	0	0	0	0	0	0	0	0	0	0	0	0	0	0	0	0	0	0	0	0	0	0	0	0	0	0	0	0	0	0	0	0	0	0	0	0	0	5.424400367915851e-4	0	0	0	0	0	0	0	0	0	0	0
ASV_910	0	0	0	0	0	0	0	0	0	0	0	0.020482325735051207	0	0	0	0	0	0	0	0	0	0	0	0	0	0	0	0	0	0	0	0	0	0	0	0	0	0	0	0	0.0019172189619767793	0	0	0	0	0	0	0	0	0	0
ASV_911	0	0	0	0	0	0	0	0	0	0	0	0	0	0	0	0	0	0	0	0	0	0	0	0	0	0	0	0	0	0	0	0	0	0	0	0	0	0	0	0	0	0	0	0	0	0	0	0	0	0.005182926829268293	0
ASV_912	0	0	0	0	0	0	0	0	0	0	0	0	0	0	0	0	0	0	0.0031987724268177525	0	0	0	0	0	0	0	0	0	0	0	0	0	0	0	0	0	0	0	0	0	0	0	0	0	0	0	0	0	0	0	0
ASV_913	0	0	0	0	0	0	0	0	0	0.009629413481178874	0	0	0	0	0	0	0.00776539375114197	0	0	0	0	0	0	0	0	0	0	0	0	0	0	0	0	0	0	0	0	0	0	0	0	0	0	0	0	0	0.001395154164535181	0	0	0	0
ASV_914	0	0	0	0	0	0	0	0	0	0	0	0	0	0	0	0	0	0	0	0	0.027672955974842768	0	0	0	0	0	0	0	0	0	0	0	0	0	0	0	0	0	0	0	0	0	0	0	0	0	0	0	0	0	0
ASV_915	0.002696871628910464	0	0	0	0	0	0	0	0	0	0	0	0	0	0	0	0	0.001172220760268893	0	0	0	0	0	4.8712369694411066e-4	0	0	5.108067554193404e-4	0	0	0	0	0	0	0	0	0	0	0	0	0	0	0	0	0	0	0	0	0	0	0	0
ASV_916	0	0.0100514832066683	0	0	0	0	0	0	0	0	0	0	0	0	0	0	0	0	0.002502360717658168	0	0	0	0	0	0	0	0	0	0	0	0	0	0	0	0	0	0	0	0	0	0	0	0	0	2.2808658166640058e-4	0	0	0	0	0	0
ASV_917	0	0	0	0	0	0	0	0	0	0	0	0	0	0	0	0	0	0	0.002502360717658168	0	0	0	0	0	0	0	0	0	0	0	0	0	0	0	0	0	0	0	0	0	0	0	0	0	0	0	0	0	0	0	0
ASV_918	0	0	0	0	0	0	9.87045033929673e-4	0	0	0	0	0	0	0	0	0	0	0	0.00141643059490085	0	0	0	0	0	0	0	1.9155253328225267e-4	0	0	0	0	0	0	0	0	0	0	0	0	0	0	0	0	0	1.1404329083320029e-4	0	0	0	0	0	0
ASV_921	0	0	0	0	0	0	3.701418877236274e-4	0	0	0	0	0	0	0	0	0	0	0	0.002644003777148253	0	0	0	0	0	0	0	0	0	0	0	0	0	0	0	0	0	0	0	0	0	0	0	0	0	6.842597449992017e-5	0	0	0	0	0	0
ASV_924	0	0	0	0	0	0	0	0	0	0	0	0	0	0	0	0	0	9.569149063419536e-5	0	0	0	0	0	0	0	0	0	0	0	0	0	0	0	0	0	0	0	0	0	0	0	0	0	0	0	0	0	0	0	0	0
ASV_925	0	0	0	0	0	0	0	0	0	0	0	0	0	0	0	0	0	0	0	0	0	0.009560229445506692	0	0	0	0	0	0	0	0	0	0	0	0	0	0	0	0	0	0	0	0	0	0	0	0	0	0	0	0	0
ASV_926	0	0	0	0	0	0	0	0	0	0	0	0	0	0	0	0	0	0	0	0.011635320369780044	0	0	0	0	0	0	0	0	0	0	0	0	0	0	0	0	0	0	0	0	0	0	0	0	0	0	0	0	0	0	0
ASV_927	0	0	0	0	0	0	0.0012338062924120913	0	0	0	0	0	0	0	0	0	0	0	6.373937677053824e-4	0.007969397513547976	0	0	0	0	0	0	0	0	0	0	0	0	0	0	0	0	0	0	0	0	0	0	0	0	0	0	0	0	0	0	0
ASV_928	0	0	0	0	0	0	0	0	0	0	0	0	0	0	0	0	0	0	0.003269593956562795	0	0	0	0	0	0	0	0	0	0	0	0	0	0	0	0	0	0	0	0	0	0	0	0	0	1.596606071664804e-4	0	0	0	0	0	0
ASV_929	0	0	0	0	0	0	0	0	0	0	0	0	0	0	0	0	0	0	0	0	0	0	0	0	0	0	0	0	0	0	0	0	0	0	0	0	0	0	0	0	0	0	0	0	0	0.00946560100297759	0	0	0	0	0
ASV_931	0	0	0	0	0	0	0	0	0	0	0	0	0	0.005177379954059868	0	0	0	0	0	0	0	0	0	0	0	0	0	0	0	0	0	0	0	0	0	0	0	0	0	0	0	0	0	0	0	0	0	0	0	0	0
ASV_932	0	0	0	0	0	0	0	0	0	0	0	0	0	0	0	0	0	0	0	0	0	0	0	0	0	0	0	0	0	0	0	0	0	0	0	0	0	0	0	0	0.001459811392368106	0	0	0	0	0	0	0	0	0	0
ASV_933	0	0	0	0	0	0	0	0	0	0	0	0	0	0	0	0	0	0	0	0	0	0	0	0	0	0	0	0	0	0	0	0	0	0	0	0	0	0	0	0	0	0	0.00405241118465487	0	0	0	0	0	0	0	0
ASV_934	0	0	0	0	0	0	0	0	0	0	0	0	0	0	0	0	0	0	0	0	0	0	0	0	0	0	0	0	0	0	0	0	0	0	0	0	0	0	0	0	0	0	0	0	0	0.0094029149036201215	0	0	0	0	0
ASV_935	0	0	0	0	0	0	0.002282541640962369	0	0	0	0	0	0	0	0	0	0	0	0	0	0	0	0	0	0	0	0.005235769243048239	0	0	0	0	0	0	0	0	0	0	0	0	0	0	0	0	0	0	0	0	0	0	0	0
ASV_936	0	0	0	0	0	0	0	0	0	0	0	0	0	0	0	0	0	0	0	0	0	0	0	0	0	0	0	0	0.0012200401432563264	0	0	0	0	0	0	0.009868574902951219	0	0	0	0	0	0	1.0806429825746319e-4	0	0	0.0010343206393982134	0	0	0	0	0
ASV_938	0	0	0	0.0015153737107102703	0	0	0	0	0	0	0	0	0	0	0	0	0	0	0	0	0	0	0	0	0	0	0	0	0	0	0	0	0	0	0	0	0	0	0	0	0	0	0	0	0	0	0	0	0	0	0
ASV_939	0	0	0	0	0	0	0	0	0	0	0	0	0	0	0	0	0	0	0	0	0	0	0	0	0	0	0	0	0	0	0	0	0	0	0	0.0025256068472007858	0	0	0	0	0	0	0	0	0	0	0	0.002366348629410874	0	0	0
ASV_941	0	0	0.008316121317534515	0	0	0	0	0	0	0	0	0	0	0	0	0	0	0	0	0	0	0	0	0	0	0	0	0	0.0025975048211263727	0	0	0	0	0.0011059136490666986	0	0	0	0	0	0	0	0	0	0	0	0	0	0	0	0	0
ASV_944	0	0	0	0	0	0	0	0	0	0	0	0	0	0	0	0	0	0	0	0	0	0	0.0010888684144400704	0	0	0	0	0	0	0	0	0	0	0	0	0	0	0	0	0	6.033887088454838e-4	0	0	0	0	0	0	0	0	0	0
ASV_945	0	0	0	0	0	0	0	0	0	0	0	0	0	0	0	0	0.013520920884341312	0	0	0	0	0	0	0	0	0	0	0	0	0	0	0	0	0	0	0	0	0	0	0	0	0	0	0	0	0	0	0	0	0	0
ASV_946	0	0	5.4353734101532776e-5	0	0	0	0	0	0	0	0	0	0	0	0	0	0	0.0022726729025621395	1.1803588290840416e-4	0	0	0	0	6.657357191569512e-4	0	0.0012610340479192938	0	0	4.7227360384115866e-4	2.768740915068872e-4	0	0	5.143528950720094e-4	0	0	0	0	0.004348906560636183	0	0	0	0	0	0	0	0	0	0	0	0	0
ASV_947	0	0	0	0	0	0	0	0	0	0	0	0	0	0	0	0	0	0	0.0025141643059490085	0	0	0	0	0	0	0	0	0	0	0	0	0	0	0	0	0	0	0	0	0	0	0	0	0	0	0	0	0	0	0	0
ASV_952	0	0	0	0	0	0	0	0	0	0	0	0	0	0	0	0	0	0	0.0033404154863078375	0	0	0	0	0	0	0	0	0	0	0	0	0	0	0	0	0	0	0	0	0	0	0	0	0	0	0	0	0	0	0	0
ASV_953	0	0	0	0	0	0	0	0	0	0	0	0	0	0	0	0	0	0	0	0	0	0	0	0	0	0	0	0	0	0	0	0	0	0	0.005190219789919675	0	0	0	0	0	0	0	0	0	0	0	0	0	0	0	0
ASV_954	0	0	0	0	0	0	0.009438618136952499	0	0	0	0	0	0	4.0106464432858134e-4	0	0	0	0	0	0	0	0	0	0	0	0	0	0	0	0	0	0	0	0	0	0	0	0	0	0	0	0	0	0	0	0	0	0	0	0	0
ASV_956	0	0	0	0	0	0	0	0	0	0	0	0	0	0	0	0	0	0	0	0	0	0	1.0769028274682015e-4	0	0	0	0	0	0	0	0	0	0	0	0	0	0	0	0	0	0.0017128453670452444	0	0	0	0	0	0	0	0	0	0
ASV_958	0	0	0	0	0	0	0	0	0	0	0	0	0	0	0	0	0	0	0	0	0	0	0	0.0047250998603578735	0	0	0	0	0	0	0	0	0	0	0	0	0	0	0	0	0	0	0	0	0	0	0	0	0	0	0
ASV_959	0	0	0	0	0	0	0	0	0	0	0	0	0	0	0	0	0	0	0	0	0	0	0	0	0	0	0	0	0	0	0	0	0	0	0	0	0.021321961620469083	0	0	0	0	0	0	0	0	0	0	0	0	0	0
ASV_960	0	0	0	0	0	0	0	0	0	0	0	0	0	0	0	0	0	0	0	0	0	0	1.6751821760616466e-4	0	0	0	0	0	0	0	0	0	0	0	0	0	0	0	0	0	9.245472151664672e-4	0	0	0	0	0	0.0010076113410531864	0	0	0	0
ASV_961	0	0	0	0	0	0	0	0	0	0	0	0	0	0	0	0	0	0	0.002160056657223796	0	0	0	0	0	0	0	0	0	0	0	0	0	0	0	0	0	0	0	0	0	0	0	0	0	0.0011632415664986429	0	0	0	0	0	0
ASV_962	0	0	0	0	0	0	0	0	0	0	0	0	0	0	0	0	9.135757354284671e-4	0	0	0	0	0	0	0.004335400902802585	0	0	0	0	0	0	0	0	0	0	0	0	0	0	0	0	0	0	0	0	0	0	0	0	0	0	0
ASV_965	0	0	0	0	0	0	0.01566933991363356	0	0	0	0	0	0	0	0	0	0	0	0	0	0	0	0	0	0	1.008827238335435e-4	0	0	0	0	0	0	0	0	0	0	0	0	0	0	0	0	0	0	0	0	0	0	0	0	0
ASV_966	0	0	0	0	0	0	0	0	0.0010847902318423775	0	0	0	0	0	0	0	0	0	0	0	0	0	0	0	0	0.0036065573770491803	3.1925422213708775e-5	0	0	0	0	0	0	0	0	0	0	0	0	0	0	0	0	0	0	0	0	0	0	0	0
ASV_967	0	0	0	0	0	0	0	0	0	0	0	0	0	0	0	0	0	0	0	0	0	0	0	0	0	0	0.0017239727995402739	0	0	0	0	0	0	0	0	0	0	0	0	0	0	0	0	0	0	0	0	0	0	0	0
ASV_972	0	0	0	0	0	0	0	0	0	0	0	0	1.0447137484329294e-4	0	0	0	0	0	0	0	0	0	0	0	0	0	0	0	0	0	0	0	0	0	0	0	0	0	0	0	0	0	0	0	0	0	0	0	0	0	0
ASV_973	0	0	0	0	0	0	0	0	0	0	0	0	0	0	0	0	0	0	0	0	0	0	0	0	0	0	0	0	0	0	0	0	0.006931517585970413	0	0	0	0	0	0	0	0	0	0	0	0	0	0	0	0	0	0
ASV_974	0	0	0	0	0	0	0	0	0	0	0	0	0	0	0	0	0	0	8.616619452313503e-4	0	0	0	0	0	0	0	0	0	0	0	0	0.009077155824508321	0	0	0	0	0	0	0	0	0	0	0	0	0	0	0	0	0	0	0
ASV_975	0	0	0	0	0	0	0	0	0	0	0	0	0	0.003755423487803989	0	0	0	0	0	0	0	0	0	0	0	0	0	0	0	0	0	0	0	0	0	0	0	0	0	0	0	0	0.0012427394299608268	0	0	0	0	0	0	0	0
ASV_976	0	0	0	0	0	0	0	0	0	0	0	0	0	0	0	0	0	0	0	0	0	0	0	0	0.004576741504198349	0	0	0	0	0	0	0	0	0	0	0	0	0	0	0	0	0	0	0	0	0	0	0	0	0	0
ASV_980	0	0	0	0	0	0	0	0	0	0	0	0	0	0	0	0	0	0	0	0	0	0	0	0	0	3.5308953341740227e-4	0	0	0	0	0	0	0	0	0	0	0	0	0	0	0	0.01558572146807441	0	0	0	0	0	0	0	0	0
ASV_982	0	0	0	0	0	0	0	0	0	0	0	0	0	0	0	0	0	0	0	0	0	0	0	0	0	0	0	0	0	0	0	0	0	0	0	0.0020579018754969367	0.0023527681788103817	0	0	0	0	0	0	0	0	0	0	0	0	0	0
ASV_983	0	0	0	0	0	0	0	0	0	0	0	0	0	0	0	0	0	0	0.0029627006610009445	0	0	0	0	0	0	0	0	0	0	0	0	0	0	0	0	0	0	0	0	0	0	0	0	0	0	0	0	0	0	0	0
ASV_984	0	0	0	0	0	0	0	0	0	0	0	0	0	0	0	0	0	0	0	0	0	0	7.299008052840032e-4	0	0	0	0	0	0	0	0	0	0	0	0	0	0	0	0	0	0.001197045341741847	0	0	0	0	0	7.750856469639895e-5	0	0	0	0
ASV_987	0	0	0	0	0	0	0.0017890191239975325	0	0	0	0	0	0	0	0	0	0	0	0.0021718602455146362	0	0	0	0	0	0	0	0	0	0	0	0	0	0	0	0	0	0	0	0	0	0	0	0	0	2.0527792349976052e-4	0	0	0	0	0	0
ASV_988	0	0	0	0	0	0	0	0	0	0	0	0	0	0	0	0	0	0	0	0	0	0	0	0	0	0	0	0	0	0	0	0	0	0	0	0	0	0	0.00710813777243506	0	0	0	0	0	0	0	0	0	0	0	0
ASV_991	0	0	0	0	0	0	0	0	0	0	0	0	0	0	0	0	0	0	0	0	0	0	0.0010888684144400704	0	0	0	0	0	0	0	0	0	0	0	0	0	0	0	0	0	5.64460405049001e-4	0	0	0	0	0	8.370924987211087e-4	0	0	0	0
ASV_992	0	0	0	0	0	0	0	0	0	0	0	0	0	0	0	0	0	0	0	0	0	0	3.8289878309980495e-4	0	0	0	0	0	0	0	0	0	0	0	0	0	0	0	0	0	0	0	0	0	0	0	0	0	0	0	0
ASV_994	0	0	0	0	0	0	0	0	0	0	0	0	0	0	0	0	0	0	0	0	0	0	0	0	0	0	0	0	0	0	0	0	0	0.004035090341189306	0	0	0	0	0	0	0	0	0	0	0	0	0	0	0	0	0
ASV_995	0	0	0	0	0	0	0	0	0	0	0	0	0	0	0	0	0	0	0.0019475920679886685	0	0	0	0	0	0	0	1.9155253328225267e-4	0	0	0	0	0	0	0	0	0	0	0	0	0	0	0	0	0	2.2808658166640057e-5	0	0	0	0	0	0
ASV_997	0	0	0	0	0	0	0	0	0	0	0	0	3.8306170775874074e-4	0	0	0	0	0	0	0	0	0	0	0	0	0	0	0	0	0	0	0	0	0	0	0	0	0	0	0	0	0	1.4858841010401187e-4	0	0	0	0	0	0	0	0
ASV_998	0	0	0	0	0	0	0	0	0	0	0	0	0	0	0	0	0	0	0	0	0	0	0	0	0	0	0	0	0	0	0	0	0	0	0	0	0	0	0	0	0	0	0	0	0	0	0	0	0	0.0066056910569105695	0
ASV_999	0	0	0	0	0	0	0	0	0	0	0	0	0	0	0	0	0	0	0	0	0	0	0	0	0.008829146996288154	0	0	0	0	0	0	0	0	0	0	0	0	0	0	0	0	0	0	0	0	0	0	0	0	0	0
ASV_1000	0	0	0	0	0	0	0	0	0	0	0	0	0	0	0	0	0	0	0.0010269121813031162	0	0	0	0	0	0	0	0	0	0	0	0	0	0	0	0	0	0	0	0	0	0	0	0	0	9.123463266656023e-5	0	0	0	0	0	0
ASV_1001	0	0	0	0	0	0	0	0	0	0	0	0.0023125206475057814	0	0	0	0	0	0	0	0	0	0	2.8717408732485374e-4	0	0	0	0	0	0	0	0	0	0	0	0	0	0	0	0	0	0.001459811392368106	0	0	0	0	0	6.200685175711916e-5	0	0	0	0
ASV_1002	0	0	0	0	0	0	0	0	3.5318751734402984e-4	0	0	0	0	0	0	0	0	0	0	0	0	0	0	0	0	0	0	0	0	0	0	0	0	0	0	0	0	0	0	0	0	0	0	0	0	0	0	0	0	0	0
ASV_1003	0	0	0	0	0	0	0	0	0	0	0	0	0	0	0	0	0	1.4353723595129304e-4	0	0	0	0	0	0	0	0	0	0	0	0	0	0	0	0	0	0.007249427061409663	0	0.0016153081510934394	0	0	0	0	0	0	0	0	0	0	0	0	0
ASV_1004	0	0	0	0	0	0	0	0	0	0	0	0	0	0	0	0	0	0	0	0.021278291361173096	0	0	0	0	0	0	0	0	0	0	0	0	0	0	0	0	0	0	0	0	0	0	0	0	0	0	0	0	0	0	0
ASV_1005	0	0	0	0	0	0	0	0	0	0	0	0	0	0	0	0	0	0	0	0	0	0	0	0.004335400902802585	0	0	0	0	0	0	0	0	0	0	0	0	0	0	0	0	0	0	0	0	0	0	0	0	0	0	0
ASV_1009	0	0	0	0	0	0	0	0	0	0	0	0	0	0	0	0	0	0	0.0012039660056657223	0	0	0	0	0	0	0	2.87328799923379e-4	0	0	0	0	0	0	0	0	0	0	0	0	0	0	0	0	0	0	0	0	0	0	0	0
ASV_1011	0	0	0	0	0	0	0	0	0	0	0	0	0	0	0	0	0	0	3.068932955618508e-4	0	0	0	0	0	0	0	9.577626664112633e-4	0	0	0	0	0	0	0	0	0	0	0	0	0	0	0	0	0	0	0	0	0	0	0	0
ASV_1013	0	0	0	0	0	0	0	0	0	0	0	0	0	0	0	0	0	0	4.367327667610954e-4	0	0	0	0	0	0	0	0	0	0	0	0	0	0	0	0	0	0	0	0	0	0	0	0	0	0	0	0	0	0	0	0
ASV_1014	0	0	0	0	0	0	0	0	0	0	0	0	0	0	0	0	0	0	0	0	0	0	0	0	0	0	0	0	0	0	0	0	0	0	0	0	0	0	0	0	0.002559535974618746	0	0	0	0	0	0	0	0	0	0
ASV_1017	0	0	0	0	0	0	0	0	0	0	0	0	0	0	0	0	0	0	4.013220018885741e-4	0	0	0	0	0	0	0	0	0	0	0	0	0	0	0	0	0	0	0	0	0	0	0	0	0	1.1404329083320029e-4	0	0	0	0	0	0
ASV_1019	0	0	0	0	0	0	0	0	0	0	0	0	0	0	0	0	0	0	0	0	0	0	9.333157838057746e-4	0	0	0	0	0	0	0	0	0	0	0	0	0	0	0	0	0	7.104415442858116e-4	0	0	0	0	0	3.100342587855958e-5	0	0	0	0
ASV_1020	0	0	0	0	0	0	0	0	0	0	0	0	0	0	0	0	0	0	0.002667610953729934	0	0	0	0	0	0	0	0	0	0	0	0	0	0	0	0	0	0	0	0	0	0	0	0	0	0	0	0	0	0	0	0
ASV_1021	0	0	0	0	0	0	0	0	0	0	0	0	0	0	0	0	0	0	0	0	0	0	0	0	0	0	0	0	0	0	0	0	0	0	1.5888427928325535e-4	0	0	0	0	0	0	0	0	0.0011424219345011425	0	0	0	0	0	0	0
ASV_1022	0	0	0	0	0	0	0	0	0	0	0	0	0	0	0	0	0	0	0	0	0	0	0	0	0	0	0	0	0	0	0	0	0	0	0	0	0	0	0	0	0	0	0	0	0	0	0	0	0	0.004573170731707317	0
ASV_1023	0	0.014219171365530768	0	0	0	0	0	0	0	0	0	0	0	0	0	0	0	0	0	0	0	0	0	0	0	0	0	0	0	0	0	0	0	0	0	0	0	0	0	0	0	0	0	0	0	0	0	0	0	0	0
ASV_1024	0	0.004167688158862467	0	0	0	0	0	0	0	0	0	0	0	0	0	0	0	0	0	0	0	0	0	0	0	0	0	0	0	0	0	0	0	0	0	0	0	0	0	0	0	0	0	0	0	0	0	0	0	0	0
ASV_1025	0	0	0	0	0	3.684351554126474e-4	0.0051202961135101786	0	0	0	0	0	0	0	0	0	0	0	5.783758262511803e-4	0	0	0	0	0	0	0	1.9155253328225267e-4	0	0	0	0	0	0	0	0	0	0	0	0	0	0	0	0	0	5.017904796660813e-4	0	0	0	0	0	0
ASV_1027	0	0	0	0	0	0	0	0	0	0	0	0	0.008949714444908762	0	0	0	0	0	0	0	0	0	0	0	0	0	0	0	0	0	0	0	0	0	0	0	0	0	0	0	0	0	0	0	0	0	0	0	0	0	0
ASV_1029	0	0	0	0	0	0	4.3183220234423197e-4	0	0	0	0	0	0	0	0	0	0	0	0.00256137865911237	0	0	0	0	0	0	0	0	0	0	0	0	0	0	0	0	0	0	0	0	0	0	0	0	0	0	0	0	0	0	0	0
ASV_1030	0	0	0	0	0	0	0	0	0	0	0	0	0.00891489065329433	0	0	0	0	0	0	0	0	0	0	0	0	0	0	0	0	0	0	0	0	0	0	0	0	0	0	0	0	0	0	0	0	0	0	0	0	0	0
ASV_1031	0	0	0	0	0	0	0	0	0	0	0	0	0	0.005469063331753381	0	0	0	0	0	0	0	0	0	0	0	0	0	0	0	0	0	0	0	0	0	0	0	0	0	0	0	0	0	0	0	0	0	0	0	0	0
ASV_1032	0	0	0	0	0	0	0	0	0	0	0	0	0	0	0	0	0.011693769413484378	0	0	0	0	0	0	0	0	0	0	0	0	0	0	0	0	0	0	0	0	0	0	0	0	0	0	0	0	0	0	0	0	0	0
ASV_1034	0	0	0	0	0	0	0.00783466995681678	0	0	0	0	0	0	0	0	0	0	0	0	0	0	0	0	0	0	0	1.9155253328225267e-4	0	0	0	0	0.007564296520423601	0	0	0	0	0	0	0	0	0	0	0	0	0.001619414729831444	0	0	0	0	0	0
ASV_1035	0	0	0	0	0	0	0	0	0	0	0	0	0	0	0	0	0	0	0	0	0	0	5.384514137341007e-4	0	0	0	0	0	0	0	0	0	0	0	0	0	0	0	0	0	0.0011094566581997605	0	0	0	0	0	0	0	0	0	0
ASV_1036	0	0	0	0	0	0	0	0	0.006382602992002826	0	0	0	0	0	0	0	0	0	0	0	0	0	0	0	0	0	0	0	0	0	0	0	0	0	0	0	0	0	0	0	0	0	0	0	0	0	0	0	0	0	0
ASV_1037	0	0	0	0.011194212250085545	0	0	0	0	0	0	0	0	0	0	0	0	0	0	0	0	0	0	0	0	0	0	0	0	0	0	0	0	0	0	0	0	0	0	0	0	0	0	0	0	0	0	0	0	0	0	0
ASV_1038	0	0	0	0	0	0	0	0	0	0	0	0	0	0	0	0	0	0	0	0	0	0	0	0	0	0	0	0	0	0	0	0	0	0	0	0	0	0	0	0	0	0	0	4.76009139375476e-4	0	0	0	0	0	0	0
ASV_1039	0	0	0	0	2.672814139186796e-4	0	0	0	0	0	0	0	0	0	0	0	0	0	0	0	0	0	0	0	0	0	0	0	0	0	0	0	0	0	0	0	0	0	0	0	0	0	0	0	0	0	0	0	0	0	0
ASV_1040	0	0	0	0	0	0	0	0	0	0	0	0	0	0	0	0	0	0	0	0	0	0	0	0	0	0	0	0	0	0	0	0	0.006172234740864113	0	0	0	0	0	0	0	0	0	0	0	0	0	0	0	0	0	0
ASV_1041	0	0	0	0	0	0	0	0	0	0	0	0	0	0	0	0	0	0	0	0	0	0	0	0	0	0	0	1.8547140649149922e-4	0	0	0	0	0	0	0	0	7.352400558782443e-5	0	0	0.005282894271361524	0	0	0	0	0	0	0	0	0	2.032520325203252e-4	0
ASV_1043	0	0	0	0	0	0	0	0	0	0	0	0	0	0	0	0	0	0	0	0	0	0	0	0.004075601597765726	0	0	0	0	0	0	0	0	0	0	0	0	0	0	0	0	0	0	0	0	0	0	0	0	0	0	0
ASV_1044	0	0	0	0	0	0	0	0	0	0	0	0	0	0	0	0	0	0	0	0	0	0	0	0	0.009045371004360517	0	0	0	0	0	0	0	0	0	0	0	0	0	0	0	0	0	0	0	0	0	0	0	0	0	0
ASV_1045	0	0	5.978910751168606e-4	0	0	0	0	0	0	0	0	0	0	0	0	0	0	0	0	0	0	0	0	0	0	0	0	0	3.5420520288086897e-4	0.005848965183082993	0	0	0	0	0	0	0	0	0	0	0	0	0	0	0	3.7611659614480487e-4	0	0	0	0	0
ASV_1046	0	0	0	0	0	0	0	0	0	0	0	0	0	0	0	0	0	0	0.0013101983002832861	0	0	0	0	0	0	0	0	0	0	0	0	0	0	0	0	0	0	0	0	0	0	0	0	0	6.842597449992017e-5	0	0	0	0	0	0
ASV_1049	0	0	0	0	0	0	0	0	0	0	0	0	0	0	0	0	0	0	0	0	0	0	5.743481746497075e-4	0	0	0	0	0	0	0	0	0	0	0	0	0	0	0	0	0	0.0012554377974365713	0	0	0	0	0	0	0	0	0	0
ASV_1050	0	0	0	0	0	0	0	0	0	0	0	0	0	0	0	0	0	0	0	0	0	0	0.0010529716535244637	0	0	0	0	0	0	0	0	0	0	0	0	0	0	0	0	0	0	0	0	0	0	0	0	0	0	0	0
ASV_1052	0	0	0	0	0	0	0	0	0	0	0	0	0	0	0	0	0	0	0	0	0	0	0	0	0	0	0	0	0	0.008617706098151866	0	0	0	0	0	0	0	0	0	0	0	0	0	0	0	0	0	0	0	0	0
ASV_1053	0	0	0	0	0	0	0	0	0	0	0	0	0	0	0	0	0	0	0	0	0	0	0	0	0	0	0	0	0	0	0	0	0	0	0.0043957983935033985	0	0	0	0	0	0	0	0	0	0	0	0	0	0	0	0
ASV_1055	0	0	0	0	0	0	0	0	0	0	0	0	0	0	0	0	0	0	0	0	0	0	0	0	0	0	0	0	0	0	0	0	0	0	0.002895224644717098	0	0	0	0	0	0	0	0	0	0	0	0	0	0	0	0
ASV_1056	0	0	0	0	0	0	0	0	0	0	0	0	0	0	0	0	0	0	5.901794145420208e-5	0	0	0	0	0	0	0	0	0	0	0	0	0	0	0	0	0	0	0	0	0	0	0	0	0	0	0	0	0	0	0	0
ASV_1057	0	0	0	0	0	0	0	0	0	0	0	0	0	0	0	0	0	0	0.0015816808309726156	0	0	0	0	0	0	0	0	0	0	0	0	0	0	0	0	0	0	0	0	0	0	0	0	0	0	0	0	0	0	0	0
ASV_1058	0	0	0	0	0	0	0	0	0.0062312369131410986	0	0	0	0	0	0	0	0	0	0	0	0	0	0	0	0	0	0	0	0	0	0	0	0	0	0	0	0	0	0	0	0	0	0	0	0	0	0	0	0	0	0
ASV_1059	0	0	0	0	0	0	0	0	0	0	0	0	0	0	0	0	0	0	0	0	0	0	0	0	0.006414645572813435	0	0	0	0	0	0	0	0	0	0	0	0	0	0	0	0	0	0	0	0	0	0	0	0	0	0
ASV_1060	0	0	0	0	0	0	0	0	0.0010595625520320895	0	0	0	0	0	0	0	0	0	0	0	0	0	0	0	0	0	0	0	0	0	0	0	0	0	0	0	0	0	0	0	0	0	0	0	0	0	0	0	0	0	0
ASV_1061	0	0	0	0	0	0	0	0	0	0	0	0	0	0	0	0	0	4.784574531709768e-5	0	0	0	0	0	1.461371090832332e-4	0	0	0	0	0	0	0	0	0	0	0	0	0	0	0	0	0	0	4.0524111846548696e-4	0	0	0.001097006738755681	1.0851199057495853e-4	0	0	0.00274390243902439	2.000311159513702e-4
ASV_1062	0	0	0	0	0	0	0	0	0	0	0	0	0	0	5.643454600423259e-4	0	0	0	0	0	0	0	2.632429133811159e-4	0	0	0	0	0	0	0	0	0	0	0	0	0	0	0	0	0	3.6008681011746613e-4	0	0	0	0	0	9.301027763567875e-5	0	0	0	0
ASV_1064	0	0	0	0	0	0	0	0	0	0	0	0	0	0	0	0	0	0	0	0	0	0	0	0	0	0	0	0	0.0096422527450903215	0	0	0	0	0	0	0	0	0	0	0	0	0	0	0	0	0	0	0	0	0	0
ASV_1066	0	0	0	0	0	0	0.014682294879703886	0	0	0	0	0	0	0	0	0	0	0	0	0	0	0	0	0	0	0	0	0	0	0	0	0	0	0	0	0	0	0	0	0	0	0	0	0	0	0	0	0	0	0	0
ASV_1067	0	0	0	0	0	0	0.0017890191239975325	0	0	0	0	0	0	0	0	0	0	0	6.610009442870633e-4	0	0	0	0	0	0	0	2.2347795549596143e-4	0	0	0	0	0	0	0	0	0	0	0	0	0	0	0	0	0	3.193212143329608e-4	0	0	0	0	0	0
ASV_1068	0	0	0	0	0	0	0	0	0	0	0	0	0	0	0	0	0	0	0	0	0	0	2.153805654936403e-4	0	0	0	0	0	0	0	0	0	0	2.9889558082883744e-5	0	5.144754688742342e-4	0	0	0	0	2.0437359493153485e-4	0	0	0	0	3.1343049678733744e-5	0	0	0	0	0
ASV_1069	0	0	0	0	0	0	0	0	0	0	0	0	0	0	0	0	0	0	0	0	0	0	0	0	0	0	0	0	0	0.0023880390392469024	0	0	0	0	0	0	0	0	0	0	0	0	0	0	0	0	0	0	0	0	0
ASV_1070	0	0	0	0	0	0	0	0	0.004818486843764979	0	0	0	0	0	0	0	0	0	0	0	0	0	0	0	0	0	0	0	0	0	0	0	0	0	0	0	0	0	0	0	0	0	0	0	0	0	0	0	0	0	0
ASV_1071	0	0	0	0	0	0	0	0	0	0	0	0	0	0	0	0	0	0	0	0	0	0	0	0	0.0034956214638365347	0	0	0	0	0	0	0	0	0	0	0	0	0	0	0	0	0	0	0	0	0	0	0	0	0	0
ASV_1072	0	0	0	0	0	0	0	0	0	0	0	0	0	0	0	0	0	0	0	0	0	0	0	0	0.0036758081372301704	0	0	0	0	0	0	0	0	0	0	0	0	0	0	0	5.8392455694724244e-5	0	0	0	0	0	0	0	0	0	0
ASV_1073	0	0	0	0	0	0	0	0	0	0	0	0	0	0	0	0	0	0	0	0	0	0	0	0	0	0	0	0	0	0	0	0	0	0	0	0	0	0	0	0	0	0.023504273504273504	0	0	0	0	8.525942116603885e-4	0	0	0	0
ASV_1074	0	0	0	0	0	0	0.004935225169648365	0	0	0	0	0	0	0	0	0	0	0	4.1312559017941453e-4	0	0	0	0	0	0	0	0	0	0	0	0	0	0	0	0	0	0	0	0	0	0	0	0	0	4.789818214994412e-4	0	0	0	0	0	0
ASV_1075	0	0	0	0	0	0	0	0	0	0	0	0	0	0	0	0	0	0	0	0	0	0	0	0	0	0	0	0	0	0	0	0	0	0	4.236914114220143e-4	0	0	0	0	0	0	0	0	0	0	0	0	0	0	0	0
ASV_1076	0	0	0	0	0	0	0	0	0	0	0	0	0	0	0	0	0	0	0.0028328611898017	0	0	0	0	0	0	0	0	0	0	0	0	0	0	0	0	0	0	0	0	0	0	0	0	0	0	0	0	0	0	0	0
ASV_1077	0	0	0	0	0	0	0	0	0	0	0	0	0	0	0	0	0	0	0	0	0	0	0	0	0	0	0	0	0	0	0	0	0	0	0	0	0	0	0	0	0	0	0	0.02284843869002285	0	0	0	0	0	0	0
ASV_1078	0	0	0	0	0	0	0.0027143738433066007	0	0	0	0	0	0	0	0	0	0	0	7.908404154863078e-4	0	0	0	0	0	0	0	0	0	0	0	0	0	0	0	0	0	0	0	0	0	0	0	0	0	4.3336450516616107e-4	0	0	0	0	0	0
ASV_1079	0	0	0	0	0	0	0	0	0	0	0	0	0	0	0	0	0	0	9.442870632672332e-5	0	0	0	0	0	0	0.0027490542244640605	0	0	0	0	0	0	0	0	0	0	0	0	0	0	0	0	0	0	0	0	0	0	0	0	0
ASV_1081	0	0	0	0	0	0	0	0	0	0	0	0	0	0	0	0	0	0	0	0	0	0	0	0	0	0	0	0	7.477665394151679e-4	0	0	0	0	0	0	0	0	0	0	0	0	0	0	0	0	0	0	0	0	0	0
ASV_1082	0	0	0	0	0	0	4.935225169648365e-4	0	0	0	0	0	0	0	0	0	0	0	0	0	0	0	0	0	0	7.313997477931904e-4	0	0	0	0	0	0	0	0	0	0	0	0	0	0	0	0	0	0	0	0	0	0	0	0	0
ASV_1084	0	0	0	0	0	0	0	0	0	0	0	0	0	0	1.007759750075582e-4	0	0	0	0	0	0	0	0	0	0	0	0	0	0	0	0	0	0	0	0	0	0	0	0	0	0	0	0	0	0	0	0	0	0	0.0016260162601626016	0
ASV_1086	0	0	0	0	0	0	0	0	0	0	0	0	0	0	0	0	0	0	0.0016879131255901794	0	0	0	0	0	0	0	2.2347795549596143e-4	0	0	0	0	0	0	0	0	0	0	0	0	0	0	0	0	0	4.3336450516616107e-4	0	0	0	0	0	0
ASV_1090	0	0	0	0	0	0	0	0	0	0	0	0	0	0	0	0	0	0	1.1803588290840415e-5	0	0	0	0	0	0	0	0	0	0	0	0	0	0	0	0	0	0	0	0	0	0	0	0	0	0	0	0	0	0	0	0
ASV_1091	0	0	0	0	0	0	0	0	0	0	0	0	0	0	0	0	0	0	0	0	0	0	0	0	0	0	0	0.014528593508500772	0	0	0	0	0	0	0	0	0	0	0	0	0	0	0	0	0	0	0	0	0	0	0
ASV_1093	0	0	0	0	0	0	0	0	0	0	0	0	0.0012884802897339463	0	0	0	0	0	0	0	0	0	0	0	0	0	0	0	0	0	0	0	0	0	0	0	0	0	0	0	0	0	0	0	0	0	0	0	0	0	0
ASV_1095	0	0	0	0	0	0	0	0	0	0	0	0	0	0	0	0	0	0	0.002750236071765817	0	0	0	0	0	0	0	0	0	0	0	0	0	0	0	0	0	0	0	0	0	0	0	0	0	0	0	0	0	0	0	0
ASV_1096	0	0	0	0	0	0	0	0	0	0	0	0	0	0	0	0	0	0	0	0	0	0	0	0	0	0	2.87328799923379e-4	0	0	0	0	0	0	0	0	0	0	0	0	0	0	0	0	0	0	0	0	0	0	0	0
ASV_1097	0	0	0	0	0	0	0	0	0	0	0	0	0	0	0	0	0	0	0	0	0	0	0	0	0.008360661645464701	0	0	0	0	0	0	0	0	0	0	0	0	0	0	0	0	0	0	0	0	0	0	0	0	0	0
ASV_1098	0	0	0	0	0	0	4.935225169648365e-4	0	0	0	0	0	0	0	0.0027612617152070946	0	0	0	0	0	0	0	0	0	0	0	0	0	0	0	0	0	0	0	0	0	0	0	0	0	0	0	0	0	0	0	0	0	0	0	0
ASV_1100	0	0	0	0	0	0	0	0	0	0	0	0	0	0	0	0	0	0	0.0020892351274787537	0	0	0	0	0	0	0	0	0	0	0	0	0	0	0	0	0	0	0	0	0	0	0	0	0	0	0	0	0	0	0	0
ASV_1102	0	0	0	0	0	0	0	0	0	0	0	0	0	0	0	0	0	0	0	0	0	0	0	0	0.007784064290605067	0	0	0	0	0	0	0	0	0	0	0	0	0	0	0	0	0	0	0	0	0	0	0	0	0	0
ASV_1105	0	0	0	0	0	0	0	0	0	0	0	0	0	0	0	0	0	0	0	0	0	0	0	0	0	0	0	0	0	0	0	0	0.004947584990692662	0	0	0	0	0	0	0	0	0	0	0	0	0	0	0	0	0	0
ASV_1106	0	0	0	0	0	0	0	0	0	0	0	0	0	0	0	0	0	0	0	0	0	0	0	4.384113272496996e-4	0	0	0	0	0	0	0	0	0	0	0	0	0	0	0	0	0	0	0	0	0	0	0.001627679858624378	5.111313039527488e-4	0	0	0
ASV_1107	0	0	0	0	0	0	0	0	0	0	0	0	0	0	0	0	0	0	0.002337110481586402	0	0	0	0	0	0	0	0	0	0	0	0	0	0	0	0	0	0	0	0	0	0	0	0	0	0	0	0	0	0	0	0
ASV_1108	0	0	0	0	0	0	0	0	0	0	0	0	0	0	0	0	0	0	0	0	0	0	0	0	0	0	0	0	0	0	0	0	0	0	0	0	0	0	0	0	0	0	0	0	0	0	0	0	0	0.006199186991869918	0
ASV_1111	0	0	0	0	0	0	0	0	0	0	0	0	0	0.0013490356218325008	0	0	0	0	0	0	0	0	0	0	0	0	0	0	0	0	0	0	0	0	0	0	0	0	0	0	0	0	0	0	0	0	0	0	0	0	0
ASV_1113	0	0	0	0	0	0	0	0	0	0	0	0	0	0	0.0045752292653431425	0	0	0	0	0	0	0	0	0	0	0	0	0	0	0	0	0	0	0	0	0	0	0	0	0	0	0	0	0	0	0	0	0	0	0	0
ASV_1117	0	0	0	0	0	0	0	0	0	0	0	0	0	0	0	0	0	0	0	0	0	0	0	0	0	0	0	0	0	0	0	0	0	0.003377520063365863	0	0	0	0	0	0	0	0	0	0	0	0	0	0	0	0	0
ASV_1121	0	0	0	0	0	0	8.019740900678593e-4	0	0	0	0	0	0	0	0	0	0	0	7.790368271954674e-4	0	0	0	0	0	0	0	4.1503048877821407e-4	0	0	0	0	0	0	0	0	0	0	0	0	0	0	0	0	0	0	0	0	0	0	0	0
ASV_1122	0	0	0	0	0	0	0	0	0	0	0	0	0.007521938988717091	0	0	0	0	0	0	0	0	0	0	0	0	0	0	0	0	0	0	0	0	0	0	0	0	0	0	0	0	0	0	0	0	0	0	0	0	0	0
ASV_1123	0	0	0	0	0	0	0	0	0	0	0	0	0	0	0	0	0	2.1530585392693955e-4	0	0	0	0	0	0	0	0.0017906683480453972	0	0	0	0	0	0	0	0	0	0	0	0	0	0	0	0	0	0	0	0	0	0	0	0	0
ASV_1125	0	0	0	0	0	0	7.402837754472548e-4	0	0	0	0	0	0	0	0	0	0	0	0.0024905571293673276	0	0	0	0	0	0	0	0	0	0	0	0	0	0	0	0	0	0	0	0	0	0	0	0	0	0	0	0	0	0	0	0
ASV_1126	0	0	0	0	0	0	3.0845157310302283e-4	0	0	0	0	0	0	3.6460422211689213e-4	0	0	0	0	2.1246458923512748e-4	0	0	0	0	0	0	0	4.1503048877821407e-4	0	0	0	0	0	0	0	0	0	0	0	0	0	0	0	0	0	5.474077959993613e-4	0	0	0	0	0	0
ASV_1127	0	0	0	0	0	0	0	0	0	0	0	0	0	0	0	0	0	0	0	0	0	0	0	0	0.004612778838877077	0	0	0	0	0	0	0	0	0	0	0	0	0	0	0	0	0	0	0	0	0	0	0	0	0	0
ASV_1128	0	0	0	0	0	0	0.001850709438618137	0	0	0	0	0	0	0	0	0	0.002832084779828248	0	0	0.005100414408670704	0	0	0	0	0	0	0	0	0	0	0	0	0	0	0	0	0	0	0	0	0	0	0	0	0	0	0	0	0	0	0
ASV_1130	0	0	0	0	0	0	0	0	0	0	0	0	0	0	0	0	0	0	0	0	0	0	0	0	0	0	0	0	0	0	0	0	0	0	0	0	0	0	0	0	0	0	0	0	0	0	0.0034258785595808337	0	0	0	0
ASV_1132	0	0	0	0	0	0	0	0	0	0	0	0	0	0	0	0	0	0	6.728045325779037e-4	0	0	0	0	0	0	0	4.7888133320563166e-4	0	0	0	0	0	0	0	0	0	0	0	0	0	0	0	0	0	5.474077959993613e-4	0	0	0	0	0	0
ASV_1133	0	0	0	0	0	0	0	0	0	0	0	0	0	0	0	0	0	0	0	0	0	0	0	0	0.004756928177591985	0	0	0	0	0	0	0	0	0	0	0	0	0	0	0	0	0	0	0	0	0	0	0	0	0	0
ASV_1137	0	0	0	0	0	0	1.850709438618137e-4	0	0	0	0	0	0	1.8230211105844607e-4	0	0	0	0	0.001735127478753541	0	0	0	0	0	0	0	0	0	0	0	0	0	0	0	0	0	0	0	0	0	0	0	0	0	4.3336450516616107e-4	0	0	0	0	0	0
ASV_1138	0	0	0	0	0	0	0	0	0	0	0	0	0	0	0	0	0	0	0	0	0	0	0	0	0	0	0	0	0	0	0	0	0	0	0.0038661841292258804	0	0	0	0	0	0	0	0	0	0	0	0	0	0	0	0
ASV_1140	0	0	0	0	0	0	0	0	0	0	0	0	0	0	0	0	0	0	0	0	0	0	0.00163928541514604	0	0	0	0	0	0	0	0	0	0	0	0	0	0	0	0	0	0	0	0	0	0	0	0	0	0	0	0
ASV_1141	0	0	0	0	0	0	0	0	0	0	0	0	0	0	0	0	0	0	0	0	0	0	0	0	0.004468629500162168	0	0	0	0	0	0	0	0	0	0	0	0	0	0	0	0	0	0	0	0	0	0	0	0	0	0
ASV_1142	0	0	0	0	0	0	0	0	0	0	0	0	0	0	0	0	0	0	6.964117091595845e-4	0	0	0	0	0	0	0	0	0	0	0	0	0.00529500756429652	0	0	0	0	0	0	0	0	0	0	0	0	0	0	0	0	0	0	0
ASV_1143	0	0	0	0	0	0	0	0	0	0	0	0	0	0.0018594815327961497	0	0	0	0	0	0	0	0	0	0	0	0	0	0	0	0	0	0	0	0	0	0	0	0	0	0	0	0	0	0	0	0	0	0	0	0	0
ASV_1144	0	0	0	0	0	0	0	0	0	0	0	0	0	0	0	0	0	0	0	0	0	0	0	0	0.007784064290605067	0	0	0	0	0	0	0	0	0	0	0	0	0	0	0	0	0	0	0	0	0	0	0	0	0	0
ASV_1146	0	0	0	0	0	0	0	0	0	0	0	0	0	2.1876253327013527e-4	0	0	0	0	3.3050047214353164e-4	0	0	0	0	0	0	0	7.662101331290107e-4	0	0	0	0	0	0	0	0	0	0	0	0	0	0	0	0	0	1.596606071664804e-4	0	0	0	0	0	0
ASV_1150	0	0	0	0	0	0	0	0	0	0	0	0	0	0	0	0	0	0	0	0	0	0	0	0	0	0	0	0	0	0	0	0	0	0	0	0	0	0	0	0	0	0	0	0	0	0	0.003332868281945155	0	0	0	0
ASV_1151	0	0	0	0	0	0	0	0	0	0	0	0	0	0	0	0	0	0	0.0012393767705382436	0	0	0	0	0	0	0	0	0	0	0	0	0	0	0	0	0	0	0	0	0	0	0	0	0	0	0	0	0	0	0	0
ASV_1152	0	0	0	0	0	0	0.002590993214065392	0	0	0	0	0	0	0	0	0	0	0	0.0013810198300283287	0	0	0	0	0	0	0	0	0	0	0	0	0	0	0	0	0	0	0	0	0	0	0	0	0	0	0	0	0	0	0	0
ASV_1154	0	0	0	0	0	0	0	0	0	0	0	0	0	0	0	0	0	0	0	0	0	0	9.811781316932501e-4	0	0	0	0	0	0	0	0	0	0	0	0	0	0	0	0	0	2.822302025245005e-4	0	0	0	0	0	0	0	0	0	0
ASV_1155	0	0	0	0	0	0	0	0	0	0	0	0	0	0.004448171509826084	0	0	0	0	0	0	0	0	0	0	0	0	0	0	0	0	0	0	0	0	0	0	0	0	0	0	0	0	0	0	0	0	0	0	0	0	0
ASV_1157	0	0	0	0	0	0	0	0	0	0	0	0	0	0	0	0	0	0	0	0	0	0	0	0	0	0	0	0	0	0	0	0	0	0	0	0	0	0	0	0	0	0	0	0	7.526857194991219e-4	0	0	0	0	0	0
ASV_1158	0	0	0	0	0	0	0	0	0	0	0	0	0	0	0	0	0	0	0	0	0	0	0	0	0.003964106814659988	0	0	0	0	0	0	0	0	0	0	0	0	0	0	0	0	0	0	0	0	0	0	0	0	0	0
ASV_1159	0	0	0	0	0	0	0	0	0	0	0	0	0	0	0	0	0	0	0.002502360717658168	0	0	0	0	0	0	0	0	0	0	0	0	0	0	0	0	0	0	0	0	0	0	0	0	0	0	0	0	0	0	0	0
ASV_1161	0	0	0	0	0	0	0	0	0	0	0	0	0	0	0	0	0	0	0	0.01681542875358623	0	0	0	0	0	0	0	0	0	0	0	0	0	0	0	0	0	0	0	0	0	0	0	0	0	0	0	0	0	0	0
ASV_1162	0	0	0	0	0	0	0	0	0	0	0	0	0	0	0	0	0	0	0	0	0	0	0	0.0034261033351735783	0	0	0	0	0	0	0	0	0	0	0	0	0	0	0	0	0	0	0	0	0	0	0	0	0	0	0
ASV_1163	0	0	0	0	0	0	0	0	0	0	0	0	0	0	0	0	0	0	0	0	0	0	0	0	0	0	0	0	0	0	0	0	0	0	0	0	0	0	0	0.002617862786255041	0	0	0	0	0	0.0030716188685159067	0	0	0	0	0
ASV_1165	0	0	0	0	0	0	0	0	0	0	0	0	0	0	0	0	0	0	0	0	0	0	0	0	0	0	0	0	0	0	0	0	0	0	0	0	0.015513565179030953	0	0	0	0	0	0	0	0	0	0	0	0	0	0
ASV_1166	0	0	0	0	0	0	0	0	0	0	0	0	0	0	0	0	0	0	0	0	0	0	0	0	0	0	0	0	0	0	0	0	0	0	0	0	0	0	0	0	0.002053468025264469	0	0	0	0	0	0	0	0	0	0
ASV_1168	0	0	0	0	0	0	0	0	0	0	0	0	0	0	0.0036884006852766302	0	0	0	0	0	0	0	0	0	0	0	0	0	0	0	0	0	0	0	0	0	0	0	0	0	0	0	0	0	0	0	0	0	0	0	0
ASV_1171	0	0	0	0	0	0	0	0	0.00527258508035016	0	0	0	0	0	0	0	0	0	0	0	0	0	0	0	0	0	0	0	0	0	0	0	0	0	0	0	0	0	0	0	0	0	0	0	0	0	0	0	0	0	0
ASV_1172	0	0.005393478793822015	0	0	0	0	0	0	0	0	0	0	0	0	0	0	0	0	0	0	0	0	0	0	0	0	0	0	0	0	0	0	0	0	0	0	0	0	0	0	0	0	0	0	0	0	0	0	0	0	0
ASV_1174	0	0	0	0	0	0	0	0	0	0	0	0	6.268282490597576e-4	0	0	0	0	0	0	0	0	0	0	0	0	0	0	0	0	0	0	0	0	0	0	0	0	0	0	0	0	0	0	0	0	0	0	0	0	0	0
ASV_1176	0	0	0.006794216762691597	0	0	0	0	0	0	0	0	0	0	0	0	0	0.003745660515256715	0	0	0	0	0	0	0	0	0	0	0	0	0	0	0	0	0	0	0	0	0	0	0	0	0	0	0	0	0	0	0	0	0	0
ASV_1177	0	0	0	0	0	3.684351554126474e-4	0	0	0	0	0	0	0	0	0	0	0	0	0	0	0	0	0	0	0	0	0	0	0	0	0	0	0	0	0	0	0	0	0	0	0	0	0	0	0	0	0	0	0	0	0
ASV_1179	0	0	0	0	0	0	0	0	0	0	0	0	0	0	0	0	0	0	0	0	0	0	0	0	0	0	0	0	0.007359596993191389	0	0	0	0	0	0	0	0	0	0	0	0	0	0	0	0	0	0	0	0	0	0
ASV_1180	0	0	0	0	0	0	0	0	0	0	0	0	0	0	0	0	0	9.090691610248559e-4	0	0	0	0	0	6.494982625921475e-5	0	0	0	0	0	0	0	0	0	0	0	0.0013095739207707778	0	8.697813121272366e-4	0	0	0	0	0	0	0	0	0	0	0	0	0
ASV_1181	0	0	0	0	0	0	0.003578038247995065	0	0	0	0	0	0	0	0	0	0	0	0.0010151085930122758	0	0	0	0	0	0	0	0	0	0	0	0	0	0	0	0	0	0	0	0	0	0	0	0	0	0	0	0	0	0	0	0
ASV_1182	0	0	0	0	0	0	0	0	0	0	0	0	0	0	0	0	0	0	0	0	0	0	7.418663922558721e-4	0	0	0	0	0	0	0	0	0	0	0	0	0	0	0	0	0	8.758868354208637e-5	0	0	0	0	0	1.860205552713575e-4	0	0	0	0
ASV_1183	0	0	0	0	0	0	0	0	0	0	0	0.006276841757515692	0	0	0.0013705532601027916	0	0	0	0	0	0	0	0	0	0	0	0	0	0	0	0	0	0	0	0	0	0	0	0	0	5.449962531507595e-4	0	0	0	0	0	0	0	0	0	0
ASV_1184	0	0	0	0	0	0	0.001110425663170882	0	0	0	0	0	0	0	0	0	0	0	0.0010741265344664777	0	0	0	0	0	0	0	0	0	0	0	0	0	0	0	0	0	0	0	0	0	0	0	0	0	6.614510868325616e-4	0	0	0	0	0	0
ASV_1185	0	0	0	0	0	0	0	0	0	0	0	0	0	0	0	0	0	0	0	0	0	0	0	0	0	0	0	0	0	0	0	0	0.005021063975702949	0	0	0	0	0	0	0	0	0	0	0	0	0	0	0	0	0	0
ASV_1187	0	0	0	0	0	0	0	0	0	0	0	0	0	3.281437999052029e-4	0	0	0	0	9.796978281397545e-4	0	0	0	0	0	0	0	0	0	0	0	0	0	0	0	0	0	0	0	0	0	0	0	0	0	0	0	0	0	0	0	0
ASV_1192	0	0	0	0	0	0	0	0	0	0	0	0	0	0	0	0	0	0	0	0	0	0	0	0	0	8.322824716267339e-4	0	0	0	0	0	0	0	0.0023762198675892575	0	3.2739348019269446e-4	0	0	0	0	0	0	0	0	0	0	0	0	0	0	0
ASV_1193	0	0	0	0	0	0	0.001295496607032696	0	0	0	0	0	0	0	0	0	0	0	0.0020892351274787537	0	0	0	0	0	0	0	0	0	0	0	0	0	0	0	0	0	0	0	0	0	0	0	0	0	0	0	0	0	0	0	0
ASV_1195	0	0	0	0	0	0	0	0	0	0	0	0	0	0	0	0	0	0	6.25590179414542e-4	0	0	0	0	0	0	0	0	0	0	0	0	0	0	0	0	0	0	0	0	0	0	0	0	0	0.0018475013114978445	0	0	0	0	0	0
ASV_1197	0	0	0	0	0	0	0	0	0	0	0	0	0	0	0	0	0	0	0.0018295561850802645	0	0	0	0	0	0	0	0	0	0	0	0	0	0	0	0	0	0	0	0	0	0	0	0	0	0	0	0	0	0	0	0
ASV_1198	0	0	0	0	0	0	0	0	0	0	0	0	0	0	0	0	0	0	0	0	0	0	0	0	0	0	0	0	0	0	0	0	0	0	0	0	0	0	0	0	0	0	0	0	0.003717811281162329	0	0	0	0	0	0
ASV_1199	0	0	0	0	0	0	0	0	0	0	0	0	0	0	0.0037690214652826765	0	0	0	0	0	0	0	0	0	0	0	0	0	0	0	0	0	0	0	0	0	0	0	0	0	0	0	0	0	0	0	0	0	0	0	0
ASV_1200	0	0	0	0	0	0	0	0	0	0	0	0	0	0	0	0	0	0	0.0021836638338054767	0	0	0	0	0	0	0	0	0	0	0	0	0	0	0	0	0	0	0	0	0	0	0	0	0	0	0	0	0	0	0	0
ASV_1201	0	0	0	0	0	0	3.701418877236274e-4	0	0	0	0	0	0	0	0	0	0	0	3.5410764872521244e-5	0	0	0	0	0	0	0	0	0	0	0	0	0	0	0	0	0	0	0	0	0	0	0	0	0	0	0	0	0	0	0	0
ASV_1202	0	0	0	0	0	0	0	0.004945598417408506	0	0	0	9.910802775024777e-4	0	0	0	0	0	0	0	0	0	0	0	0	0	0	0	0	0	0	0	0	0	0	0	0	0	0	0	0	0.0015765963037575545	0	0	0	0	0	3.72041110542715e-4	0	0	0	0
ASV_1204	6.74217907227616e-4	0	0	0	0	0	9.253547193090684e-4	0	0	0	0	0	0	0	0	0	0	0	9.442870632672332e-5	0	0	0	0	0	0	0	0	0	0	0	0	0	0	0	0	0	0	0	0	0	0	0	0	0	0	0	0	0	0	0	0
ASV_1205	0	0	0	0	0	0	0	0	0	0	0	0	0	0	0	0	0	0	0.0016879131255901794	0	0	0	0	0	0	0	0	0	0	0	0	0	0	0	0	0	0	0	0	0	0	0	0	0	4.3336450516616107e-4	0	0	0	0	0	0
ASV_1206	0	0	0	0	0	0	0	0	0	0	0	0	0	0	0	0	0	0	0	0	0	0	0	0	0	0	0	0	0	0	0	0	0	0	0	0	0	0	0	0	0.0017517736708417273	0	0	0	0	0	0	0	0	0	0
ASV_1207	0	0.005883795047805835	0	0	0	0	0	0	0	0	0	0	0	0	0	0	0	0	0.0014400377714825308	0	0	0	0	0	0	0	0	0	0	0	0	0	0	0	0	0	0	0	0	0	0	0	0	0	4.5617316333280114e-5	0	0	0	0	0	0
ASV_1209	0	0	0	0	0	0	0.0013571869216533004	0	0	0	0	0	0	0	0	0	0	0	0.0010859301227573181	0	0	0	0	0	0	0	0	0	0	0	0	0	0	0	0	0	0	0	0	0	0	0	0	0	0	0	0	0	0	0	0
ASV_1210	0	0	0	0	0	0	0	0	0	0	0	0.002642880740006607	0	0	1.007759750075582e-4	0	0	0	0	0	0	0	3.9486437007167386e-4	0	0	0	1.277016888548351e-4	0	0	0	0	0	0	0	0	0	0	0	0	0	1.0705283544032778e-4	0	0	0	0	0	0	0	0	0	0
ASV_1212	0	0	0	0	0	0	0	0	0	0	0	0	0	0	0	0	0	0	0	0	0	0	0	0.0031013542038775045	0	0	0	0	0	0	0	0	0	0	0	0	0	0	0	0	0	0	0	0	0	0	0	0	0	0	0
ASV_1213	0	0	0	0	0	0	0	0	0	0	0	0	0	0	0	0	0	0	0	0	0	0	0	0	0	0	0	0.011808346213292117	0	0	0	0	0	0	0	0	0	0	0	0	0	0	0	0	0	0	0	0	0	0	0
ASV_1215	0	0	0	0	0	0	0	0	0	0	0	0	0	0	0	0	0	0	0	0	0	0	0	0	0	0	0	0	0	0	0	0	0	0	0	0	0	0	0	0.004504610740312729	0	0	0	0	0	0	0	0	0	0	0
ASV_1216	0	0.005393478793822015	0	0	0	0	0	0	0	0	0	0	0	5.104459109636489e-4	0	0	0	0	0.0012039660056657223	0	0	0	0	0	0	0	0	0	0	0	0	0	0	0	0	0	0	0	0	0	0	0	0	0	0	0	0	0	0	0	0
ASV_1217	0	0	0	0	0	0	0	0	1.7659375867201492e-4	0	0	0	0	0	0	0	0	0	0	0	0	0	0	0	0	0	0	0	0	0	0	0	0	0	0	0	0	0	0	0	0	0	0	0	0	0	0	0	0	0	0
ASV_1218	0	0	0	0	0	0	0	0	0	0	0	0	0	0	0	0	0	0	0	0	0	0	2.8717408732485374e-4	0	0	0	0	0	0	0	0	0	0	0	0	0	0	0	0	0	0.0011191887341488814	0	0	0	0	0	0	0	0	0	0
ASV_1219	0	0	0	0	0	0	0	0	0	0	0	0	0	0	0	0	0	0	0	0	0	0	3.470020221841982e-4	0	0	0	0	0	0	0	0	0	0	0	0	0	0	0	0	0	7.591019240314152e-4	0	0	0	0	0	0	0	0	0	0
ASV_1221	0	0	0	0	0	0	0	0	0	0	0	0	0	0	0	0	0	0	0.0015580736543909348	0	0	0	0	0	0	0	0	0	0	0	0	0	0	0	0	0	0	0	0	0	0	0	0	0	5.474077959993613e-4	0	0	0	0	0	0
ASV_1222	0	0	0	0	0	0	0	0	0	0	0	0	0	0	0	0	0	0	0.0014872521246458925	0	0	0	0	0	0	0	0	0	0	0	0	0	0	0	0	0	0	0	0	0	0	0	0	0	0	0	0	0	0	0	0
ASV_1223	0	0	0	0	0	0	4.3183220234423197e-4	0	0	0	0	0	0	0	0	0	0	0	0.0021364494806421154	0	0	0	0	0	0	0	0	0	0	0	0	0	0	0	0	0	0	0	0	0	0	0	0	0	0	0	0	0	0	0	0
ASV_1224	0	0	0	0	0	0	0	0	0	0	0	0	0	0	0	0	0	0	0	0	0	0	8.016943271152167e-4	0	0	0	0	0	0	0	0	0	0	0	0	0	0	0	0	0	1.2651698733856919e-4	0	0	0	0	0	2.1702398114991706e-4	0	0	0	0
ASV_1226	0	0	0	0	0	0	0	0	0	0	0	0	0	0	0	0	0	0	3.659112370160529e-4	0	0	0	0	0	0	0	2.87328799923379e-4	0	0	0	0	0	0	0	0	0	0	0	0	0	0	0	0	0	2.5089523983304064e-4	0	0	0	0	0	0
ASV_1227	0	0	0	0	0	0	0.003948180135718692	0	0	0	0	0	0	0	0	0	0	0	0	0	0	0	0	0	0	0	0	0	0	0	0	0	0	0	0	0	0	0	0	0	0	0	0	0	0	0	0	0	0	0	0
ASV_1228	0	0	0	0	0	0	0	0	0	0	0	0	0	0	0	0	0	0	7.67233238904627e-4	0	0	0	0	0	0	0	0	0	0	0	0	0	0	0	0	0	0	0	0	0	0	0	0	0	4.789818214994412e-4	0	0	0	0	0	0
ASV_1230	0	0	0	0	0	0	0	0	0	0	0	0	0	0	0	0	0	0	0	0	0	0	0	0	0	0	0	0	0	0	0	0	0	0	0	0	0	0	0	0	0	0	0	0	0	0	0	8.140239285173406e-4	0	0	0
ASV_1231	0	0	0	0	0	0	0	0	0	0	0	0	0	0	0	0	0	0	0	0	0	0	0	0	0	0	0	0	0	0	0	0	0	0	0	0	0	0	0	0	0	0	0	0	0	0	0	0	0.004201775589039239	0	0
ASV_1237	0	0	0	0	0	0	0	0	0	0	0	0	0	0	0	0	0	0	0	0	0	0	0	0	0	0	0	0	0	0	0	0	0	0	0	0	0	0	0	0	0	0	0	0	0	0	0	0.002063456004846282	0	0	0
ASV_1240	0	0	0	0	0	0	0	0	0	0	0	0	0.002054603705251428	0	0	0	0	0	0	0	0	0	0	0	0	0	0	0	0	0	0	0	0	0	0	0	0	0	0	0	0	0	0	0	0	0	0	0	0	0	0
ASV_1241	0	0	0	0	0	0	0	0	0	0	0	0	0	0	0	0	0	0	0	0	0	0	0	0	0	0	0	0	0.0018103821480577747	0.0012805426732193535	0	0	0	0	0	0.00304008231607502	0	0	0	0	0	0	0	0	0	0	0	0	0	0	0
ASV_1243	0	0	0	0	0	0	0	0	0	0	0	0	0	0	0	0	0	0	0	0	0	0	0	0	0	0	1.277016888548351e-4	0	0	0	0	0	0	0	0	0	0	0	0	0	0	0	0	0	0	0	0	0	0	0	0
ASV_1244	0	0	0	0	0	0	0	0	0	0	0	0	0	0	0	0	0	0	0	0	0	0	8.85453435918299e-4	0	0	0	0	0	0	0	0	0	0	0	0	0	0	0	0	0	0	0	0	0	0	0	0	0	0	0	0
ASV_1245	0	0	0	0	0	0	0	0	0	0	0	0	0	0	0	0	0	0	0	0	0	0	0	0	0	0	0	0	0	0	0	0	0	0	0	0	0	0	0	0	0	0	0	0	0	0	0	0	0	0.003556910569105691	0
ASV_1247	0	0	0	0	0	0	0	0	0	0	0	0	0	0	0	0	0	0	0	0	0	0	0	0	0	0	0	0	0	0	0	0	0	0	0	0	0	0	0	0	0	0	0.0024449547480751045	0	0	0	0	0	0	0	0
ASV_1248	0	0	0	0	0	0	0	0	0	0	0	0	0	0	0	0	0	0	0	0	0	0	0	0	0	0	0	0	0.0019678066826714943	2.4226483006852635e-4	0	0	0	0	0	0	0	0	0	0	0	0	0	0	0	0.002413414825262498	0	0	0	0	0
ASV_1249	0	0	0	0	0	0	0	0	0	0	0	0	0	0	0	0	0	0	0	0	0	0	0	0	0	0	0	0.011128284389489953	0	0	0	0	0	0	0	0	0	0	0	0	0	0	0	0	0	0	0	0	0	0	0
ASV_1250	0	0	0	0	0	0	0	0	0	0	0	0	0	0	0	0	0	0	0	0	0	0	0	0	0	0	0	0	0	0	0	0	0	0	0	0	0.013234321005808396	0	0	0	0	0	0	0	0	0	0	0	0	0	0
ASV_1251	0	0	0	0	0	0	0	0	0	0	0	0	0	0	0	0	0	0	0.0018413597733711049	0	0	0	0	0	0	0	0	0	0	0	0	0	0	0	0	0	0	0	0	0	0	0	0	0	0	0	0	0	0	0	0
ASV_1254	0	0	0	0	0	0	0	0	0	0	0	0	0	0	0	0	0	0.001196143632927442	0	0	0	0	0	0	0	0	0	0	0	0	0	0	0	0	0	0.003086852813245405	0	0.0016153081510934394	0	0	0	0	0	0	0	0	0	0	0	0	0
ASV_1257	0	0	0.0060876182193716705	0	0	0	0	0	0	0	0	0	0	0	0	0	0	0	0	0	0	0	0	0	0	0	0	0	0	0	0	0	0	0	0	0	0	0	0	0	0	0	0	0	0	0	0	0	0	0	0
ASV_1258	0	0	0	0	0.005913601282950787	0	0	0	0	0	0	0	0	0	0	0	0	0	0	0	0	0	0	0	0	0	0	0	0	0	0	0	0	0	0	0	0	0	0	0	0	0	0	0	0	0	0	0	0	0	0
ASV_1259	0	0	0	0	0	0	0	0	0	0	0	0	0	0	0	0	0	0.0033252792995382887	0	0	0	0	0	0	0	0	0	0	0	0	0	0	0	0	0	0	0	0	0	0	0	0	0	0	0	0	0	0	0	0	0
ASV_1261	0	0	0	0	0	0	0	0	0	0	0	0	0	0	0	0	0	0.0012200665055859907	0	0	0	0	0	0	0	0	0	0	0	0	0	0	0	0	0	0	0	0.0019880715705765406	0	0	0	0	0	0	0	0	0	0	0	0	0
ASV_1262	0	0	0	0	0	0	0	0	0	0	0	0	0	0	0	0	0	0	0	0	0	0	0	0.0028577923554054495	0	0	0	0	0	0	0	0	0	0	0	0	0	0	0	0	0	0	0	0	0	0	0	0	0	0	0
ASV_1263	0	0	0	0	0	0	0	0	0	0	0	0	0.0015670706226493941	0	0	0	0	0	0	0	0	0	0	0	0	0	0	0	0	0	0	0	0	0	0	0	0	0	0	0	0	0	0	0	0	0	0	0	0	0	0
ASV_1265	0	0	9.7836721382759e-4	0	0	0	0	0	0	0	0	0	0	4.7398548875195976e-4	0	0	0	0	0	0	0	0	0	0	0.0017658293992576309	5.800756620428752e-4	0	0	0	4.845296601370527e-4	0	0	0	0	0	0	0	0	0	0	0	0	0	0	0	0	0	0	0	0	0
ASV_1266	0	0	0	0	0	0	0	0	0	0	0	0.03402708952758507	0	0	0	0	0	0	0	0	0	0	0	0	0	0	0	0	0	0	0	0	0	0	0	0	0	0	0	0	0	0	0	0	0	0	0	0	0	0	0
ASV_1267	0	0	0	0	0	0	0	0	0	0	0	0	0	0	0	0	0	0	0	0	0	0	5.623825876778385e-4	0	0	0	0	0	0	0	0	0	0	0	0	0	0	0	0	0	0	0	0	0	0	0	0	0	0	0	0
ASV_1268	0	0	0	0	0	0	0	0	0	0	0	0	0	0	0	0	0	0	0	0	0	0	0	0	0	0	0	0	0	0	0	0	0	0	0	0	0	0	0	0	0	0	0	0	0	0	0.0026972980514346837	0	0	0	0
ASV_1269	0	0	0	0	0	0	0.01067242442936459	0	0	0	0	0	0	0	0	0	0	0	0	0	0	0	0	0	0	0	0	0	0	0	0	0	0	0	0	0	0	0	0	0	0	0	0	0	0	0	0	0	0	0	0
ASV_1270	0	0	0	0	0	0	0	0	0	0	0	0	0	0.003099135887993583	0	0	0	0	0	0	0	0	0	0	0	0	0	0	0	0	0	0	0	0	0	0	0	0	0	0	0	0	0	0	0	0	0	0	0	0	0
ASV_1271	0	0	0	0	0	0	0	0	0	0	0	0	0	0	0.003486848735261514	0	0	0	0	0	0	0	0	0	0	0	0	0	0	0	0	0	0	0	0	0	0	0	0	0	0	0	0	0	0	0	0	0	0	0	0
ASV_1274	0	0	0	0	0	0	0	0	0	0	0	0	0	0	0	0	0	0	0	0	0	0	0	0	0	0	0	0	0	0	0	0	0	0.002570501995128002	0	0	0	0	0	0	0	0	0	0	0	0	0	0	0	0	0
ASV_1275	0	0	0	0	0	0	0	0	0	0	0	0	0	0	0	0	0	0	0	0	0	0	0	0	0	0	0	0	0	0	0	0	0	0	0	0	0	0	0	0	0	0	0	0	6.386424286659216e-4	0	0	0	0	0	0
ASV_1278	0	0	0	0	0	0	0	0	0	0	0	0	0	0	0	0	0	0	0	0	0	0	0	0	5.405600201809074e-4	0	0	0	0	0	0	0	0	0	0	0	0	0	0	0	0	0	0	0	0	0	0	0	0	0	0
ASV_1279	0	0	0	0	0	0	0	0	0	0	0	0	0	0	0	0	0	0	0	0	0	0	1.4358704366242687e-4	0	0	0	0	0	0	0	0	0	0	0	0	0	0	0	0	0	0	0	0	0	0	0	0	0	0	0	0
ASV_1282	0	0	0	0.00718580437014225	0	0	0	0	0	0	0	0	0	0	0	0	0	0	0	0	5.390835579514825e-4	0	0	0	0	0	0	0	0	0	0	0	0	0	0	0	0	0	0	0	0	0	0	0	0	0	0	0	0	5.081300813008131e-4	0
ASV_1284	0	0	0	0	0	0	0	0	0	0	0	0	0	0	0	0	0	0	0	0	0	0	0	0.002760367616016627	0	0	0	0	0	0	0	0	0	0	0	0	0	0	0	0	0	0	0	0	0	0	0	0	0	0	0
ASV_1286	0	0	0	0	0	0	3.0845157310302283e-4	0	0	0	0	0	0	0	0	0	0	0	0.0016170915958451369	0	0	0	0	0	0	0	0	0	0	0	0	0	0	0	0	0	0	0	0	0	0	0	0	0	0	0	0	0	0	0	0
ASV_1289	0	0	0	0	0	0	0	0	0	0	0	0	0	0	0	0	0	0	0.0019948064211520304	0	0	0	0	0	0	0	0	0	0	0	0	0	0	0	0	0	0	0	0	0	0	0	0	0	0	0	0	0	0	0	0
ASV_1291	0	0	0	0	0	0	0	0	0	0	0	0	0	0	0	0	0	0	0	0	0	0	0	0	0	0	0	0	0	0	0	0	0	0	0	0	0	0	0	0	0	0	0	0	0	0	0	0.0013251552324700894	0	0	0
ASV_1292	0	0	0	0	0	0	0	0	0	0	0	0	0	0	0	0	0	0	0.0014518413597733712	0	0	0	0	0	0	0	0	0	0	0	0	0	0	0	0	0	0	0	0	0	0	0	0	0	0	0	0	0	0	0	0
ASV_1293	0	0	0	0	0	0	0.0033312769895126465	0	0	0	0	0	0	0	0	0	0	0	6.25590179414542e-4	0	0	0	0	0	0	0	0	0	0	0	0	0	0	0	0	0	0	0	0	0	0	0	0	0	0.0010948155919987227	0	0	0	0	0	0
ASV_1294	0	0	0	0	0	0	0	0	0	0	0	0	0	0	0	0	0	0	0	0	0	0	0	0	0	0.004211853720050442	0	0	0	0	0	0	0	0	0	0	0	0	0	0	0	0	0	0	0	0	0	0	0	0	0
ASV_1297	0	0	0	0	0	0	0	0	0	0	0	0	0	0	0	0	0	0	0	0	0	0	0	0	0	3.026481715006305e-4	0	0	0	0	0	0	0	0	0	0	0	0	0	0	0	0	0	0	0	0	0	0	0	0	0
ASV_1300	0	0	0	0	0	0	0	0	0	0	0	0	0	1.8230211105844607e-4	0	0	0	0	0	7.969397513547976e-4	0	0	0	0	0	0	0	0	0	0	0	0	0	0	0	0	0	0	0	0	0	0	0	0	0	0	0	0	0	0	0
ASV_1301	0	0	0	0	0	0	0	0	0	0	0	0	0	0	0	0	0	0	0	0	0	0	0	0	0.0020901654113661752	0	0	0	0	0	0	0	0	0	0	0	0	0	0	0	0	0	0	0	0	0	0	0	0	0	0
ASV_1302	0	0	0	0	0	0	0	0	0	0	0	0	0	0	0	0	0	0	0	0	0	0	0	0	0.00533352553245162	0	0	0	0	0	0	0	0	0	0	0	0	0	0	0	0	0	0	0	0	0	0	0	0	0	0
ASV_1305	0	0	0	0	0	0	0	0	0	0	0	0	0	0	0	0	0	0	0.0018531633616619453	0	0	0	0	0	0	0	0	0	0	0	0	0	0	0	0	0	0	0	0	0	0	0	0	0	0	0	0	0	0	0	0
ASV_1307	0.003505933117583603	0	0	0	0	0	0	0	0	0	0	0	0	0	0	0	0	0.0027272074830745675	0	0	0	0	0	0	0	0	0	0	0	0	0	0	0	0	0	0	0	0.0028578528827037774	0	0	0	0	0	0	0	0	0	0	0	0	0
ASV_1309	0	0	0	0	0	0	0	0	0	0	0	0	0	0	0	0	0	0	0	0	0	0	0	0	0	0	0	0	0	0	0	0	0	0	0	0	0	0	0	0	0	0.015082956259426848	0	0	0	0	0	0	0	0	0
ASV_1311	0	0	0.002337210566365909	0	0	0	0	0	0	0	0	0	0	0	0	0	0	0	0	0	0	0	0	0	0	0	0	0	0.004683379904758157	0	0	0	0	0	0	0	0	0	0	0	0	0	0	0	0	0	0	0	0	0	0
ASV_1312	0	0	0	0	0	0	0	0	0	0	0	0	0	0	0	0	0	0	0	0	0	0	3.8289878309980495e-4	0	0	0	0	0	0	0	0	0	0	0	0	0	0	0	0	0	7.396377721331737e-4	0	0	0	0	0	0	0	0	0	0
ASV_1313	0	0	0	0	0	0	0	0	0	0	0	0	0	0	0	0	0	0	0	0	0	0	0	0	0.0046488161735558035	0	0	0	0	0	0	0	0	0	0	0	0	0	0	0	0	0	0	0	0	0	0	0	0	0	0
ASV_1314	0	0	0	0	0	0	0	0	0	0	0	0	0	0	0	0	0	0	0	0	0	0	0	0	0	0	0	0	0	0	0	0	0	0	0	0	0	0	0	0	0.0012359736455383298	0	0	0	0	0	0	0	0	0	0
ASV_1315	0	0	0	0	0	4.354233654876742e-4	0	0	0	0	0	0	0	0	0	0	0	0	0	0	0	0	0	0	0	0	0	0	0	0	0	0	0	0	0	0	0	0	0	0	0	0	0	0	0	0	3.72041110542715e-4	0	0	0	0
ASV_1318	0	0	0.0017393194912490488	0	0	0	0	0	0	0	0	0	0	0	0	0	0	0	0	0	0	0	0	0.0010879095898418472	0	0	0	0	0	0.001488198241849519	0	0	0	1.494477904144187e-4	0	0	0	0	0	0	0	0	0	0	0	0	0	0	0	0	0
ASV_1320	0	0	0	0	0	0	0	0	0	0	0	0	0	0	0	0	0	0	0	0	0	0	0	0	0	0	0	0	0	0	0	0	0	0	0	0	0	0	0	0	0	0	0.0021612859651492637	0	0	0	0	0	0	0	0
ASV_1321	0	0	0	0	0	0	0	0	0	0	0	0	0	0	0	0	0	0	0	0	0	0	0	0	0	0	0	0	0	0	0	0	0	0	0	0	0	0	0	0	0	0	0	0	0	0	0	0.0030289262456459185	0	0	0
ASV_1322	0	0	0	0	0	0	2.4676125848241827e-4	0	0	0	0	0	0	0	0	0	0	0	0	0	0	0	0	0	0	0	0	0	0	0	0	0	0	0	0	0	0	0	0	0	0	0	0	0	6.386424286659216e-4	0	0	0	0	0	0
ASV_1323	0	0	0	0	0	0.00532556270096463	0	0	0	0	0	0	0	0	0	0	0	0	0	0	0	0	0	0	0	0	0	0	0	0	0	0	0	0	0	0	0	0	0	0	0	0	0	0	0	0	0	0	0	0	0
ASV_1324	0	0	0	0	0	0	0	0	0	0	0	0	0	0	0	0	0	0	0.0018767705382436261	0	0	0	0	0	0	0	0	0	0	0	0	0	0	0	0	0	0	0	0	0	0	0	0	0	0	0	0	0	0	0	0
ASV_1327	0	0	0	0	0	9.713290460878885e-4	0	0	0	0	0	0	0	0	0	0	0	0	1.8885741265344664e-4	0	0	0	0	0	0	0	0	0	0	0	0	0	0	0	0	0	0	0	0	0	0	0	0	0	0	0	0	0	0	0	0
ASV_1331	0	0	0	0	0	0	0	0	0	0	0	0	0	0	0	0	0	0	0	0	0	0	0	0	0	0	6.704338664878843e-4	0	0	0	0	0	0	0	0	0	0	0	0	0	0	0	0	0	0	0	0	0	0	0	0
ASV_1334	0	0	0	0	0	0	5.55212831585441e-4	0	0	0	0	0	0	0	0	0	0	0	0.001735127478753541	0	0	0	0	0	0	0	0	0	0	0	0	0	0	0	0	0	0	0	0	0	0	0	0	0	0	0	0	0	0	0	0
ASV_1335	0	0	0	0	0	0	0	0	0	0	0	0	0	0	0	0	0	0	0	0	0	0	0	0	0.005621824209881437	0	0	0	0	0	0	0	0	0	0	0	0	0	0	0	0	0	0	0	0	0	0	0	0	0	0
ASV_1336	0	0	0	0	0	0	0	0	0	0	0	0	0	0	0	0	0	0	0	0	0	0	0	0	0	0.003934426229508197	0	0	0	0	0	0	0	0	0	0	0	0	0	0	0	0	0	0	0	0	0	0	0	0	0
ASV_1337	0	0	0	0	0	0	0	0	0	0	0	0	0	8.750501330805411e-4	0	0	0	0	0	0	0	0	0	0	0	0	0	0	0	0	0	0	0	0	0	0	0	0	0	0	0	0	0	0	0	0	0	0	0	0	0
ASV_1339	0	0	0	0	0	0	0	0	0	0.022176831047563468	0	0	0	0	0	0	0.0036086241549424447	0	0	0	0	0	0	0	0	0	0	0	0	0	0	0	0	0	0	0	0	0	0	0	0	0	0	0	0	0	0	0	0	0	0
ASV_1340	0	0	0	0	0	0	0	0	0	0	0	0	0	0	0	0	0	0	0	0	0	0	3.1110526126859156e-4	0	0	0	0	0	0	0	0	0	0	0	0	0	0	0	0	0	8.369585316243808e-4	0	0	0	0	0	0	0	0	0	0
ASV_1342	0	0	0	0	0	0	0	0	0	0	0	0	0	0	0	0	0	0	0	0	0	0	0	0	0	0	0	0.008222565687789798	0	0	0	0	0	0	0	0	0	0	0	0	0	0	0	0	0	0	0	0	0	0	0
ASV_1343	0	0	0	0	0	0	0	0	0	0	0	0	0	0	0	0	0	0	0	0	0	0	0	0	0	0	0	0	0	0	0	0	0	0	0	0	0	0	0	0	0	0	0.002093745778738349	0	0	0	0	0	0	0	0
ASV_1344	0	0	0	0	0	0	0	0	1.2613839905143925e-4	0	0	0	0	0	0	0	0	0	0	0	0	0	0	0	0	0	0	0	0	0	0	0	0	0	0	0	0	0	0	0	0	0	0	0	0	0	0	0	0	0	0
ASV_1345	0	0	0	0	0	0	0	0	0	0	0	0	0	0	0	0	0	0	0	0	0	0	0	0	0.003964106814659988	0	0	0	0	0	0	0	0	0	0	0	0	0	0	0	0	0	0	0	0	0	0	0	0	0	0
ASV_1350	0	0	0	0	0	0	0	0	0	0	0	0	0	0	0	0	0	0	0	0	0	0	0	0	0	0	0	0	2.3613680192057933e-4	0	0	0	0	2.839508017873956e-4	0	0	0	0	0	0	0	0	0	0	0	0	0	0	0	0	0
ASV_1351	0	0	0	0	0	0	0	0	0	0	0	0	0	0	0	0	0	0	0.0011213408876298394	0	0	0	0	0	0	0	0	0	0	0	0	0	0	0	0	0	0	0	0	0	0	0	0	0	0	0	0	0	0	0	0
ASV_1352	0	0	0	0	0	0	0	0	0	0	0	0	0	0	0	0	0	0	0	0	0	0	0	0	0.005513712205845255	0	0	0	0	0	0	0	0	0	0	0	0	0	0	0	0	0	0	0	0	0	0	0	0	0	0
ASV_1353	0	0.0014709487619514587	0	0.004301706017500123	0	0	0	0	0	0	0	0	0	0	0	0	0	0	0	0	0	0	0	0	0	0	0	0	0	0	0	0	0	0	0	0	0	0	0	0	0	0	0	0.005521706016755522	0	0	0	0	0	0	0
ASV_1354	0	0	0	0.007430219484772938	0	0	0	0	0	0	0	0	0	0	0	0	0	0	0	0	0	0	0	0	0	0	0	0	0	0	0	0	0	0	0	0	0	0	0	0	0	0	0	0	0	0	0	0	0	0	0
ASV_1355	0	0	0	0	0	0	0	0	0	0	0	0	0	0	0	0	0	0	9.324834749763929e-4	0	0	0	0	0	0	0	0	0	0	0	0	0	0	0	0	0	0	0	0	0	0	0	0	0	0	0	0	0	0	0	0
ASV_1357	0	0	0	0	0	0	0	0	0	0	0	0	0	0	0	0	0	0.0012200665055859907	0	0	0	0	0	0	0	0	0	0	0	0	0	0	0	0	0	0	0	0	0	0	0	0	0	0	0	0	0	0	0	0	0
ASV_1358	0	0	0	0	0	0	0	0	0	0	0	0	0	0	0	0	0	0	0	0	0	0	0	0	0	1.008827238335435e-4	0	0	0	0	0	0	0	0.002196882519091955	0	0	0	0	0	0	0	0	0	0	0	0	0	0	0	0	0
ASV_1359	0	0	0	0	0	0	0	0	0	0	0	0	0	0	0	0	0	0	0	0	0	0	0	0	0	0	0	0	0	0	0	0	0	0	0	0	0	0	0	0	0	0	0	0.014375476009139375	0	0	0	0	0	0	0
ASV_1360	0	0	0	0	0	0	0	0	0	0	0	0	0	0	0	0	0	0	7.082152974504249e-5	0	0	0	0	0	0	0	0	0	0	0	0	0	0	0	0	0	0	0	0	0	0	0	0	0	0	0	0	0	0	0	0
ASV_1361	0	0	0	0	0	0	0	0	0	0	0	0	0	0	0	0	0	0.001602832468122772	0	0	0	0	0	0	0	0	0	0	0	0	0	0	0	0	0	0	0	0	0	0	0	0	4.0524111846548696e-4	0	0	0	0	0	0	0	0
ASV_1362	0	0	0.008098706381128383	0	0	0	0	0	0	0	0	0	0	0	0	0	0	0	0	0	0	0	0	0	0	0	0	0	0	0	0	0	0	0	0	0	0	0	0	0	0	0	0	0	0	0	0	0	0	0	0
ASV_1363	0	0	0	0.007283570415994525	0	0	0	0	0	0	0	0	0	0	0	0	0	0	0	0	0	0	0	0	0	0	0	0	0	0	0	0	0	0	0	0	0	0	0	0	0	0	0	0	0	0	0	0	0	0	0
ASV_1364	0	0	0	0	0	0	0	0	1.513660788617271e-4	0	0	0	0	0	0	0	0	0	0	0	0	0	0	0	0	0	0	0	0	2.768740915068872e-4	0	0	0	0	0	0	0	0	0	0	0	0	0	0	0	0	0	0	0	0	0
ASV_1365	0	0	0	0	0	0	0	0	0	0	0	0	0	0	0	0	5.024666544856569e-4	0	0	0	0	0	0	0	0	0.0023707440100882724	0	0	0	0	0	0	0	0	0	0	0	0	0	0	0	0	0	0	0	0	3.100342587855958e-4	0	2.4849210472812705e-4	0	0
ASV_1368	0	0	0	0	0	0	0	0	0	0	0	0	0.005153921158935785	0	0	0	0	0	0	0	0	0	0	0	0	0	0	0	0	0	0	0	0	0	0	0	0	0	0	0	0	0	0	0	0	0	0	0	0	0	0
ASV_1369	0	0	0	0	0	0	0	0	0	0	0	0	0	0	0	0	0	0.0030382048276357027	0	0	0	0	0	0	0	0	0	0	0	0	0	0	0	0	0	0	0	0.0026093439363817097	0	0	0	0	0	0	0	0	0	0	0	0	0
ASV_1370	0	0	0	0	0	0	0	0	0	0	0	0	0	0	0	0	0	0	0	0	0	0	0	0	0.00533352553245162	0	0	0	0	0	0	0	0	0	0	0	0	0	0	0	0	0	0	0	0	0	0	0	0	0	0
ASV_1372	0	7.354743809757293e-4	0	0	0	0	0	0	0	0	0	0	0	0	0	0	0	0	0	0	0	0	0	0	9.369707016469062e-4	0	0	0	0	0	0	0	0	0	0	0	0	0	0	0	0	0	0	0	0	0	0	0	0	0	0
ASV_1375	0	0	0	0	0	0	0	0	0	0	0	0	0	0	0	0	0	0	0	0	0	0	0	0	0	0	5.74657599846758e-4	0	0	0	0	0	0	0	0	0	0	0	0	0	0	0	0	0	7.070684031658418e-4	0	0	0	0	0	0
ASV_1376	0	0	0	0	0	0	0	0	0	0	0	0	0	0	0	0	0	0	5.311614730878187e-4	0	0	0	0	0	0	0	0	0	0	0	0	0	0	0	0	0	0	0	0	0	0	0	0	0	0	0	0	0	0	0	0
ASV_1377	0	0	0.005326665941950212	0	0	0	0	0	0	0	0	0	0	0	0	0	0	0	0	0	0.001078167115902965	0	0	0	0	0	0	0	0	0	0	0	0	0	0	0	0	0	0	0	0	0	0	0	0	0	0	0	0	0	0
ASV_1378	0	0	0	0	0	0	0	0	0	0	0	0	0	0	0	0	0	0	0	0	0	0	0	0	0.0012613067137554506	0	0	0	0	0	0	0	0	0	0	0	0	0	0	0	0	0	0	0	0	0	0	0	0	0	0
ASV_1379	0	0	0	0	0	0	0	0	0	0	0	0	0	0	0	0	0	0	0	0	0	0	0	0	1.0811200403618149e-4	0	0	0	0	0	0	0	0	0	0	0	0	0	0	0	0	0	0	0	0	0	0	0	0	0	0
ASV_1381	0	0	0	0	0	0	0	0	0	0	0	0	0	0	0	0	0	0	0	0	0	0	0	0	0.004036181484017442	0	0	0	0	0	0	0	0	0	0	0	0	0	0	0	0	0	0	0	0	0	0	0	0	0	0
ASV_1382	0	0	0	0	0	0	0	0	0	0	0	0	0	0	0	0	0	0	0	0	0	0	0	0.002354431201896535	0	0	0	0	0	0	0	0	0	0	0	0	0	0	0	0	0	0	0	0	0	0	0	0	0	0	0
ASV_1383	0	0	0	0	0	0	0	0	0	0	0	0	0	0	0	0	0	0	0	0	0	0	0	0	0	0	0	0	0	0	0	0	0	0	0	0	0	0	0	0	0	0	0.0019586654059165205	0	0	0	0	0	0	0	0
ASV_1384	4.045307443365696e-4	0	0	0	0	0	0	0	0	0	0	0	0	0	0	0	0	4.784574531709768e-5	0	0	0	0	0	4.871236969441107e-5	0	0	3.1925422213708775e-5	0	0	3.46092614383609e-5	0	0	0	1.4944779041441872e-5	0	0	0	0	0	0	0	0	0	4.76009139375476e-4	0	0	0	0	2.259019133892064e-5	0	0
ASV_1385	0	0	0	0	0	0	0	0	0	0	0	0	0	0	0	0	0	0	0	0	0	0	0	0.0010229597635826324	0	0	0	0	0	0	0	0	0	0	0	0	0	0	0	0	0	0	0	0	0	0	0	0	0	0	0
ASV_1386	0	0	0	0	0	0	0	0	0	0	0	0	0	0	0	0	0	0	0.0014636449480642116	0	0	0	0	0	0	0	0	0	0	0	0	0	0	0	0	0	0	0	0	0	0	0	0	0	0	0	0	0	0	0	0
ASV_1387	0	0	0	0	0	0	0	0	0	0	0	0	0	0.0026251503992416234	0	0	0	0	0	0	0	0	0	0	0	0	0	0	0	0	0	0	0	0	0	0	0	0	0	0	0	0	0	0	0	0	0	0	0	0	0
ASV_1388	0	0	0	0	0	0	0	0	0	0	0	0	0	0	0	0	0	0	0.0016997167138810198	0	0	0	0	0	0	0	0	0	0	0	0	0	0	0	0	0	0	0	0	0	0	0	0	0	0	0	0	0	0	0	0
ASV_1389	0	0	0	0	0	0	0	0	0	0	0	0	0	0	0	0	0	0	0	0	0	0	0	0	0	0	0	0	0	0	0	0	0	0	0	0	0	0	0	0	0	0	0	0	0.0020983965513308852	0	0	0	0	0	0
ASV_1391	0	0	0	0	0	0	0	0	0	0	0	0	0	0	0	0	0.0048876301845422986	0	0	0	0	0	0	0	0	0	0	0	0	0	0	0	0	0	0	0	0	0	0	0	0	0	0	0	0	0	1.240137035142383e-4	0	0	0	0
ASV_1393	0	0	0.0033155777801934993	0	0	0	0	0	0	0	0	0	0	0	0	0	0	0	0	0	0	0	0	0	0	0	0	0	0	0	0	0	0	0.0012105271023567917	0	0	0	0	0	0	0	0	0	0	0	0	0	0	0	0	0
ASV_1394	0	0	0	0	0	0	0	0	0	0	0	0	0	0	0	0	0	0	0	0	0	0	0	8.605851979345956e-4	0	0	0	0	0	0	0	0	0	0	0	0	0	0	0	0	0	0	0	0	0	0	0	0.0016848402241405422	0	0	0
ASV_1395	0	0	0	0	0	0	0	0	0	0	0	0	0	0	0	0	0	0	0	0	0	0	0	0	2.882986774298173e-4	0	0	0	0	0	0	0	0	0	0	0	0	0	0	0	0.001089992506301519	0	0	0	0	0	0	0	0	0	0
ASV_1396	0	0	0	0	0	0	0	0	0	0	0	0	0	0	0	0	0	0	0.001168555240793201	0	0	0	0	0	0	0	0	0	0	0	0	0	0	0	0	0	0	0	0	0	0	0	0	0	0	0	0	0	0	0	0
ASV_1398	0	0	0	0	0	0	0	0	0	0	0	0	0	0	0	0	0	0	0	0	0	0	0	0	0	0	0	0	7.871226730685978e-5	0	0	0	0	0	0	0	0	0	0	0	0	0	0	0	0	0	1.240137035142383e-4	0	0	1.016260162601626e-4	0
ASV_1399	0	0	0	0	0	0	0	0	0	0	0	0	0	0	0	0	0	0	0	0	0	0	0	0	0	0	0	0	0	0	0	0	0	0	0	0	0	0	0	0	0.001265169873385692	0	0	0	0	0	0	0	0	0	0
ASV_1401	0	0	0	0	0	0	0	0	0	0	0	0	0	0	0.0021566058651617454	0	0	0	0	0	0	0	0	0	0	0	0	0	0	0	0	0	0	0	0	0	0	0	0	0	0	0	0	0	0	0	0	0	0	0	0
ASV_1403	0	0	0	0	0	0	0	0	0.0035571028532505864	0	0	0	0	0	0	0	0	0	0	0	0	0	0	0	0	0	0	0	0	0	0	0	0	0	0	0	0	0	0	0	0	0	0	0	0	0	0	0	0	0	0
ASV_1405	0	0	0	0	0	0	0	0	0	0	0	0	0	0	0	0	0	0	0	0	0	0	0	0	0	0	0	0	0.004014325632649848	0.0013497611960960752	0	0	0	0	0	0	0	0	0	0	0	0	0	0	0	0	0	0	0	0	0
ASV_1406	0	0	0	0	0	0	0	0	0	0	0	0	0	0	0	0	0	0	0	0	0	0	0	0	0	0	0	0	0	0	0	0	0	0.002107213844843304	0	0	0	0	0	0	0	0	0	0	0	0	0	0	0	0	0
ASV_1407	0	0	0	0	0	0	0	0	0	0	0	0	0	0	0	0	0	0	0	0	0	0	0	0	0	0	0	0	0	0	0	0	0	0	0	0	0	0	0	0.003325393269026674	0	0	0	0	0	0	0	0	0	0	0
ASV_1409	0	0	0	0	0	0	0	0	0	0	0	0	0	0	0	0	0	0	0	0	0	0	0	0	0	0	0	0	0	0	0	0	0	0	0	0	0	0	0	0	0.0011775811898436055	0	0	0	0	0	0	0	0	0	0
ASV_1410	0	0	0	0	0	0	0	0	0	0	0	0	0	0	0	0	0	0	0	0	0	0	0	0	0.004396554830804714	0	0	0	0	0	0	0	0	0	0	0	0	0	0	0	0	0	0	0	0	0	0	0	0	0	0
ASV_1411	0	0	0	0	0	0	0	0	0	0	0	0	0	0	0	0	0	0	0	0	0	0	0	0	0	0	0	0	0	0	0	0	0	0.002092269065801862	0	0	0	0	0	0	0	0	0	0	0	0	0	0	0	0	0
ASV_1415	0	0	0	0	0	0	0.003146206045650833	0	0	0	0	0	0	0	0	0	0	0	6.610009442870633e-4	0	0	0	0	0	0	0	0	0	0	0	0	0	0	0	0	0	0	0	0	0	0	0	0	0	0	0	0	0	0	0	0
ASV_1417	0	0	0	0	0	0	0	0	0	0	0	0	0	0	0	0	0	0	0	0	0	0	0	0	0	0	0	0	0	0	0	0	0	0	0	0	0	0	0	0	0	0	0	0	0	0.0041999686569503215	0	0	0	0	0
ASV_1418	0	0	0	0	0	0	0	0	0	0	0	0	0	0	0	0	0	0	0	0	0	0	0	0	0	0	0	0	0	0	0	0	0	0.0020773242867604203	0	0	0	0	0	0	0	0	0	0	0	0	0	0	0	0	0
ASV_1419	0	0	0	0	0	0	0	0	0	0	0	0	0	0	0	0	0	0	0	0	0	0	0	0	0	0	0	0	0	0	0	0	0	0	0	0	0	0	0	0.0031367184736209052	0	0	0	0	0	1.8805829807240243e-4	0	0	0	0	0
ASV_1421	0	0	9.240134797260572e-4	0	0	8.708467309753484e-4	0	0	0	0	0	0	0	0	0	0	0	0	0	0	0	0	0	0	0	0	0	0	7.477665394151679e-4	0	0	0	0	0	0	0	0	0	0	0	0	0	0	0	0	0	0	0	0	0	0
ASV_1422	0	0	0	0	0	0	0.0036397285626156694	0	0	0	0	0	0	0	0	0	0	0	0	0	0	0	0	0	0	0	0	0	0	0	0	0	0	0	0	8.886394462373135e-4	0	0	0	0	0	0	0	0	0	0	0	0	0	0	0
ASV_1423	0	0	0	0	0	0	0	0	0	0	0	0	0	0	0	0	0	0	0.0016288951841359773	0	0	0	0	0	0	0	0	0	0	0	0	0	0	0	0	0	0	0	0	0	0	0	0	0	0	0	0	0	0	0	0
ASV_1424	0	0	0	0	0	0	0	0	0	0	0	0	0	0	0	0	0	0	0	0	0	0	0	0	0	0	0	0	0	0	0	0	0	0	0	0	0	0	0	0	0	0	0	0	0	0	0	0	0	0.0024390243902439024	0
ASV_1427	0	0	0	0	0	0	0	0	0	0	0	0	0	0	0	0	0	0	0	0	0	0	0	0	0	0	0.0011173897774798072	0	0	0	0	0	0	0	0	0	0	0	0	0	3.114264303718626e-4	0	0	0	0	0	0	0	0	0	0
ASV_1429	0	0	0	0	0	0	0	0	0	0	0	0	0	0	0	0	0	0	8.852691218130312e-4	0	0	0	0	0	0	0	0	0	0	0	0	0	0	0	0	0	0	0	0	0	0	0	0	0	0	0	0	0	0	0	0
ASV_1431	0	0	0	0	0	0	0	0	0	0	0	0	0	0	0	0	0	0	0	0	0	0	0	0	0	0	0	0	0	0	0	0	0	0	0	0	0	0	0	0.0025235253885521566	0	0	0	0	0	9.402914903620122e-4	0	0	0	0	0
ASV_1433	0	0	0	0	0	0	0.0016039481801357186	0	0	0	0	0	0	0	0	0	0	0	7.554296506137865e-4	0	0	0	0	0	0	0	9.577626664112633e-5	0	0	0	0	0	0	0	0	0	0	0	0	0	0	0	0	0	5.017904796660813e-4	0	0	0	0	0	0
ASV_1434	0	0	0	0	0	0	0	0	0	0	0	0	0	0	0	0	0	0	6.728045325779037e-4	0	0	0	0	0	0	0	0	0	0	0	0	0	0	0	0	0	0	0	0	0	0	0	0	0	5.017904796660813e-4	0	0	0	0	0	0
ASV_1436	0	0	0	0.006599208095028597	0	0	0	0	0	0	0	0	0	0	0	0	0	0	0	0	0	0	0	0	0	0	0	0	0	0	0	0	0	0	0	0	0	0	0	0	0	0	0	0	0	0	0	0	0	0	0
ASV_1437	0	0	0	0	0	0	0	0	0	0	0	0	0	0	0	0	0	0	0.001251180358829084	0	0	0	0	0	0	0	0	0	0	0	0	0	0	0	0	0	0	0	0	0	0	0	0	0	0	0	0	0	0	0	0
ASV_1440	0	0	0	0	0	0	0	0	0	0	0	0	0	0	0	0	0	0	0	0	0	0	0	0	0	0	0	0	0	0	0	0	0	0	0.0013416894695030452	0	0	0	0	0	0	0	0	0	0	0.0017865538316878232	0	0	0	0	0
ASV_1441	0	0	0	0	0	0	0	0	0	0	0	0	0	0	0	0	0	0	0	0	0	0	0	0	0	0	0	0	0	0	0	0	0	0	0	0	0	0	0	0	0	0	0	0	0	0.004231311706629055	0	0	0	0	0
ASV_1442	0	0	0	0	0	0	0	0	0	0	0	0	0	0	0	0	0	0	0	0	0	0	0	0	0	0	0	0	0	0	0	0	0	0	0	0	0	0	0	0	0	0	0	0	0	0.004231311706629055	0	0	0	0	0
ASV_1443	0	0	0	0	0	0	0	0	0	0	0	0	0	0	0	0	0	0	0	0	0	0	0	0	0	0	0	0	0	0	0	0	0	0	0	0	0	0	0	0	0	0	0	0	0	0	0	0	0.0030496758307542865	0	0
ASV_1444	0	0	0	0	0	0	2.4676125848241827e-4	0	0	0	0	0	0	0	0	0	0	0	0.0014046270066100095	0	0	0	0	0	0	0	0	0	0	0	0	0	0	0	0	0	0	0	0	0	0	0	0	0	0	0	0	0	0	0	0
ASV_1446	0	0	0	0	0	0	0.00351634793337446	0	0	0	0	0	0	0	0	0	0	0	4.83947119924457e-4	0	0	0	0	0	0	0	0	0	0	0	0	0	0	0	0	0	0	0	0	0	0	0	0	0	0	0	0	0	0	0	0
ASV_1449	0	0	0	0	0	0	0	0	0	0	0	0	0	0	0	0	0	0	0	0.010678992668154287	0	0	0	0	0	0	0	0	0	0	0	0	0	0	0	0	0	0	0	0	0	0	0	0	0	0	0	0	0	0	0
ASV_1450	0	0	0	0	0	0	0	0	0	0	0	0	0	0	0	0	0	0	0	0	0	0	0	0	0.00482900284694944	0	0	0	0	0	0	0	0	0	0	0	0	0	0	0	0	0	0	0	0	0	0	0	0	0	0
ASV_1451	0	0	0	0	0	0	0	0	0	0	0	0	0	0	0	0	0	0	0	0	0	0	0	0	0	0	0	0	0	0	0	0	0.0032820613304594885	0	0	0	0	0	0	0	0	0	0	0	0	0	0	0	0	0	0
ASV_1453	0	0	0	0	0	0	0	0	0	0	0	0	0	0	0	0	0	0	0	0	0	0	0	0	0	0	0	0	0	0	0	0	0	0	0	0	0.009852216748768473	0	0	0	0	0	0	0	0	0	0	0	0	0	0
ASV_1457	0	0	0	0	0	0	0	0	0	0	0	0	0	0	0	0	0.0010049333089713138	0	0	0	0	0	0	0	0	0	0	0	0	0	0	0	0	0	0	0	0	0	0	0	0	0	0	0	0	0	0	0	0	0	0
ASV_1458	0	0	0	0	0	0	0	0	0	0	0	0	0	0	0	0	0	0	2.950897072710104e-4	0	0	0	0	0	0	0	0	0	0	0	0	0	0	0	0	0	0	0	0	0	0	0	0	0	0	0	0	0	0	0	0
ASV_1465	0	0	2.7176867050766385e-4	0	0	0	0	0	0	0	0	0	0	0	0	0	0	0	0	0	0	0	0	0	0	0	0	0	0	0	0	0	0	2.690060227459537e-4	0	0	0	0	0	5.18855687365864e-4	0	0	0	0	0	0	0	0	0	0	0
ASV_1466	0	0	0	0	0	0	0	0	0	0	0	0	0	0	0	0	0	0	0	0	0	0	0	0	0	0	0	0	0	0	0	0	0	0	0.001006267102127284	0	0	0	0	0	0	0	6.078616776982304e-4	0	0	0	0	0	0	0	0
ASV_1467	0	0	0	0	0	0	6.169031462060457e-4	0	0	0	0	0	0	0	0	0	0	0	6.019830028328612e-4	0	0	0	0	0	0	0	0	0	0	0	0	0	0	0	0	0	0	0	0	0	0	0	0	0	0	0	0	0	0	0	0
ASV_1468	0	0	0	0	0	0	0.008143121529919802	0	0	0	0	0	0	0	0	0	0	0	0	0	0	0	0	0	0	0	0	0	0	0	0	0	0	0	0	0	0	0	0	0	0	0	0	0	0	0	0	0	0	0	0
ASV_1469	0	0	0	0	0	0	0	0	0.003330053734957996	0	0	0	0	0	0	0	0	0	0	0	0	0	0	0	0	0	0	0	0	0	0	0	0	0	0	0	0	0	0	0	0	0	0	0	0	0	0	0	0	0	0
ASV_1471	0	0	0	0	0	0	0	0	0	0	0	0	0	0	0	0	0	0	0	0	0	0	0	0	0	0	0	0	0	0	0	0	0	0	0	0.00617370562649081	0	0	0	0	0	0	0	0	0	0	0	0	0	0	0
ASV_1473	0	0	0	0	0.004376733152918379	0	0	0	0	0	0	0	0	0	0	0	0	0	0	0	0	0	0	0	0	0	0	0	0	0	0	0	0	0	0	0	0	0	0	0	0	0	0	0	0	0	0	0	0	0	0
ASV_1474	0	0	0	0	0	0	0	0	2.0182143848230277e-4	0	0	0	0	0	0	0	0	7.655319250735628e-4	0	0	0	0	0	0	0	0	0	0	0	0	0	0	0	0	0	0	0	0.002485089463220676	0	0	0	0	0	0	0	0	0	0	0	0	0
ASV_1475	0	0	0	0	0	0	0	0	0	0	0	0	3.134141245298788e-4	0	0	0	0	0	0	0	0	0	0	0	0	0	0	0	0	0	0	0	0	0	0	0	0	0	0	0	0	0	0	0	0	0	0	0	0	0	0
ASV_1476	0	0	0	0	0	0	0	0	0	0	0	0	0	0	0	0	0	0	0	0	0	0	0	0.00167245802617478	0	0	0	0	0	0	0	0	0	0	0	0	1.4704801117564886e-4	0	0	0	0	0	0	0	0	0	0	0	0	0	0
ASV_1477	0	0	0	0	0	0	0	0	0	0	0	0	0	0	0	0	0	0	0	0	0	0	0	0	0	0	0	0	0	0	0	0	0.0032085823454492015	0	0	0	0	0	0	0	0	0	0	0	0	0	0	0	0	0	0
ASV_1480	0	0	0	0	0	0	0	0	0	0	0	0	0	0	0	0	0	0	4.721435316336166e-5	0	0	0	0	0	0	0	5.108067554193404e-4	0	0	0	0	0	0	0	0	0	0	0	0	0	0	0	0	0	0	0	0	0	0	0	0
ASV_1481	0	0	0	0	0	0	0	0	0	0	0	0	0	0	0	0	0	0	0	0	0	0	0	0	0	0	4.7888133320563166e-4	0	0	0	0	0	0	0	0	0	0	0	0	0	0	0	0	0	0	0	0	0	0	0	0
ASV_1484	0	0	0	0	0	0	0	0	0	0	0	0	0	0.0011302730885623656	0	0	0	0	0	0	0	0	0	0	0	0	0	0	0	0	0	0	0	0	0	0	0	0	0	0	0	0	0	0	0	0	0	0	0	0	0
ASV_1485	0	0	0	0	0	0	0	0	0	0	0	0	0	0	0	0	0	0	0	0	0	0	0	0	0	0	0	0	0	0	0	0	0	0	0	0	0	0	0	0	0.0011678491138944849	0	0	0	0	0	0	0	0	0	0
ASV_1491	0	0	0	0	0	0	0.002220851326341764	0	0	0	0	0	0	0	0	0	0	0	5.665722379603399e-4	0	0	0	0	0	0	0	0	0	0	0	0	0	0	0	0	0	0	0	0	0	0	0	0	0	0	0	0	0	0	0	0
ASV_1492	0	0	0	0	0	0	0	0	0	0	0	0	0	0	0	0	0	0	0.0013101983002832861	0	0	0	0	0	0	0	0	0	0	0	0	0	0	0	0	0	0	0	0	0	0	0	0	0	0	0	0	0	0	0	0
ASV_1493	0	0	0	0	0	0	0	0	0	0	0	0	0	0	0	0	0	0	0	0	0	0	0	0	0.003315434790442899	0	0	0	0	0	0	0	0	0	0	0	0	0	0	0	0	0	0	0	0	0	0	0	0	0	0
ASV_1494	0	0	0	0	0	0	0	0	0	0	0	0	0	0	0	0	0	0	0	0	0	0	0	0	0.003964106814659988	0	0	0	0	0	0	0	0	0	0	0	0	0	0	0	0	0	0	0	0	0	0	0	0	0	0
ASV_1495	0	0	0	0	0	0	0	0	0	0	0	0	0	0	0	0	0	0	0	0	0	0	0	0.002078394440294872	0	0	0	0	0	0	0	0	0	0	0	0	0	0	0	0	0	0	0	0	0	0	0	0	0	0	0
ASV_1497	0	0.007109585682765384	0	0	0	0	0	0	0	0	0	0	0	0	0	0	0	0	0	0	0	0	0	0	0	0	0	0	0	0	0	0	0	0	0	0	0	0	0	0	0	0	0	0	0	0	0	0	0	0	0
ASV_1498	0	0	0	0	0	2.3445873526259378e-4	0	0	0	0	0	0	0	0	0	0	0	0	0	0	0	0	0	0	0	0	0	0	0	0	0	0	0	0	0	0	0	0	0	0	2.5303397467713837e-4	0	0	0	0	0	2.1702398114991706e-4	0	0	0	0
ASV_1499	0	0	0	0	0	0	0	0	0	0	0	0	0	0	0	0	0	0	0.0011213408876298394	0	0	0	0	0	0	0	0	0	0	0	0	0	0	0	0	0	0	0	0	0	0	0	0	0	0	0	0	0	0	0	0
ASV_1500	0	0	0	0	0	0	0	0	0	0.0023344032681645753	0	0	0	0	0	0	0	0	0	7.172457762193178e-4	0	0	0	0	0	0	0	0	0	0	0	0	0	1.9428212753874434e-4	0	3.7416397736307936e-4	0	0	0	0	0	0	0	0	0	1.8805829807240243e-4	1.705188423320777e-4	0	0	9.146341463414635e-4	0
ASV_1501	0	0	0	0	0	0	0	0	0	0	0	0	0	0	0	0	0	0	0	0	0	0	0	0	0.0025586507621896282	0	0	0	0	0	0	0	0	0	0	0	0	0	0	0	0	0	0	0	0	0	0	0	0	0	0
ASV_1503	0	0	0	0	0	0	0	0	0	0	0	0	0	0	0.002559709765191978	0	0	0	0	0	0	0	0	0	0	0	0	0	0	0	0	0	0	0	0	0	0	0	0	0	0	0	0	0	0	0	0	0	0	0	0
ASV_1504	0	0	0	0	0	0	0	0	0	0	0	0	0	0	0	0	0	0	0.0014990557129367327	0	0	0	0	0	0	0	0	0	0	0	0	0	0	0	0	0	0	0	0	0	0	0	0	0	0	0	0	0	0	0	0
ASV_1505	0	0	0	0	0	0	0	0	0	0	0	0	0	0	0	0	0	0	0	0	0	0	0	0	0	0	0	0	0	0	0	0	0	0.0018979869382631178	0	0	0	0	0	0	0	0	0	0	0	0	0	0	0	0	0
ASV_1507	0	0	0	0	0	0	0	0	0	0	0	0	0	0	0	0	0.005755527133199342	0	0	0	0	0	0	0	0	0	0	0	0	0	0	0	0	0	0	0	0	0	0	0	0	0	0	0	0	0	0	0	0	0	0
ASV_1510	0	0	0	0	0	0	0	0	0	0	0	0	0	0	0	0	0	0	0	0	0	0	0	0	0	0	0	0	0	0	0	0	0	0.001883042159221676	0	0	0	0	0	0	0	0	0	0	0	0	0	0	0	0	0
ASV_1514	0	0	0	0	0	0	0	0	0	0	0	0	0	0	0	0	0	0	0	0	0	0	0	0	0	0	0	0	0	0	0	0	0	0	0	0	0	0	0	0	0	0	0	0	0	0	0.0018137004138957355	0	0	0	0
ASV_1515	0	0	0	0	0	0	0	0	0	0	0	0	0	0	0	0	0	0	0	0	0	0	0	0	3.6037334678727163e-4	0	0	0	4.3291747018772876e-4	0	0	0	0	1.9428212753874434e-4	0	0	0	0	0	0	0	0	0	0	0	0	0	0	0	0	0
ASV_1516	0	0	0	0	0	0	0	0	0	0.004377006127808579	0	0	0	0	0	0	0	0	0	0	0.0042228212039532795	0	0	0	0	0	0	0	0	0	0	0	0	8.369076263207448e-4	0	0	0	0	0	0	0	0	0	0	0	0	0	0	0	0	0
ASV_1517	0	0	0	0	0	0	0	0	0	0	0	0	0	0	0	0	0	0	0.0012865911237016053	0	0	0	0	0	0	0	0	0	0	0	0	0	0	0	0	0	0	0	0	0	0	0	0	0	0	0	0	0	0	0	0
ASV_1518	0	0	0	0	0	0	0	0	0	0	0	0	0	0	0	0	0	0	0	0	0	0	0	0	0	0	0	0	0	0	0	0	0	0	0	0.005846312146298115	0	0	0	0	0	0	0	0	0	0	0	0	0	0	0
ASV_1521	0	0	0	0	0	0	0	0	0	0	0	0	0	0	0	0	0	0	0	0	0	0	0	0	0	0	0	0	0	0	0	0	0	0	0	0	0	0	0	0	5.8392455694724244e-5	0	0	0	0	0	0	0	0	0	0
ASV_1522	0	0	0	0	0	0	0	0	0	0	0	0	0	0	0	0	0	0	0.0014636449480642116	0	0	0	0	0	0	0	0	0	0	0	0	0	0	0	0	0	0	0	0	0	0	0	0	0	0	0	0	0	0	0	0
ASV_1525	0	0	0	0	0	0	0.002405922270203578	0	0	0	0	0	0	0	0	0	0	0	0	0	0	0	0	0	0	0	0	0	0	0	0	0	0	0	0	0	0	0	0	0	0	0	0	0	0	0	0	0	0	0	0
ASV_1526	0	0	0	0	0	0	0	0	0	0	0	0	0	1.0938126663506764e-4	0	0	0	0	0.0013692162417374882	0	0	0	0	0	0	0	0	0	0	0	0	0	0	0	0	0	0	0	0	0	0	0	0	0	0	0	0	0	0	0	0
ASV_1528	0	0	0	0	6.68203534796699e-5	0	0	0	0	0	0	0	0	0	0	0	0	0	0	0	0	0	0	0	0	0	0	0	0	0	0	0	0	0	0	0	0	0	0	0	0	0	0	0	0	0	0	0	0	0	0
ASV_1530	0	0	0	0	0	0	0	0	0	0	0	0	0	0	0	0	0	0	0	0	0	0	0	0	0	0	0.0010535389330523896	0	0	0	0	0	0	0	0	0	0	0	0	0	0	0	0	0	0	0	0	0	0	0	0
ASV_1531	0	0	0	0	0	0	0	0	0	0	0	0	0	0	0	0	0	0	0	7.969397513547976e-4	0	0	0	0	0	0	0	0	0	0	0	0	0	0	0	0	0	0	0	0	0	0	0	0	0	0	0	0	0	0	0
ASV_1533	0	0	0	0	0	0	0	0	0	0	0	0	0	0	0	0	0	0	0	0	0	0	0	0	0	1.5132408575031526e-4	0	0	0	0	0	0	0	0	0	0	0	0	0	0	0	0	0	0	0	0	0	0	0	0	0
ASV_1534	0	0	0	0	0	0	0	0	0	0	0	0	0	0	0	0	0.005618490772885072	0	0	0	0	0	0	0	0	0	0	0	0	0	0	0	0	0	0	0	0	0	0	0	0	0	0	0	0	0	0	0	0	0	0
ASV_1535	0	0	0	0	0	0	0	0	0	0	0	0	0	0	0	0	0	0	7.082152974504249e-5	0	0	0	0	0	0	0	0	0	0	0	0	0	0	0	0	0	0	0	0	0	0	0	0	0	0	0	0	0	0	0	0
ASV_1539	0	0	0.0038047613871072944	0	0	0	0	0	0	0	0	0	0	0	0	0	0	0	0	0	0	0	0	0	0	0	0	0	0	0	0	0	0	0	0	0	0	0	0	0	0	0	0	0	0	0	0	0	0	0	0
ASV_1540	0	0	0	0	0	0	0	0	0	0	0	0	0	0	0	0	0	0	0	0	0	0	0	0	0	0	0	0	0	0	0	0	0	0	0	0	0	0	0	0	5.060679493542767e-4	0	0	0	0	0	0	0	0	0	0
ASV_1541	0	0	0	0	0	0	0	0	0	0	0	0	0	0	0	0	0	0	0.0014400377714825308	0	0	0	0	0	0	0	0	0	0	0	0	0	0	0	0	0	0	0	0	0	0	0	0	0	0	0	0	0	0	0	0
ASV_1543	0	0	0	0	0	0	0	0	0	0	0	0	0	0	0	0	0	0	0	0	0	0	0	0	0	0	0	0	0	0	0	0	0	0	0	0	0	0	0	0	0	0	0	0	0.002782656296330087	0	0	0	0	0	0
ASV_1544	0	0	0	0	0	0	0	0	0	0	0	0	0	0	0	0	0	0	5.665722379603399e-4	0	0	0	0	0	0	0	0	0	0	0	0	0	0	0	0	0	0	0	0	0	0	0	0	0	7.98303035832402e-4	0	0	0	0	0	0
ASV_1545	0	0	0	0	0	0	6.785934608266502e-4	0	0	0	0	0	0	0	0	0	0	0	0.0010859301227573181	0	0	0	0	0	0	0	0	0	0	0	0	0	0	0	0	0	0	0	0	0	0	0	0	0	0	0	0	0	0	0	0
ASV_1546	0	0	0	0	0	0	0	0	0	0	0	0	0	0	0	0	0	0	0	0	0	0	0	0	0	0	0.0020751524438910704	0	0	0	0	0	0	0	0	0	0	0	0	0	0	0	0	0	0	0	0	0	0	0	0
ASV_1547	0	0	0	0	0	0	0	0	0	0	0	0	0	0	0	0	0	0	0	0	0	0	0	0	0	0	0.0019155253328225267	0	0	0	0	0	0	0	0	0	0	0	0	0	0	0	0	0	0	0	0	0	0	0	0
ASV_1548	0	0	0	0	0	0	0	0	8.072857539292111e-4	0	0	0	0	0	0	0	0	0	0	0	0	0	0	0	0	0	0	0	0	0	0	0	0	0	0	0	0	0	0	0	0	0.011186525892408246	0	0	0	0	0	0	0	0	0
ASV_1549	0	0	0	0	0	0	0	0	0	0	0	0	0	0	0	0	0	0	0	0	0	0	0	0	0.0028109121049407185	0	0	0	0	0	0	0	0	0	0	0	0	0	0	0	0	0	0	0	0	0	0	0	0	0	0
ASV_1550	0	0	0	0	0	0	0	0	0	0	0	0	0	0	0	0	0	0	0	0	0	0	0	0	0	0	0	0	0	0	9.663080590092122e-4	0	0	0	0	0	0	0	0	0	0	0	0	0	0	0	0	0	0	0	0
ASV_1552	0	0	0	0	0	0	0	0	0	0	0	0	0	0	0	0	0	0	0	0	0	0	0	0	0	0.0012862547288776797	0	0	0	0	0	0	0	0	0	0	0	0	0	0	0	0	0	0	0	0	0	0	6.551155488286986e-4	0	0
ASV_1555	0	0	0	0	0	0	0	0	0	0	0	0	0	0	0	0	0	0	0	0	0	0	0	0	0	0	0	0	0	0	0	0	0	0	0	0	0	0	0	0	0	0	0	0	0.0025545697146636863	0	0	0	0	0	0
ASV_1556	0	0	0	0	0	0	0	0	0	0	0	0	0	0.0028074525103000693	0	0	0	0	0	0	0	0	0	0	0	0	0	0	0	0	0	0	0	0	0	0	0	0	0	0	0	0	0	0	0	0	0	0	0	0	0
ASV_1558	0	0	0	0	0	0	0	0	0	0	0	0	0	0	0	0	0	0	0	0	0	0	0	0	0	0	0	0	0	0	0	0	0	0	0	0	0	0	0	0.002830121931086531	0	0	0	0	0	0	0	0	0	0	0
ASV_1561	0	0	0	0	0	0	0	0	0	0	0	0	0	0	0	0	0	0	0	9.56327701625757e-4	0	0	0	0	0	0	0	0	0	0	0	0	0	0	0	6.08016463215004e-4	0	0	0	0	0	0	0	0	0	0	0	0	0	0	0
ASV_1562	0	0	0	0	0	0	0	0	0	0	0	0	0	0	0	0	0	0	0	0	0	0	0	0	0.004288442826768532	0	0	0	0	0	0	0	0	0	0	0	0	0	0	0	0	0	0	0	0	0	0	0	0	0	0
ASV_1563	0	0	0	0	0	0	0	0	0	0	0	0	0	0	0	0	0	0	0	0	0	0	0	0	0	0	0	0	0	0	0	0	0.0029146664054080533	0	0	0	0	0	0	0	0	0	0	0	0	0	0	0	0	0	0
ASV_1565	0	0	0	0	0	0	0	0	0	0	0	0	0	0	0	0	0	0	8.262511803588291e-4	0	0	0	0	0	0	0	0	0	0	0	0	0	0	0	0	0	0	0	0	0	0	0	0	0	0	0	0	0	0	0	0
ASV_1567	0	0	0	0	0	0	0.007279457125231339	0	0	0	0	0	0	0	0	0	0	0	0	0	0	0	0	0	0	0	0	0	0	0	0	0	0	0	0	0	0	0	0	0	0	0	0	0	0	0	0	0	0	0	0
ASV_1568	0	0	0	0	0	0	0	0	0	0	0	0	0	0	0	0	0	0	0.0012629839471199244	0	0	0	0	0	0	0	0	0	0	0	0	0	0	0	0	0	0	0	0	0	0	0	0	0	0	0	0	0	0	0	0
ASV_1569	0	0	0	0	0	0	0	0	0	0	0	0	0	0	0	0	0	0	0.001392823418319169	0	0	0	0	0	0	0	0	0	0	0	0	0	0	0	0	0	0	0	0	0	0	0	0	0	0	0	0	0	0	0	0
ASV_1571	0	0	0	0	0	0	0	0	0	0	0	0	0	0	0	0	0	0	0	0	0	0	0	0	0	0	0	0	0.004644023771104727	0	0	0	0	0	0	0	0	0	0	0	0	0	0	0	0	0	0	0	0	0	0
ASV_1572	0	0	0	0	0	0	0	0	0	0	0	0	0	0	0	0	0	0	0	0	0	0	0	0	0	0	0	0	0	0	0	0.00832072617246596	0	0	0	0	0	0	0	0	0	0	0	0	0	0	0	0	0	0	0
ASV_1573	0	0	0	0	0	0	0	0	0	0	0	0	0	0	0	0	0	0	1.0623229461756374e-4	0	0	0	0	0	0	0	0	0	0	0	0	0	0	0	0	0	0	0	0	0	0	0	0	0	3.421298724996008e-4	0	0	0	0	0	0
ASV_1575	0	0	0	0	0	0	0	0	0	0	0	0	0	0	0	0	0	0	3.068932955618508e-4	0	0	0	0	9.742473938882214e-5	0	0	0	0	0	0	0	0.00832072617246596	0	0	0	0	0	0	0	0	0	0	0	0	0	0	0	0	0	0	0
ASV_1576	0	0	0	0	0	0	0	0	0	0	0	0	0	0.0027345316658766907	0	0	0	0	0	0	0	0	0	0	0	0	0	0	0	0	0	0	0	0	0	0	0	0	0	0	0	0	0	0	0	0	0	0	0	0	0
ASV_1577	0	0	0	0	0	0	0	0	0	0	0	0	0	0.0027345316658766907	0	0	0	0	0	0	0	0	0	0	0	0	0	0	0	0	0	0	0	0	0	0	0	0	0	0	0	0	0	0	0	0	0	0	0	0	0
ASV_1578	0	0	0	0	0	0	0	0	0	0	0	0	0	0	0	0	0	0.002798976101050214	0	0	0	0	0	0	0	0	0	0	0	0	0	0	0	0	0	0	0	0	0	0	0	0	0	0	0	0	0	0	0	0	0
ASV_1579	0	0	0	0	0	0	0	0	0	0	0	0	0	0	0	0	0	0	0.0013574126534466478	0	0	0	0	0	0	0	0	0	0	0	0	0	0	0	0	0	0	0	0	0	0	0	0	0	0	0	0	0	0	0	0
ASV_1585	0	0	0	0	0	0	0	0	0	0	0	0	0	0.0025522295548182448	0	0	0	0	0	0	0	0	0	0	0	0	0	0	0	0	0	0	0	0	0	0	0	0	0	0	0	0	0	0	0	0	0	0	0	0	0
ASV_1586	0	0	0	0	0	0	0	0	0	0	0	0	0	0	0.0023380026201753504	0	0	0	0	0	0	0	0	0	0	0	0	0	0	0	0	0	0	0	0	0	0	0	0	0	0	0	0	0	0	0	0	0	0	0	0
ASV_1587	0	0	0	0	0	0	0	0	0	0	0	0	0	0	0	0	0	0	6.610009442870633e-4	0	0	0	0	0	0	0	0	0	0	0	0	0	0	0	0	0	0	0	0	0	0	0	0	0	0.0013685194899984033	0	0	0	0	0	0
ASV_1588	0	0	0	0	0	0	0	0	0	0	0	0	0	0	0	0	0	0	0	0	0	0	0	0	0.0018379040686150852	0	0	0	0	0	0	0	0	0	0	0	0	0	0	0	0	0	0	0	0	0	0	0	0	0	0
ASV_1589	0	0	0	0	0	0	0	0	0	0	0	0	0	0	0	0	0	0	0	0	0	0	0	0.0016886954827395836	0	0	0	0	0	0	0	0	0	0	0	0	0	0	0	0	0	0	0	0	0	0	1.860205552713575e-4	0	0	0	0
ASV_1591	0	0.017406227016425593	0	0	0	0	0	0	0	0	0	0	0	0	0	0	0	0	0	0	0	0	0	0	0	0	0	0	0	0	0	0	0	0	0	0	0	0	0	0	0	0	0	0	0	0	0	0	0	0	0
ASV_1593	0	0	0	0	0	0	0	0	0	0	0	0	0	0	0	0	0	0	6.137865911237016e-4	0	0	0	0	0	0	0	0	0	0	0	0	0	0	0	0	0	0	0	0	0	0	0	0	0	0	0	0	0	0	0	0
ASV_1594	0	0	0	0	0	0	0	0	0	0	0	0	0	0	0	0	6.395030147999269e-4	0	0	0	0	0	0	0	0	0	0	0	0	0	0	0	0	0	0	0	0	0	0	0	0	0	0	0	0	0	0	0	0	5.081300813008131e-4	0
ASV_1595	0	0	0	0	0	0	0	0	0	0	0	0	0	0	0	0	0	0	0	0	0	0	0	0	0.004144293488053624	0	0	0	0	0	0	0	0	0	0	0	0	0	0	0	0	0	0	0	0	0	0	0	0	0	0
ASV_1598	0	0	0	0	0	0	0	0	0	0	0	0	0	0	0	0	0	0	0	0	0	0	0	0	0	0	0	0	7.477665394151679e-4	0	0	0	0	0	0	0.0026659183387119406	0	0	0	0	0	0	0	0	0	0	0	0	0	0	0
ASV_1599	0	0	0	0	0	0	0	0	0	0	0	0	0	8.750501330805411e-4	0	0	0	0	0	0	0	0	0	0	0	0	0	0	0	0	0	0	0	0	0	0.0014498854122819325	0	0	0	0	0	0	0	0	0	0	0	0	0	0	0
ASV_1601	0	0	0	0	0	0	0	0	0	0	0	0	0	0	0	0	0	0	0	0	0	0	0	0	5.405600201809074e-4	0	0	0	0	0	0	0	0	0	0	0	0	0	0	0	0	0	0	0	0	0	0	0	0	0	0
ASV_1602	0	0	0	0	0	0	0	0	0	0	0	0	0	0	0	0	0	0	0	0	0	0	0	0	0	0	0	0	0.004486599236491007	0	0	0	0	0	0	0	0	0	0	0	0	0	0	0	0	0	0	0	0	0	0
ASV_1607	0	0	0	0	0	0	0	0	0	0	0	0	0	0	0	0	0	0	0	0	0	0	0	0	0.004072218818696169	0	0	0	0	0	0	0	0	0	0	0	0	0	0	0	0	0	0	0	0	0	0	0	0	0	0
ASV_1608	0	0	0	0	0	0	0	0	0	0	0	0	0	0	0	0	0	0	0.0012275731822474032	0	0	0	0	0	0	0	0	0	0	0	0	0	0	0	0	0	0	0	0	0	0	0	0	0	0	0	0	0	0	0	0
ASV_1612	0	0	0	0	0	0	0	0	0	0	0	0	0	0	0	0	0	0	0	0	0	0	0	0	0.004036181484017442	0	0	0	0	0	0	0	0	0	0	0	0	0	0	0	0	0	0	0	0	0	0	0	0	0	0
ASV_1613	0	0	0	0	0	0	0	0	0	0	0	0	0	0	0	0	0	0	3.7771482530689327e-4	0	0	0	0	0	0	0	0	0	0	0	0	0	0	0	0	0	0	0	0	0	0	0	0	0	0	0	0	0	0	0	0
ASV_1614	0	0	0	0	0	0	0.004935225169648365	0	0	0	0	0	0	1.4584168884675683e-4	0	0	0	0	0	0	0	0	0	0	0	0	0	0	0	0	0	0	0	0	0	0	0	0	0	0	0	0	0	0	0	0	0	0	0	0	0
ASV_1615	0	0	0	0	0	0	0	0	0	0	0	0	0	0	0	0	0	0	0	0	0	0.0076481835564053535	0	0	0.0021622400807236298	0	0	0	0	0	0	0	0	0	0	0	0	0	0	0	8.758868354208637e-5	0	0	0	0	0	0	0	0	0	0
ASV_1617	0	0	0	0	0	0	0	0	0	0	0	0	0	0	0	0	0	0	0	0	0	0	9.572469577495124e-5	0	0	0	0	0	0	0	0	0	0	0	0	0	0	0	0	0	6.131207847946045e-4	0	0	0	0	0	2.1702398114991706e-4	0	0	0	0
ASV_1618	0	0	0	0	0	0	0	0	0	0	0	0	0	0	0	0	0	0	0	0	0	0	0	0	0	0	0	0	0.004368530835530717	0	0	0	0	0	0	0	0	0	0	0	0	0	0	0	0	0	0	0	0	0	0
ASV_1619	0	0	0	0	0	0	0	0	0	0	0	0	0	0	0	0	0	0	2.1246458923512748e-4	0	0	0	0	0	0	0	0	0	0	0	0	0	0	0	0	0	0	0	0	0	0	0	0	0	2.9651255616632076e-4	0	0	0	0	0	0
ASV_1621	0	0	0	0	0	0	0	0	0	0	0	0	0	0	0	0	0	0	0.0010741265344664777	0	0	0	0	0	0	0	0	0	0	0	0	0	0	0	0	0	0	0	0	0	0	0	0	0	0	0	0	0	0	0	0
ASV_1622	0	0	0	0	0	0	8.636644046884639e-4	0	0	0	0	0	0	0	0	0	0	0	3.4230406043437206e-4	0	0	0	0	0	0	0	0	0	0	0	0	0	0	0	0	0	0	0	0	0	0	0	0	0	0	0	0	0	0	0	0
ASV_1623	0	0	0	0	0	0	0	0	0	0	0	0	0	0	0	0	0	0	0	0	0	0	0	0	0	0.0027742749054224464	0	0	0	0	0	0	0	0	0	0	0	0	0	0	0	0	0	0	0	0	0	0	0	0	0
ASV_1624	0	0	0	0	0	0	0	0	0	0	0	0	0	0	0	0	0	0	0	0	0	0	0	0	0	0	0	0	0	0	0	0	0	0.001643925694558606	0	0	0	0	0	0	0	0	0	0	0	0	0	0	0	0	0
ASV_1628	0	0	0	0.005034951361392188	0	0	0	0	0	0	0	0	0	0	0	0	0	0	0	0	0	0	0	0	0	0	0	0	0	0	0	0	0	0	0	0	0	0	0	0	0	0	0	0	0	0	0	0	0	0	0
ASV_1629	0	0	0	0	0	0	0	0	0	0	0	0	0	0	0	0	0	0	0	0	0	0	0	0	0	0	0	0	0.003896257231689559	0	0	0	0	0	0	0	0	0	0	0	0	0	0	0	0	0	0	0	0	0	0
ASV_1630	0	0	0	0	0	0	0.0010487353485502777	0	0	0	0	0	0	0	0	0	0	0	6.019830028328612e-4	0	0	0	0	0	0	0	0	0	0	0	0	0	0	0	0	0	0	0	0	0	0	0	0	0	0	0	0	0	0	0	0
ASV_1631	0	0	0	0	0	0	0	0	0	0	0	0.003964321110009911	0	0	0	0	0	0	0	0	0	0	0	0	0	0	0	0	0	0	0	0	0	0	0	0	0	0	0	0	0	0	0	0	0	0	0	0	0	0	0
ASV_1632	0	0	0	0	0	0	0	0	0	0	0	0	0	0	0	0	0	0	7.908404154863078e-4	0	0	0	0	0	0	0	0	0	0	0	0	0	0	0	0	0	0	0	0	0	0	0	0	0	0	0	0	0	0	0	0
ASV_1635	0	0	0	0	6.013831813170291e-4	0	0	0	0	0	0	0	0	0	0.0018139675501360475	0	0	0	0	0	0	0	0	0	0	0	0	0	0	0	0	0	0	0	0	0	0	0	0	0	0	0	0	0	0	0	0	0	0	0	0
ASV_1637	0	0	0	0	0	0	0	0	0	0	0	0	0.0037609694943585457	0	0	0	0	0	0	0	0	0	0	0	0	0	0	0	0	0	0	0	0	0	0	0	0	0	0	0	0	0	0	0	0	0	0	0	0	0	0
ASV_1639	0	0	0	0	0	0	0	0	0	0	0	0	0	0	0	0	0	0	0	0	0	0	0	0	7.207466935745433e-4	0	0	0	0	0	0	0	0	0	0	0	0	0	0	0	0	0	0	0	0	0	0	0	0	0	0
ASV_1641	0	0	0	0	0	0	0	0	0	0	0	0	0	2.9168337769351366e-4	0	0	0	0	5.783758262511803e-4	0	0	0	0	0	0	0	1.5962711106854387e-4	0	0	0	0	0	0	0	0	0	0	0	0	0	0	0	0	0	0	0	0	0	0	0	0
ASV_1642	0	0	0	0	0	0	0	0	0	0	0	0	0	0	0	0	0	0	0.0012629839471199244	0	0	0	0	0	0	0	0	0	0	0	0	0	0	0	0	0	0	0	0	0	0	0	0	0	0	0	0	0	0	0	0
ASV_1645	0	0	0	0	0	0	0	0	0	0	0	0	0	0	0	0	0	0	0	0	0	0	0	0	0	0	0	0	0	0	0	0	0	0	0	0	0	0	0	0	0	0	0.0014453599891935702	0	0	0	0	0	0	0	0
ASV_1649	0	0	0	0	0.0035414787344225053	0	0	0	0	0	0	0	0	0	0	0	0	0	0	0	0	0	0	0	0	0	0	0	0	0	0	0	0	0	0	0	0	0	0	0	0	0	0	0	0	0	0	0	0	0	0
ASV_1650	0	0	0	0	0	0	0	0	0	0	0	0	0	0	0	0	0	0	6.019830028328612e-4	0	0	0	0	0	0	0	0	0	0	0	0	0	0	0	0	0	0	0	0	0	0	0	0	0	0	0	0	0	0	0	0
ASV_1651	0	0	0	0	0	0	0	0	0	0	0	0	0	0	0	0	0	0.002535824501806177	0	0	0	0	0	0	0	0	0	0	0	0	0	0	0	0	0	0	0	0	0	0	0	0	0	0	0	0	0	0	0	0	0
ASV_1652	0	0	0	0	0	0	0	0	0	0	0	0	0	0	0	0	0	0	0	0	0.009523809523809525	0	0	0	0	0	0	0	0	0	0	0	0	0	0	0	0	0	0	0	0	0	0	0	0	0	0	0	0	0	0
ASV_1653	0	0	0	0	0	0	0	0	0	0	0	0	0	0	0	0	0	0	0	0	0	0	0	0	0	6.809583858764187e-4	0	0	0	0	0	0	0	0	0	0	0.00316153224027645	0	0	0	0	0	0	0	0	0	0	0	0	0	0
ASV_1655	0	0	0	0	0	0	0	0	0	0	0	0	0	0	0	0	0	0	0	0	0	0	0	0	0	0	0	0	0	0	0	0	0	0	0	0	0	0	0	0.0019103323034834084	0	0	0	0	0	0	3.875428234819948e-4	0	0	0	0
ASV_1659	0	0	0	0	0	0	0	0	0	0	0	0	0	0	0	0	0	0	8.734655335221908e-4	0	0	0	0	0	0	0	0	0	0	0	0	0	0	0	0	0	0	0	0	0	0	0	0	0	1.8246926533312046e-4	0	0	0	0	0	0
ASV_1661	0	0	0.005707142080660942	0	0	0	0	0	0	0	0	0	0	0	0	0	0	0	0	0	0	0	0	0	0	0	0	0	0	0	0	0	0	0	0	0	0	0	0	0	0	0	0	0	0	0	0	0	0	0	0
ASV_1663	0	0	0	0	0	0	0	0	0	0	0	0	0	0	0	0	0.004796272610999452	0	0	0	0	0	0	0	0	0	0	0	0	0	0	0	0	0	0	0	0	0	0	0	0	0	0	0	0	0	0	0	0	0	0
ASV_1665	0	0	0	0	0	0	0	0	0	0	0	0	0	0	0	0	0	0	0	0	0	0	0	0	0	0	0	0	0	0	0	0	0	0	0	0	0.007720020586721565	0	0	0	0	0	0	0	0	0	0	0	0	0	0
ASV_1667	0	0	0	0	0	0	0	0	0	0	0	0.002642880740006607	0	0	0	0	0	0	0	0	0	0	0	0	0	0	0	0	0	0	0	0	0	0	0	0	0	0	0	0	0	0	0	0	0	0	0	0	0	0	0
ASV_1668	0	0	0	0	0	0	0	0	0	0	0	0	0	0	0	0	0.004750593824228029	0	0	0	0	0	0	0	0	0	0	0	0	0	0	0	0	0	0	0	0	0	0	0	0	0	0	0	0	0	0	0	0	0	0
ASV_1671	0	0	0	0	0	0	0	0	0	0	0	0	0	0	0	0	0	0	0	0	0	0	0	0	0	0	0	0	0	0	0	0	0	0	0	9.821804405780834e-4	0	0	0	3.7734959081153746e-4	0	0	0	0	0	0	0	0	0	0	0
ASV_1672	0	0	0	0	0	0	0	0	0	0	0	0	0	0	0	0	0	0	0	0	0	0	0	0	0	0.002622950819672131	0	0	0	0	0	0	0	0	0	0	0	0	0	0	0	0	0	0	0	0	0	0	0	0	0
ASV_1673	0	0	0	0	0	0	0	0	0	0	0	0	0	0	0	0	0	0	0	0	0	0	0	0	0	0	0	0	0	0	0	0	0	0	0	0	0.00764649658113374	0	0	0	0	0	0	0	0	0	0	0	0	0	0
ASV_1675	0	0	0	0	0	0	0	0	0	0	0	0	0	0	0	0	0	0	9.560906515580737e-4	0	0	0	0	0	0	0	0	0	0	0	0	0	0	0	0	0	0	0	0	0	0	0	0	0	0	0	0	0	0	0	0
ASV_1677	0	0	0	0	0	0	0	0	0	0	0	0	0	0	0	0	0	0	8.262511803588291e-5	0	0	0	0	0	0	0	0	0	0	0	0	0	0	0	0	0	0	0	0	0	0	0	0	0	0	0	0	0	0	0	0
ASV_1678	0	0	0	0	0	0	0.0019123997532387415	0	0	0	0	0	0	0	0	0	0	0	8.498583569405099e-4	0	0	0	0	0	0	0	0	0	0	0	0	0	0	0	0	0	0	0	0	0	0	0	0	0	0	0	0	0	0	0	0
ASV_1680	0	0	0	0	0	0	0	0	0	0	0	0	0	1.0938126663506764e-4	0	0	0	0	0	0	0	0	0	0	0	0	0	0	0	0	0	0	0	0	0	0	0	0	0	0	0	0	0	0	0	0	0	0	0	0	0
ASV_1681	0	0	0	0	0	0	0	0	0	0	0	0	0	0	0.0020759850851556987	0	0	0	0	0	0	0	0	0	0	0	0	0	0	0	0	0	0	0	0	0	0	0	0	0	0	0	0	0	0	0	0	0	0	0	0
ASV_1682	0	0	0	0	0	0	0	0	0	0	0	0	0	0	0	0	0	0	0	0	0	0	0	0	0.0037118454719088975	0	0	0	0	0	0	0	0	0	0	0	0	0	0	0	0	0	0	0	0	0	0	0	0	0	0
ASV_1688	0	0.02329002206423143	0	0	0	0	0	0	0	0	0	0	0	0	0	0	0	0	0	0	0	0	0	0	0	0	0	0	0	0	0	0	0	0	0	0	0	0	0	0	0	0	0	0	0	0	0	0	0	0	0
ASV_1690	0	0	0	0	0	3.684351554126474e-4	0	0	0	0	0	0	0	0.0010938126663506762	0	0	0	0	0	0.0034268409308256297	0	0	0	0	0	0	0	0	0	0	0	0	0	0	0	0	0	0	0	0	0	0	0	0	0	0	0	0	0	0	0
ASV_1691	0	0	0	0	0	0	0	0	0	0	0	0	0	0	0	0	0	0	4.2492917847025496e-4	0	0	0	0	0	0	0	0	0	0	0	0	0	0	0	0	0	0	0	0	0	0	0	0	0	3.8774718883288094e-4	0	0	0	0	0	0
ASV_1692	0	0	0	0	0	0	0	0	0	0	0	0	0	0	0	0	0	0	0	0	0	0	0	0	0.002450538758153447	0	0	0	0	0	0	0	0	0	0	0	0	0	0	0	0	0	0	0	0	0	0	0	0	0	0
ASV_1696	4.045307443365696e-4	0	0	0	0	0	0	0	0	0	0	0	0	0	0	0	0	0	7.554296506137865e-4	0	0	0	0	0	0	0	0	0	0	0	0	0	0	0	0	0	0	0	0	0	0	0	0	0	0	0	0	0	0	0	0
ASV_1698	0	0	0	0	0	0	0	0	0	0	0	0	0	0	0	0	0	0	0	0	0	0	0	0	0	0	0	0	0	0	0	0	0	0	0	0	0	0	0	0	0	0	0	0	0	0	9.301027763567875e-5	0	0	0	0
ASV_1700	0	0	0	0	0	0	0	0	0	0	0	0	0	0	0	0	0	0	0	0	0	0	0	0	0.0031712854517279903	0	0	0	0	0	0	0	0	0	0	0	0	0	0	0	0	0	0	0	0	0	0	0	0	0	0
ASV_1701	0	0	0	0	0	0.00334941050375134	0	0	0	0	0	0	0	0	0	0	0	0	0	0	0	0	0	0	0	0	0	0	0	0	0	0	0	0	0	0	0	0	0	0	0	0	0	0	0	0	0	0	0	0	0
ASV_1702	0	0	0	0	0	0	0	0	0	0	0	0	0	0	0	0	0	0	6.137865911237016e-4	0	0	0	0	0	0	0	0	0	0	0	0	0	0	0	0	0	0	0	0	0	0	0	0	0	0	0	0	0	0	0	0
ASV_1703	0	0	0	0	0	0	0	0	0	0	0	0	0	0	0	0	0	0	6.019830028328612e-4	0	0	0	0	0	0	0	2.2347795549596143e-4	0	0	0	0	0	0	0	0	0	0	0	0	0	0	0	0	0	0	0	0	0	0	0	0
ASV_1705	0	0	0	0	0	0	0	0	0	0	0	0	0	0	0	0	0	0	0	0	0	0	0	0	0	0	0	0	0	5.537481830137744e-4	0	0	0	0	0	0	0	0	0	0	0	0	0	0	0	0	0	0	0	0	0
ASV_1706	0	0	0	0	0	0	0	0	0.0025227679810287847	0	0	0	0	0	0	0	0	0	0	0	0	0	0	0	0	0	0	0	0	0	0	0	0	0	0	0	0	0	0	0	0	0	0	0	0	0	0	0	0	0	0
ASV_1708	0	0	0	0	0	0	0	0	0	0	0	0	0	0	0	0	0	0	0	0	0	0	0	0.001623745656480369	0	0	0	0	0	0	0	0	0	0	0	0	0	0	0	0	0	0	0	0	0	0	0	0	0	0	0
ASV_1713	0	0	0	0	0	0	0	0	0	0	0	0	0	0	0	0	0	0	0.0010033050047214354	0	0	0	0	0	0	0	0	0	0	0	0	0	0	0	0	0	0	0	0	0	0	0	0	0	0	0	0	0	0	0	0
ASV_1715	0	0	5.4353734101532776e-5	0.002199736031676199	0	0	0	0	0	0	0	0	0	0	0	0	0	0	0	0	0	0	0	0	0	0	0	0	0	0	0	0	0	8.966867424865124e-5	0	0	0	0	0	1.1792174712860545e-4	0	0	0	0	0	0	5.425599528747927e-4	0	0	0	0
ASV_1716	0	0	0	0	0	0	0	0	0	0	0	0	0	0	0	0	0	0	0	0	0	0	1.7948380457803357e-4	0	0	0	0	0	0	0	0	0	0	0	0	0	0	0	0	0	3.99015113913949e-4	0	0	0	0	0	0	0	0	0	0
ASV_1717	0	0	0	0	0	0	0	0	0	0	0	0	0.0011491851232762224	0	0	0	0	0	0	0	0	0	0	0	0	0	0	0	0	0	0	0	0	0	0	0	0	0	0	0	0	0	0	0	0	0	0	0	0	0	0
ASV_1718	0	0	0	0	0	0	0	0	0	0	0	0	4.5270929098760275e-4	0	0	0	0	0	0	0	0	0	0	0	0	0	0	0	0	0	0	0	0	0	0	0	0	0	0	0	0	0	0	0	0	0	0	0	0	0	0
ASV_1719	0	0	0	0	0	0	0	0	0	0	0	0	0	0	0	0	0	0	0	3.984698756773988e-4	0	0	0	0	0	1.008827238335435e-4	0	0	0	0	0	0	0	0	0	0	0	0	0	0	0	0	0	0	0	0	0	0	0	0	0
ASV_1720	0	0	0	0	0	0	0	0	0	0	0	0	0	0	0	0	0	0	0	0	0	0	0	0	0.003567696133193989	0	0	0	0	0	0	0	0	0	0	0	0	0	0	0	0	0	0	0	0	0	0	0	0	0	0
ASV_1721	0	0	0	0	0	0	0	0	0	0	0	0	0	0	0	0	0	0	0.0010977337110481585	0	0	0	0	0	0	0	0	0	0	0	0	0	0	0	0	0	0	0	0	0	0	0	0	0	0	0	0	0	0	0	0
ASV_1724	0	0	0	0	0	0	0	0	0	0	0	0	0	0	0	0	0	0	0	0	0	0	0	0	0	0	0	0	0	0	0	0	0	0	0	0	0	0	0	0	0	0	0	0	0	0	0	0	2.936724874059683e-4	0	0
ASV_1725	0	0	0	0	0	0	0	0	0	0	0	0	0	0.0013854960440441901	0	0	0	0	0	0	0	0	0	0	0	0	0	0	0	0	0	0	0	0	0	0	0	0	0	0.001037711374731728	0	0	0	0	0	0	0	0	0	0	0
ASV_1726	0	0	0	0	0	0	0	0	0	0	0	0	0	0	0	0	0	0	0	0	0	0	0	0	0.0027748747702619914	0	0	0	0	0	0	0	0	0	0	0	0	0	0	0	0	0	0	0	0	0	0	0	0	0	0
ASV_1729	0	0	0	0	0	0	6.169031462060457e-4	0	0	0	0	0	0	0	0	0	0	0	4.7214353163361664e-4	0	0	0	0	0	0	0	0	0	0	0	0	0	0	0	0	0	0	0	0	0	0	0	0	0	0	0	0	0	0	0	0
ASV_1730	0	0	0	0	0	0	0	0	0	0	0	0	0.003377907786599805	0	0	0	0	0	0	0	0	0	0	0	0	0	0	0	0	0	0	0	0	0	0	0	0	0	0	0	0	0	0	0	0	0	0	0	0	0	0
ASV_1731	0	0	0	0	0	0	0	0	0	0	0	0	6.268282490597576e-4	0	0	0	0	0	0	0	0	0	0	0	0	0	0	0	0	0	0	0	0	0	0	0	0	0	0	0	0	0	0	0	0	0	0	0	0	0	0
ASV_1734	0	0	0	0.004546121132130811	0	0	0	0	0	0	0	0	0	0	0	0	0	0	0	0	0	0	0	0	0	0	0	0	0	0	0	0	0	0	0	0	0	0	0	0	0	0	0	0	0	0	0	0	0	0	0
ASV_1736	0	0	0	0	0	0	0	0	0	0	0	0	0	0	0	0	0	0	0.0011331444759206798	0	0	0	0	0	0	0	0	0	0	0	0	0	0	0	0	0	0	0	0	0	0	0	0	0	0	0	0	0	0	0	0
ASV_1737	0	0	0	0	0	0	0	0	0	0	0	0	0	0	0	0	0	0	8.498583569405099e-4	0	0	0	0	0	0	0	0	0	0	0	0	0	0	0	0	0	0	0	0	0	0	0	0	0	5.474077959993613e-4	0	0	0	0	0	0
ASV_1741	0	0	0	0	0	0	0	0	0	0	0	0	0	0	0	0	0	0	0	0	0	0	0	0	0	0	0	0	0	0	0	0	5.143528950720094e-4	0	0	0	0	0	0	0	0	0	0.0010131027961637175	0	0	0	0	0	0	0	0
ASV_1742	0	0	0	0	0	0	0	0	0	0	0	0	0	0	0	0	0	0	0	0	0	0	0	0	0	0	0	0	0	0	0	0	0	0	0	0	0	0	0	0	0	0	0.0012967715790895584	0	0	0	0	0	0	0	0
ASV_1746	0	0	0	0	0	0	0	0	0.0015893438280481344	0	0	0	0	0	0	0	0	0	0	0	0	0	0	0	0	0	0	0	0	0	0	0	0	0	0	0	0	0	0	0	0	0.004022121669180492	0	0	0	0	0	0	0	0	0
ASV_1748	0	0	0	0	0	0	0	0	0	0	0	0	0	0	0	0	0	0	0.0011213408876298394	0	0	0	0	0	0	0	0	0	0	0	0	0	0	0	0	0	0	0	0	0	0	0	0	0	0	0	0	0	0	0	0
ASV_1749	0	0	0	0	0	0	0	0	0	0	0	0	0	0	0	0	0	0	8.734655335221908e-4	0	0	0	0	0	0	0	0	0	0	0	0	0	0	0	0	0	0	0	0	0	0	0	0	0	0	0	0	0	0	0	0
ASV_1750	0	0	0	0	0	0	0	0	0	0	0	0	0	0	0	0	0	0	0	0	0	0	0	0	0	0	0	0	0.0019284505490180645	2.768740915068872e-4	0	0	0	0	0	0	0	0	0	0	0	0	0	0	0	0	0	0	0	0	0
ASV_1752	0	0	0	0	0	0	0	0	0	0	0	0	0	0	0	0	0	0	0	0	0	0	0	0	0.00342354679447908	0	0	0	0	0	0	0	0	0	0	0	0	0	0	0	0	0	0	0	0	0	0	0	0	0	0
ASV_1753	0	0	0	0	0	0	0	0	0	0	0	0	0	0	0	0	0	0	0	0	0	0	0	0	0	0.0023959646910466583	0	0	0	0	0	0	0	0	0	0	0	0	0	0	0	0	0	0	0	0	0	0	0	0	0
ASV_1755	0	0	0	0	0	0	0	0	0	0	0	0	0	0	0	0	0	0	0	0	0	0	0	0	0	0	0	0	0	0	0	0	0	0	0	0	0	0	0	0	0	0	0	0.009044173648134044	0	0	0	0	0	0	0
ASV_1757	0	0	0	0	0	0	0	0	0	0	0	0	0	0	0	0	0	0	0	0	0	0	0	8.118728282401844e-5	0	0	3.1925422213708775e-5	0	0	0	0	0	0	0	0	0	2.2057201676347327e-4	0	0	0	0	0	0	0	0	3.1343049678733744e-5	3.100342587855958e-5	0	4.518038267784128e-5	0	0
ASV_1758	0.01267529665587918	0	0	0	0	0	0	0	0	0	0	0	0	0	0	0	0	0	0	0	0	0	0	0	0	0	0	0	0	0	0	0	0	0	0	0	0	0	0	0	0	0	0	0	0	0	0	0	0	0	0
ASV_1762	0	0	0	0	0	0	0	0	0	0	0	0	0	0	0	0	0	0	0	0	0	0	0	0	0	1.7654476670870113e-4	0	0	0	0	0	0	0	8.966867424865124e-5	0	0	0	0	0	0	0	0	0	0	0	0	0	0	0	0	0
ASV_1764	0	0	0	0	0	0	0	0	0	0	0	0	0	0	0	0	0	0	0	0	0	0	0	0	0.0012613067137554506	0	0	0	0	0	0	0	0	0	0	0	0	0	0	0	0	0	0	0	0	0	0	0	0	0	0
ASV_1765	0	0	0	0	0	0	0	0	0	0	0	0	0	0	0	0	0	0	0	0	0	0	5.504170007059697e-4	0	0	0	0	0	0	0	0	0	0	0	0	0	0	0	0	0	1.7517736708417273e-4	0	0	0	0	0	0	0	0	0	0
ASV_1766	0	0	0	0	0	0	0	0	0	0	0	0	0	0.0019324023772195281	0	0	0	0	0	0	0	0	0	0	0	0	0	0	0	0	0	0	0	0	0	0	0	0	0	0	0	0	0	0	0	0	0	0	0	0	0
ASV_1767	0	0	0	0	0	0	0	0	0	0	0	0	0	0	0	0	0	0	0.001109537299338999	0	0	0	0	0	0	0	0	0	0	0	0	0	0	0	0	0	0	0	0	0	0	0	0	0	0	0	0	0	0	0	0
ASV_1768	0	0	0	0	0	0	0	0	0	0	0	0	0	0	0	0	0	0	0.001109537299338999	0	0	0	0	0	0	0	0	0	0	0	0	0	0	0	0	0	0	0	0	0	0	0	0	0	0	0	0	0	0	0	0
ASV_1769	0	0	0	0	0	0	0	0	0	0	0	0	0	0	0	0	0	0	0	0	0	0	0	0	0	0	0	0	0	0	0	0	0	1.046134532900931e-4	0	0	0	0	0	0	0	0	0	0	0	0	0	0	0	0	0
ASV_1771	0	0	0	0	0	0	0	0	0	0	0	0	0	0	0	0	0	0	0	0	0	0	0	0.0015263209170915469	0	0	0	0	0	0	0	0	0	0	0	0	0	0	0	0	0	0	0	0	0	0	0	0	0	0	0
ASV_1772	0	0	0	0	0	0	0	0	0	0	0	0	0	0	0	0	0	0	0	0	0	0	0	0	0.003387509459800353	0	0	0	0	0	0	0	0	0	0	0	0	0	0	0	0	0	0	0	0	0	0	0	0	0	0
ASV_1773	0	0	0	0	0	0	0	0	0	0	0	0	0	0	0	0	0	0	0	0	0	0	0	0	0	0	0	0	0	0	0	0	0.002302341530322328	0	0	0	0	0	0	0	0	0	0	0	0	0	0	0	0	0	0
ASV_1775	0	0.02279970581024761	0	0	0	0	0	0	0	0	0	0	0	0	0	0	0	0	0	0	0	0	0	0	0	0	0	0	0	0	0	0	0	0	0	0	0	0	0	0	0	0	0	0	0	0	0	0	0	0	0
ASV_1776	0	0	0	0	0	0	0.00283775447254781	0	0	0	0	0	0	0	0	0	0	0	1.1803588290840416e-4	0	0	0	0	0	0	0	4.4695591099192287e-4	0	0	0	0	0	0	0	0	0	0	0	0	0	0	0	0	0	0	0	0	0	0	0	0
ASV_1778	0	0	0	0	2.672814139186796e-4	0	0	0	0	0	0	0	0	0	0	0	0	0	0	0	0	0	0	0	0	0	0	0	0	0	0	0	0	0	0	0	0	0	0	0	0	0	0	0	0	0	0	0	0	0	0
ASV_1779	0	0	0	0	0	0	0	0	6.811473548777719e-4	0	0	0	0	0	0	0	0	0	0	0	0	0	0	0	0	0	0	0	0	0	0	0	0	0	0	0	0	0	0	0	0	0	0	0	0	0	0	0	0	0	0
ASV_1783	0	0	0	0	0	0	0	0	0	0	0	0	0	0	0	0	0	0	6.491973559962229e-4	0	0	0	0	0	0	0	0	0	0	0	0	0	0	0	0	0	0	0	0	0	0	0	0	0	2.0527792349976052e-4	0	0	0	0	0	0
ASV_1784	0	0	0	0	0	0	0	0	0	0	0	0	0	0	0	0	0	0	1.0623229461756374e-4	0	0	0	0	0	0	0	4.7888133320563166e-4	0	0	0	0	0	0	0	0	0	0	0	0	0	0	0	0	0	0	0	0	0	0	0	0
ASV_1786	0	0	0	0	0	0	0.001418877236273905	0	0	0	0	0	0	0	0	0	0	0	8.144475920679886e-4	0	0	0	0	0	0	0	0	0	0	0	0	0	0	0	0	0	0	0	0	0	0	0	0	0	0	0	0	0	0	0	0
ASV_1787	0	0	0	0	0	0	0	0	0	0	0	0	0	0	0	0	0	0	0	0	0	0	0	0	0.0012252693790767235	0	0	0	0	0	0	0	0	0	0	0	0	0	0	0	0	0	0	0	0	0	0	0	0	0	0
ASV_1789	0	0	0	0	0	0	0	0	0	0	0	0	0	0	0	0	0	0	0	0	0	0	0	0	0	0.0023203026481715006	0	0	0	0	0	0	0	0	0	0	0	0	0	0	0	0	0	0	0	0	0	0	0	0	0
ASV_1790	0	0	0	0	0	0	0	0	0	0	0	0	0	0	0	0	0	0	0	0	0	0	0	0	0	0	0	0	0	0	0	0	0	0	0	0	0	0	0	0	0	0	0	0	0	0.0028835605704435044	0	0	0	0	0
ASV_1791	0	0	0	0	0	0	0	0	0	0	0	0	0	0	0	0	0	0	0	0	0	0	0	0	0	0	0	0	0	0	0	0	0	0	0	0	0	0	0	0	0	0	0	0	0	0.0028835605704435044	0	0	0	0	0
ASV_1794	0	0	0	0	0	0	0	0	0	0	0	0	0	0	0	0	0	0	0	0	0	0	0	0	0.0012252693790767235	0	0	0	0	0	0	0	0	0	0	0	0	0	0	0	0	0	0	0	0	0	0	0	0	0	0
ASV_1795	0	0	0	0	0	0	0	0	0	0	0	0	0	0	0	0	0	0	0.0010741265344664777	0	0	0	0	0	0	0	0	0	0	0	0	0	0	0	0	0	0	0	0	0	0	0	0	0	0	0	0	0	0	0	0
ASV_1796	0	0	0	0	0	0	0	0	0	0	0	0	0	0	0	0	0	0	0	0	0	0	0	0	0.0011531947097192692	0	0	0	0	0	0	0	0	0	0	0	0	0	0	0	0	0	0	0	0	0	0	0	0	0	0
ASV_1797	0	0	0	0	0	0	0	0	0	0	0	0	0	0	0	0	0	0	0	0	0	0	0	0	0.001333381383112905	0	0	0	0	0	0	0	0	0	0	0	0	0	0	0	0	0	0	0	0	0	0	0	0	0	0
ASV_1799	0	0	0	0	0	0	0	0	0	0	0	0	0	0	0	0	0	0	0	0	0	0	0	0	0	0	0	0	0	0	0	0	0	0	0	0	0	0	0	0	0	0	0	0	0	0	3.875428234819948e-4	0	0	0	0
ASV_1801	0	0	0	0	0	0	0	0	0	0	0	0	0	0	0	0	0	0	0	0	0	0	0	0	0	0	0	0	0	0	0	0	0	0	0	0	0	0	0	0	0	0	0	0	7.98303035832402e-4	0	0	0	0	0	0
ASV_1802	0	0	0	0	0	0	4.935225169648365e-4	0	0	0	0	0	0	0	0	0	0	0	0	0	0	0	0	0	0	0	0	0	0	0	0	0	0	0	0	0	0	0	0	0	0	0	0	0	0	0	0	0	0	0	0
ASV_1805	0	0	0	0	0	0	0	0	0	0	0	0	0	0	0	0	0	0	0	0	0	0	0	0	0	0	0	0	0	0	0	0	0	0	0	0	0	0	0	0	8.758868354208637e-4	0	0	0	0	0	0	0	0	0	0
ASV_1806	0	0.003432213777886737	0	0	0	0	0	0	0	0	0	0	0	0	0	0	0	6.698404344393675e-4	0	0.0017532674529805547	0	0	0	0	0	0	0	0	0	0	0	0	0	0	0	0	0	0	0	0	0	0	0	0	0	0	0	0	0	0	0
ASV_1807	0	0	0	0	0	0	0	0	0	0	0	0	0	2.9168337769351366e-4	0	0	0	0	7.436260623229462e-4	0	0	0	0	0	0	0	0	0	0	0	0	0	0	0	0	0	0	0	0	0	0	0	0	0	0	0	0	0	0	0	0
ASV_1808	0	0	0	0	0	0	0	0	0	0	0	0	0	0	0	0	0	0	0	0	0	0	0	0	0	0	0	0	0	0	0	0	2.694229450377192e-4	0	0	0	0	0	0	0	0	0	0	0	0	0	0	0	0	0	0
ASV_1809	0	0	0	0	0	0	0	0	0	0	0	0	0	0	0	0	0	0	4.721435316336166e-5	0	0	0	0	0	0	0	0	0	0	0	0	0	0	0	0	0	0	0	0	0	0	0	0	0	8.211116939990421e-4	0	0	0	0	0	0
ASV_1810	0	0	0	0	0	0	0	0	0	0	0	0	0	0	0	0	0	0	0	0	0	0	0	0	0	0.002244640605296343	0	0	0	0	0	0	0	0	0	0	0	0	0	0	0	0	0	0	0	0	0	0	0	0	0
ASV_1811	0	0	0	0	0	0	0	0	0	0	0	0	0	0	0	0	0	0	0	0	0	0	0	0	0	0	0	0	0	0	0	0	0	0	0	0	0	0	0	0	8.661547594717429e-4	0	0	0	0	0	0	0	0	0	0
ASV_1814	0	0	0	0	0	0	0.001418877236273905	0	0	0	0	0	0	0	0	0	0	0	6.610009442870633e-4	0	0	0	0	0	0	0	0	0	0	0	0	0	0	0	0	0	0	0	0	0	0	0	0	0	0	0	0	0	0	0	0
ASV_1815	0	0	0	0	0	0	0	0	0	0	0	0	0	0	0	0	0	0	0	0	0	0	0	0	0	0	0	0	0	0	0	0	0	0	0	0	0	0	0	0	0	0	0	0	3.8774718883288094e-4	0	0	0	0	0	0
ASV_1818	0	0	0	0	0	0	0	0	0	0.0052524073533702946	0	0	0	0	0	0	0.002832084779828248	0	0	0	0	0	0	0	0	0	0	0	0	0	0	0	0	0	0	0	0	0	0	0	0	0.001005530417295123	0	0	0	0	0	0	0	0	0
ASV_1820	0	0	0	0	0	0	0	0	0	0	0	0	0	0	0	0	0	0	8.144475920679886e-4	0	0	0	0	0	0	0	0	0	0	0	0	0	0	0	0	0	0	0	0	0	0	0	0	0	0	0	0	0	0	0	0
ASV_1821	0	0	0	0	0	0	0	0	0	0	0	0	0	0	0	0	0	0	0	0	0	0	0	0	0.002018090742008721	0	0	0	0	0	0	0	0	0	0	0	0	0	0	0	0	0	0	0	0	0	0	0	0	0	0
ASV_1822	0	0	0	0	0	0	0	0	0	0	0	0	0	0	0	0	0	0	0	0	0	0	0	0	0	0	0	0	0	0	0	0	0	0	0	0.0010289509377484683	0	0	0	0	0	0	0	0	0	0	0	0	0	0	0
ASV_1823	0	0	0	0	0	0	0	0	0	0	0	0	0	0	0	0	0	0	0	0	0	0	0	0	0	0	0	0	0	0	0	0	0	0	0	0	0.0064701124917285495	0	0	0	0	0	0	0	0	0	0	0	0	0	0
ASV_1826	0	0	0	0	0	0	0	0	0	0	0	0	0	0	0	0	0	0	1.2983947119924458e-4	0	0	0	0	0	0	0	0	0	0	0	0	0	0	0	0	0	0	0	0	0	0	0	0	0	0	0	0	0	0	0	0
ASV_1828	0	0	0	0	0	0	0	0	0	0	0	0	0	0.0021511649104896634	0	0	0	0	0	0	0	0	0	0	0	0	0	0	0	0	0	0	0	0	0	0	0	0	0	0	0	0	0	0	0	0	0	0	0	0	0
ASV_1829	0	0	0	0	0	0	0	0	0	0	0	0	0	0	0	0	0	0	9.206798866855524e-4	0	0	0	0	0	0	0	0	0	0	0	0	0	0	0	0	0	0	0	0	0	0	0	0	0	9.123463266656023e-5	0	0	0	0	0	0
ASV_1832	0	0	0	0	0	0	0	0	0	0	0	0	0	0	0	0	0	0	0	0	0	0	0	0.0014126587211379209	0	0	0	0	0	0	0	0	0	0	0	0	0	0	0	0	0	0	0	0	0	0	0	0	0	0	0
ASV_1833	0	0	0	0	0	0	0	0	0	0	0	0	0	0	0	0	0	0	0	0	0	0	0	0	0	0	0	0	0	3.4609261438360903e-4	0	0	0	0	0	0	0	0	0	0	0	0	0	0	0	0	0	0	0	0	0
ASV_1835	0	0	0	0	0	0	0	0	0	0	0	0	0	0	0	0	0	0	0	0	0	0	0	0	0	0	0	0	0	0	0	0	0	0	0	0	0	0	0	0	0	0	0	0	0	0	0	0	0	0	0.0019336341208632455
ASV_1837	0	0	0	0	0	0	0.0011721159777914867	0	0	0	0	0	0	0	0	0	0	0	0	0	0	0	0	0	0	0	0	0	0	0	0	0	0	0	0	0	0	0	0	0	0	0	0	0	0	0	0	0	0	0	0
ASV_1839	0	0	0	0	0	6.363879957127545e-4	0	0	0	0	0	0	0	0	0	0	0	0	0	0	0	0	0	0	0	0	0	0	0	0	0	0	0	0	0	0	0	0	0	0	0	0	0	0	0	0	0	0	0	0	0
ASV_1840	0	0	0	0	0	0	0	0	0	0	0	0	0	0	0	0	0.003928375662342408	0	0	0	0	0	0	0	0	0	0	0	0	0	0	0	0	0	0	0	0	0	0	0	0	0	0	0	0	0	0	0	0	0	0
ASV_1842	0	0	0	0	0	0	0	0	0	0	0	0	0	0	0	0	0	0	0	0	0	0	0	0	0	0.0021689785624211854	0	0	0	0	0	0	0	0	0	0	0	0	0	0	0	0	0	0	0	0	0	0	0	0	0
ASV_1843	0	0	0	0	0	0	0	0	0	0	0	0	0	0	0	0	0	0	0	0	0	0	0	0	0	0	0	0	5.509858711480185e-4	0	0	0	0	0.0010760240909838147	0	0	0	0	0	0	0	0	0	0	0	0	0	0	0	0	0
ASV_1845	0	0	0	0	0	0	1.850709438618137e-4	0	0	0	0	0	0	0	0	0	0	0	0	0	0	0	0	0	0	0	0	0	0	0	0	0	0	0	0	0	0	0	0	0	0	0	0	0	0	0	0	0	0	0	0
ASV_1846	0	0	0	0	0	0	0	0	0	0	0	0	0	0	0	0	0	0	0	0	0	0	0	0	0	0	0	0	0	0	0	0	0	0	0	0	0	0	0	0	4.96335873405156e-4	0	0	0	0	0	0	0	0	0	0
ASV_1847	0	0	0	0	0	0	0	0	0	0	0	0	0	0	0	0	0	0	0	0	0	0	0	0	0	0	0	0	0	0	0	0	0	0	0	0	0	0	0	0	0	0	0	0	0	0	0	5.868544600938967e-4	0	0	0
ASV_1849	0	0	0	0	0	0	0	0	0	0	0	0	0	0	0	0	0	0	0	0	0	0	0	0.0013801838080083136	0	0	0	0	0	0	0	0	0	0	0	0	0	0	0	0	0	0	0	0	0	0	0	0	0	0	0
ASV_1850	0	0	0	0	0	0	0	0	0	0	0	0	0	0	0	0	0	0	0	0	0	0	0	0	0	0	0	0	1.5742453461371956e-4	0	0	0	0	0	0	0	0	0	0	0	0	0.010180995475113122	0	0	0	0	0	0	0	0	0
ASV_1851	0	0	0	0	0	0	0	0	0	0	0	0	0	0	0	0	0	0	0	0	0	0	0	0	0	0	0	0	0	0	0	0	0	0	0	0	0	0	0	0	0	0	0	0	0	0	0	0	0	0	0.0018891827617629408
ASV_1853	0	0	0	0	0	0	0	0	0	0	0	0	0	0	0	0	0	0	8.852691218130312e-4	0	0	0	0	0	0	0	0	0	0	0	0	0	0	0	0	0	0	0	0	0	0	0	0	0	0	0	0	0	0	0	0
ASV_1854	0	0	0.004565713664528753	0	0	0	0	0	0	0	0	0	0	0	0	0	0	0	0	0	0	0	0	0	0	0	0	0	0	0	0	0	0	0	0	0	0	0	0	0	0	0	0	0	0	0	0	0	0	0	0
ASV_1856	0	0	0	0	0	0	0	0	0	0	0	0	0	0	0	0	0	0	0	0	0	0	0	0	0	0	0	0	0	0	0	0	0	0	0	0	0	0	0	0	0	0	0	0	2.2808658166640058e-4	0	0	0	0	0	0
ASV_1857	0	0	0	0	0	0	0.001295496607032696	0	0	0	0	0	0	0	0	0	0	0	6.964117091595845e-4	0	0	0	0	0	0	0	0	0	0	0	0	0	0	0	0	0	0	0	0	0	0	0	0	0	9.123463266656023e-5	0	0	0	0	0	0
ASV_1859	0	0	0	0	0	0	0	0	0	0.008754012255617158	0	0	0	0	0	0	5.481454412570802e-4	0	0	0	0	0	0	0	0	0	0	0	0	0	0	0	0	0	0	0	0	0	0	0	0	0.005279034690799397	0	0	0	0	0	0	0	0	0
ASV_1860	0	0	0	0	0	0	0	0	0	0	0	0	0	0.001531337732890947	0	0	0	0	0	0	0	0	0	0	0	0	0	0	0	0	0	0	0	0	0	0	0	0	0	0	0	0	0	0	0	0	0	0	0	0	0
ASV_1861	0	0	0	0	0	0	0	0	0	0	0	0	0	0	0	0	0	0	7.908404154863078e-4	0	0	0	0	0	0	0	0	0	0	0	0	0	0	0	0	0	0	0	0	0	0	0	0	0	0	0	0	0	0	0	0
ASV_1868	0	0.020348124540328513	0	0	0	0	0	0	0	0	0	0	0	0	0	0	0	0	0	0	0	0	0	0	0	0	0	0	0	0	0	0	0	0	0	0	0	0	0	0	0	0	0	0	0	0	0	0	0	0	0
ASV_1871	0	0	0	3.4218116048296426e-4	0	0	0	0	0	0	0	0	0	0	0	0	0	0	0	0	0	0	0	0	0	0	0	0	0	0	0	0	0	0	0	0	0	0	0	0	0	0	0	0	0	0	0	0	0	0	0
ASV_1872	0	0	0	0	0	0	0	0	0	0	0	0	0	0	0	0	0	0	0	0	0	0	0	0	0	0	0	0	0	0	0	0	0	0	0	0	0	0	0	0	0	0	0	0	7.070684031658418e-4	0	0	0	0	0	0
ASV_1873	0	0	0	0	0	0	0	0	0	0	0	0	0	0	0	0	4.111090809428102e-4	0	0	0	0	0	0	0	0	0	0	0	0	0	0	0	0	0	0	0	0	0	0	0	0	0	0	0	0	0	4.6505138817839374e-5	0	0	0	0
ASV_1874	0	0	0	0	0	0	0	0	0	0	0	0	0	0	0	0	0	0	0	0	0	0	0	0	6.847093588958161e-4	0	0	0	0	0	0	0	0	0	0	0	0	0	0	0	0	0	0	0	0	0	0	0	0	0	0
ASV_1876	0	0	0	0	0	0	0	0	0	0	0	0	0	0	0	0	0	0	9.324834749763929e-4	0	0	0	0	0	0	0	0	0	0	0	0	0	0	0	0	0	0	0	0	0	0	0	0	0	0	0	0	0	0	0	0
ASV_1877	0	0	0	0	0	0	0	0	0	0	0	0	0	0.0017136398439493929	0	0	0	0	0	0	0	0	0	0	0	0	0	0	0	0	0	0	0	0	0	0	0	0	0	0	0	0	0	0	0	0	0	0	0	0	0
ASV_1878	0	0	0	0	0	0	0	0	0	0	0	0	0	0	0	0	0	0	0	0	0	0	0	0	0.0012252693790767235	0	0	0	0	0	0	0	0	0	0	0	0	0	0	0	0	0	0	0	0	0	0	0	0	0	0
ASV_1880	0	0	0	0	0	0	0	0	0	0	0	0	0	0	0	0	0	0	0	0	0	0	0	0	0	0	0	0	0	0	0	0	0	0	0	0	0	0	0	0	0	0	0	0	0	0	0.00068207536932831075	0	0	0	0
ASV_1882	0	0	0	0	0	0	0	0	0	0	0	0	0	0	0	0	0	0	0	0	0	0	0	0	0	0	0	0	0	0	0	0	0	0	0	0	0	0	0	0	0	0	0	0	0	0.0026014731233349004	0	0	0	0	0
ASV_1883	0	0.0201029664133366	0	0	0	0	0	0	0	0	0	0	0	0	0	0	0	0	0	0	0	0	0	0	0	0	0	0	0	0	0	0	0	0	0	0	0	0	0	0	0	0	0	0	0	0	0	0	0	0	0
ASV_1884	0	0	0	0	0	0	0	0	0	0	0	0	0	0	0	0	0	0	0	0	0	0	0	0	0	0	0	0	0	0	0	0	0	0	0	0	0	0	0	0	0	0	0	0	1.1404329083320029e-4	0	0	0	0	0	0
ASV_1890	0	0	0	0	0	0	0	0	0	0	0	0	0	0	0	0	0	0	0	0	0	0	0	0	0	0.002068095838587642	0	0	0	0	0	0	0	0	0	0	0	0	0	0	0	0	0	0	0	0	0	0	0	0	0
ASV_1891	0	0	0	0	0	0	0	0	0	0	0	0	0	0	0	0	0	0	0	0	0	0	0	0	0	0	0	0.004389489953632148	0	3.8070187582196996e-4	0	0	0	0	0	0	0	0	0	0	0	0	0	0	0	0	0	0	0	0	0
ASV_1892	0	0	0	0	0	0	0	0	0	0	0	0	0	0	0	0	0	0	0	0	0	0	0	0	0	0	0	0	0	0	0	0	0	0.0012254718813982336	0	0	0	0	0	0	0	0	0	0	0	0	0	0	0	0	0
ASV_1895	0	0	0	0.0029818643984944027	0	0	0	0	0	0	0	0	0	0	0	0	0	0	0	0	0	0	0	0	0	0	0	0	0	0	0	0	0	0	0	0	0	0	0	0	0	0	0	0	0	0	0	0	0	0	0
ASV_1897	0	0	0	0	0	0	0	0	0	0	0	0	0	0	0	0	0	0	0	0	0	0	0	0	0	0	0	0	0	0	0	0	0	0	0	0	0	0	0	0	0	0	0	0	1.3685194899984034e-4	0	0	0	0	0	0
ASV_1898	0	0	0	0	0	0	0.0019123997532387415	0	0	0	0	0	0	0	0	0	0	0	5.901794145420207e-4	0	0	0	0	0	0	0	0	0	0	0	0	0	0	0	0	0	0	0	0	0	0	0	0	0	0	0	0	0	0	0	0
ASV_1899	0	0	0	0	0	0	0	0	0	0	0	0	0	0	0	0	0	0	0	0	0	0	0	0	0.0014414933871490865	0	0	0	0	0	0	0	0	0	0	0	0	0	0	0	0	0	0	0	0	0	0	0	0	0	0
ASV_1900	0	0	0	0	0	0	0	0	0	0	0	0	0	0.0018594815327961497	0	0	0	0	0	0	0	0	0	0	0	0	0	0	0	0	0	0	0	0	0	0	0	0	0	0	0	0	0	0	0	0	0	0	0	0	0
ASV_1901	0	0	0	0	0	0	0	0	0	0	0	0	0	0	0	0	0	0	9.560906515580737e-4	0	0	0	0	0	0	0	0	0	0	0	0	0	0	0	0	0	0	0	0	0	0	0	0	0	0	0	0	0	0	0	0
ASV_1902	0	0	0	0	0	0	0	0	0	0	0	0	0	0	0	0	0	0	8.262511803588291e-4	0	0	0	0	0	0	0	0	0	0	0	0	0	0	0	0	0	0	0	0	0	0	0	0	0	0	0	0	0	0	0	0
ASV_1905	0	0	0	0	0	0	0	0	0	0	0	0	0	0	0	0	0	0	0	0	0	0	0	0	0	0	0	0	0	0	0	0	0	0	0	0	0	0	0	0	7.882981518787772e-4	0	0	0	0	0	0	0	0	0	0
ASV_1909	0	0	0	0	0	0	0	0	0	0	0	0	0	0	5.441902650408142e-4	0	0	0	0	0	0	0	0	0	0	0	0	0	0	0	0	0	0	0	0	0	0	0	0	0	0	0	0	0	0	0	0	0	0	0	0
ASV_1910	0	0	0	0	0	0	0	0	0	0	0	0	0	0	0	0	0	0	0	0	0	0	0	0	0	0	0	0	0	0	0	0	0	1.643925694558606e-4	0	0	0	0	0	0	0	0	0	0	0	0	0	0	0	0	0
ASV_1911	0	0	0	0	0	0	8.019740900678593e-4	0	0	0	0	0	0	0	0	0	0	0	2.950897072710104e-4	0	0	0	0	0	0	0	0	0	0	0	0	0	0	0	0	0	0	0	0	0	0	0	0	0	0	0	0	0	0	0	0
ASV_1912	0	0	0	0	0	0	0	0	0	0	0	0	0.002785903329154478	0	0	0	0	0	0	0	0	0	0	0	0	0	0	0	0	0	0	0	0	0	0	0	0	0	0	0	0	0	0	0	0	0	0	0	0	0	0
ASV_1913	0	0	0	0	0	0	0	0	0	0	0	0	0	0	0	0	0	0	0	0	0	0	0	0	0	0	0.0010216135108386808	0	0	0	0	0	0	0	0	0	0	0	0	0	0	0	0	0	0	0	0	0	0	0	0
ASV_1914	0	0	0	0	0	0	0	0	0	0	0	0	0	0	0	0	0	0	0	0	0	0	0	0	0.002018090742008721	0	0	0	0	0	0	0	0	0	0	0	0	0	0	0	0	0	0	0	1.3685194899984034e-4	0	0	0	0	0	0
ASV_1915	0	0	0	0	0	0	0	0	0	0	0	0	0	0.0016042585773143254	0	0	0	0	0	0	0	0	0	0	0	0	0	0	0	0	0	0	0	0	0	0	0	0	0	0	0	0	0	0	0	0	0	0	0	0	0
ASV_1916	0	0	0	0	0	0	0	0	0	0	0	0	0	0	0	0	0	0	0	0	0	0	0	0	0	0	0	0	0.003148490692274391	0	0	0	0	0	0	0	0	0	0	0	0	0	0	0	0	0	0	0	0	0	0
ASV_1917	0	0	0	0	0	0	0	0	0	0	0	0	0	0	0	0	0	0	0	0	0	0	0	0	0	0	0	0	4.7227360384115866e-4	0.002145774209178376	0	0	0	0	0	0	0	0	0	0	0	0	0	0	0	0	0	0	0	0	0
ASV_1919	0	0	0	0.001026543481448893	0	0	0	0	0	0	0	0	0	6.198271775987166e-4	0	0	0	0	0	0	0	0	0	0	0	0	0	0	0	0	0	0	0	0	0	0	0	0	0	8.018678804745171e-4	0	0	0	0	0	0	0	0	0	0	0
ASV_1921	0	0	0	0	0	0	0	0	0	0	0	0	0	0	0	0	0	0	0	0	0	0	0	0	0	0	0	0	0	0	0	0	0	0	0	0	0	0	0	0	0	0	0	3.808073115003808e-4	0	0	0	0	0	0	0
ASV_1922	0	0	0	0	0	0	0	0	0	0	0	0	0	0	0	0	0	0	1.0623229461756374e-4	0	0	0	0	0	0	0	5.74657599846758e-4	0	0	0	0	0	0	0	0	0	0	0	0	0	0	0	0	0	2.9651255616632076e-4	0	0	0	0	0	0
ASV_1923	0	0	0	0	0	0	0.0010487353485502777	0	0	0	0	0	0	0	0	0	0	0	7.318224740321058e-4	0	0	0	0	0	0	0	0	0	0	0	0	0	0	0	0	0	0	0	0	0	0	0	0	0	0	0	0	0	0	0	0
ASV_1924	0	0	0	0	0	0	0	0	0.00199298670501274	0	0	0	0	0	0	0	0	0	0	0	0	0	0	0	0	0	0	0	0	0	0	0	0	0	0	0	0	0	0	0	0	0	0	0	0	0	0	0	0	0	0
ASV_1926	0	0	0	0	0	0	0	0	0	0	0	0	0	0	0	0	0.0036086241549424447	0	0	0	0	0	0	0	0	0	0	0	0	0	0	0	0	0	0	0	0	0	0	0	0	0	0	0	0	0	0	0	0	0	0
ASV_1929	0	0	0	0	0	0	0	0	0	0	0	0	0	0	0	0	0	0	0	0	0	0	0	0	0	0	0	0	0	0	0	0	0.0019349466052708925	0	0	0	0	0	0	0	0	0	0	0	0	0	0	0	0	0	0
ASV_1931	0	0	0	0	0	0	0	0	0	0	0	0	0	0	0	0	0	0	0	0	0	0	0	0	0	0	0	0	0	0	0	0	0	0	0	0	0	0	0	2.59427843682932e-4	0	0	0	0	0	0	0	0	0	0	0
ASV_1933	0	0	0	0	0	0	0	0	0	0	0	0	0	0	0	0	0	0	0	0	0	0	0	0	0	0	0	0	0	0	0	0	0	0	0	6.547869603853889e-4	0	0	0	0	0	0	0	0	0	0	0	0	0	0	0
ASV_1934	0	0	0	0	0	0	0	0	0	0.02276043186460461	0	0	0	0	0	0	0	0	0	0	0	0	0	0	0	0	0	0	0	0	0	0	0	0	0	0	0	0	0	0	0	0	0	0	0	0	0	0	0	0	0
ASV_1935	0	0	0	0	0	0	0	0	0	0	0	0	0	0	0	0	0	0	0	0	0	0	0	0	0.0014054560524703592	0	0	0	0	0	0	0	0	0	0	0	0	0	0	0	0	0	0	0	0	0	0	0	0	0	0
ASV_1936	0	0	0	0	0	0	0	0	0	0	0	0	0	0	0	0	0	0	9.206798866855524e-4	0	0	0	0	0	0	0	0	0	0	0	0	0	0	0	0	0	0	0	0	0	0	0	0	0	0	0	0	0	0	0	0
ASV_1938	0	0	0	0	0	0	0	0	0	0	0	0	0	0	0	0	0	0	0	0	0	0	0	0	0	0	0	0	0	0	0	0	0	0	0	0	0	0	0	0	0	0	0.0010536269080102661	0	0	0	0	0	0	0	0
ASV_1939	0	0	0	0	0	0	0	0	0	0	0	0	0	0	0	0	0	0	0	0	0	0	0	0	0	0	0	0	0	0	0	0	0	0	0	0	0	0	0	0	0	0	0	0	0	0.002444757874941232	0	0	0	0	0
ASV_1941	0	0	0	0	0	0	0	0	0	0	0	0	0	0	0	0	0	0	0	0	0	0	0	0	0	0	0	0	0	0	0	0	0	0	0	0	0	0	0	0	0	0	0	0	1.8246926533312046e-4	0	0	0	0	0	0
ASV_1944	0	0	0	0	0	0	0	0	0	0	0	0	0	0	0	0	0	0	0	0	0	0	0	0	0.0012252693790767235	0	0	0	0	0	0	0	0	0	0	0	0	0	0	0	0	0	0	0	0	0	0	0	0	0	0
ASV_1947	0	0	0	0	0	0	0	0	0	0	0	0	0	0	0	0	0	0	0	0	0	0	0	0	0	0	0	0	0	0	0	0	0	0	0	0	0	0	0	0	0	0	0.0010401188707280832	0	0	0	0	0	0	0	0
ASV_1948	0	0	0	0	0	0	0	0	0	0	0	0	0	1.4584168884675683e-4	0	0	0	0	0	0	0	0	0	0	0	0	0	0	0	0	0	0	0	0	0	0	0	0	0	0	0	0	0	0	0	0	0	0	0	0	0
ASV_1949	0	0	0	0	0	0	0	0	0	0	0	0	0	0	0	0	0	0	0	0	0	0	0	0	0	0	0	0	0	0	0	0	0	0	0	0	0	0	0	0	6.033887088454838e-4	0	0	0	0	0	0	0	0	0	0
ASV_1950	0	0	0.0030438091096858353	0	0	0	0	0	0	0	0	0	0	0	0	0	0	0	0	0	0	0	0	0	0	0	0	0	0	0	0	0	0	2.988955808288374e-4	0	0	0	0	0	0	0	0	0	0	0	0	0	0	0	0	0
ASV_1951	0	0	0	0	0	0	0	0	0.0014127500693761194	0	0	0	0	0	0	0	0	0	0	0	0	0	0	0	0	0	0	0	0	0	0	0	0	0	0	0	0	0	0	0	0	0	0	0	0	0	0	0	0	0	0
ASV_1952	0	0	0	0	0	0	0	0	0	0	0	0	0	0	0	0	0	0	6.137865911237016e-4	0	0	0	0	0	0	0	0	0	0	0	0	0	0	0	0	0	0	0	0	0	0	0	0	0	0	0	0	0	0	0	0
ASV_1953	0	0	0	0	0	0	7.402837754472548e-4	0	0	0	0	0	0	0	0	0	0	0	7.554296506137865e-4	0	0	0	0	0	0	0	0	0	0	0	0	0	0	0	0	0	0	0	0	0	0	0	0	0	0	0	0	0	0	0	0
ASV_1957	0	0	0	0	0	0	0	0	0	0	0	0	0	0	0	0	0	0	0	0	0	0	0	0	0.0027388374355832644	0	0	0	0	0	0	0	0	0	0	0	0	0	0	0	0	0	0	0	0	0	0	0	0	0	0
ASV_1960	0	0.004658004412846286	0	0	0	0	0	0	0	0	0	0	0	0	0	0	0	0	0	0	0	0	0	0	0	0	0	0	0	0	0	0	0	0	0	0	0	0	0	0	0	0	0	0	0	0	0	0	0	0	0
ASV_1964	0	0	0	0	0	0	0	0	0	0	0	0	0	0	0	0	0	0	0	0	0	0	0	0	0	0	0	0	0	0	0	0	0	0	0	0	0	0	0	0	5.352641772016389e-4	0	0	0	0	0	0	0	0	0	0
ASV_1968	0	0	0	0	0	0	0	0	0	0	0	0	0	0	0	0	0	0	8.852691218130312e-4	0	0	0	0	0	0	0	0	0	0	0	0	0	0	0	0	0	0	0	0	0	0	0	0	0	0	0	0	0	0	0	0
ASV_1970	0	0	0	0	0	0	0	0	0	0	0	0	0	0	0	0	0	0	0	0	0	0	0	0	0.0011531947097192692	0	0	0	0	0	0	0	0	0	0	0	0	0	0	0	0	0	0	0	0	0	0	0	0	0	0
ASV_1971	0	0	0	0	0	0	0	0	0	0	0	0	0	0	0	0	0	0	0	0	0	0	0	0.0012178092423602766	0	0	0	0	0	0	0	0	0	0	0	0	0	0	0	0	0	0	0	0	0	0	0	0	0	0	0
ASV_1973	0	0	0	0	0	0	0	0	0	0	0	0	0	0	0	0	0	0	0	0	0	0	0	0	0	0	0	0	0	0	0	0	0	0	0	0	0	0	0	0	7.29905696184053e-4	0	0	0	0	0	0	0	0	0	0
ASV_1975	0	0.009070850698700662	0	0	0	0	0	0	0	0	0	0	0	0	0	0	0	0	0	0	0	0	0	0	0	0	1.9155253328225267e-4	0	0	0	0	0	0	0	0	0	0	0	0	0	0	0	0	0	0	0	0	0	0	0	0
ASV_1976	0	0	0	0	0	0	0	0	0	0	0	0	0	0	0	0	0	0	8.026440037771482e-4	0	0	0	0	0	0	0	0	0	0	0	0	0	0	0	0	0	0	0	0	0	0	0	0	0	0	0	0	0	0	0	0
ASV_1977	0	0	0	0.0017597888253409592	0	0	0	0	0	0	0	0	0	0	0	0	0	0	0	0	0	0	0	0	0	0	0	0	0	0	0	0	0	0	0	0	0	0	0	0	0	0	0	0	0	0	0	0	0	0	0
ASV_1980	0	0	0	0	0	0	0	0	0	0	0	0	0	0	0	0	0	0	0	0	0	0	0	0	0	0	8.939118219838457e-4	0	0	0	0	0	0	0	0	0	0	0	0	0	0	0	0	0	0	0	0	0	0	0	0
ASV_1981	0	0	0	0	0	0	0	0	0	0	0	0	0	0	0	0	0	0	2.3607176581680832e-4	0	0	0	0	0	0	0	0	0	0	0	0	0	0	0	0	0	0	0	0	0	0	0	0	0	0	0	0	0	0	0	0
ASV_1982	0	0	0	0	0	0	0.0017273288093769279	0	0	0	0	0	0	0	0	0	0	0	0	0	0	0	0	0	0	0	0	0	0	0	0	0	0	0	0	0	0	0	0	0	0	0	0	0	4.3336450516616107e-4	0	0	0	0	0	0
ASV_1983	0	0	0	0	0	0	0	0	0	0	0	0	0	0	5.441902650408142e-4	0	0	0	0	0	0	0	0	0	0	0	0	0	0	0	0	0	0	0	0	0	0	0	0	0	0	0	0	0	0	0	0	0	0	0	0
ASV_1984	0	0	0	0	0	0	0	0	0	0	0	0	0	0	0	0	0	0	8.734655335221908e-4	0	0	0	0	0	0	0	0	0	0	0	0	0	0	0	0	0	0	0	0	0	0	0	0	0	0	0	0	0	0	0	0
ASV_1985	0	0	0	0	0	0	0	0	0	0	0	0	0	0	0	0	0	0	0	0	0	0	4.427267179591495e-4	0	0	0	0	0	0	0	0	0	0	0	0	0	0	0	0	0	0	0	0	0	0	0	0	0	0	0	0
ASV_1986	0	0	0	0	0	0	0	0	0	0	0	0	0	0	0	0	0	0	0	0	0	0	0	0	0.00266676276622581	0	0	0	0	0	0	0	0	0	0	0	0	0	0	0	0	0	0	0	0	0	0	0	0	0	0
ASV_1990	0	0	0	0	0	0	0	0	0	0	0	0	0	0	0	0	0	0	0	0	0	0	0	0	0	0	0	0	0	0	0	0.006051437216338881	0	0	0	0	0	0	0	0	0	0	0	0	0	0	0	0	0	0	0
ASV_1991	0	0	0	0	0	0	0	0	0	0	0	0	0	2.5522295548182446e-4	0	0	0	0	0	0	0	0	0	0	0	0	0	0	0	0	0	0	0	0	0	0	0	0	0	0	0	0	0	0	0	0	0	0	0	0	0
ASV_1992	0	0	0	0.0032262795131250918	0	0	0	0	0	0	0	0	0	0	0	0	0	0	0	0	0	0	0	0	0	0	0	0	0	0	0	0	0	0	0	0	0	0	0	0	0	0	0	0	0	0	0	0	0	0	0
ASV_1993	0	0	0	0	0	0	0	0	0	0	0	0	0	0	0	0	0.001553078750228394	0	0	0	0	0	0	0	0	0	0	0	0	0	0	0	0	0	0	0	0	0	0	0	0	0	0	0	0	0	0	0	0	0	0
ASV_1995	0	0	0	0	0	0	0	0	0	0	0	0	0	0	0	0	0	0	0	0	0	0	0	0	0.0023063894194385384	0	0	0	0	0	0	0	0	0	0	0	0	0	0	0	0	0	0	0	0	0	0	0	0	0	0
ASV_1996	0	0	0	0	0	0	0	0	0	0	0	0	0	0	0	0	0.0033345514343139046	0	0	0	0	0	0	0	0	0	0	0	0	0	0	0	0	0	0	0	0	0	0	0	0	0	0	0	0	0	0	0	0	0	0
ASV_1997	0	0	0	0	0	0	0	0	0	0	0	0	0	0	0	0	0	0	0	0	0	0	0	0	0	0	0	0	0	0	0	0	0	0	0	0	0	0	0	0	0	0	0	0	0	0	0	0	0	0.00233739837398374	0
ASV_1998	0	0	0	0	0	0	0	0	0	0	0	0	0	0	0	0	0	0	0	0	0	0	0	0	0.0011531947097192692	0	0	0	0	0	0	0	0	0	0	0	0	0	0	0	0	0	0	0	0	0	0	0	0	0	0
ASV_2000	0	0	0	0	0	0	0	0	0	0	0	0	0	0	0	0	0	0	0	0	0	0	0	0	0.0026307254315470828	0	0	0	0	0	0	0	0	0	0	0	0	0	0	0	0	0	0	0	0	0	0	0	0	0	0
ASV_2001	0	0	0	0	0	0	0	0	0	0	0	0	0	0	0	0	0	0	0	0	0	0	0	0	0.0026307254315470828	0	0	0	0	0	0	0	0	0	0	0	0	0	0	0	0	0	0	0	0	0	0	0	0	0	0
ASV_2003	0	0	0	0	0	0	0	0	0	0	0	0	0	1.4584168884675683e-4	0	0	0	0	4.485363550519358e-4	0	0	0	0	0	0	0	0	0	0	0	0	0	0	0	0	0	0	0	0	0	0	0	0	0	0	0	0	0	0	0	0
ASV_2004	0	0	0	0	0	0	0	0	0	0	0	0	0	0	0	0	0	0	4.7214353163361664e-4	0	0	0	0	0	0	0	0	0	0	0	0	0	0	0	0	0	0	0	0	0	0	0	0	0	4.789818214994412e-4	0	0	0	0	0	0
ASV_2005	0	0	0	0	0	0	9.253547193090684e-4	0	0	0	0	0	0	0	0	0	0	0	0	0	0	0	0	0	0	0	0	0	0	0	0	0	0	0	0	0	0	0	0	0	0	0	0	0	0	0	0	0	0	0	0
ASV_2006	0	0	0	0	0	0	0	0	0	0	0	0	0	0	0	0	0	0	0	0	0	0	4.666578919028873e-4	0	0	0	0	0	0	0	0	0	0	0	0	0	0	0	0	0	3.2115850632098334e-4	0	0	0	0	0	0	0	0	0	0
ASV_2012	0	0	0.003859115121208827	0	0	0	0	0	0	0	0	0	0	0	0	0	0	0	0	0	0	0	0	0	0	0	0	0	0	0	0	0	0	0	0	0	0	0	0	0	0	0	0	0	0	0	0	0	0	0	0
ASV_2013	0	0	0	0	0	0	0	0	0	0	0	0	0	0	0	0	0	0	0	0	0	0	0	0	0	0	0	0	5.903420048014483e-4	5.883574444521354e-4	0	0	0	0	0	0	0	0	0	0	0	0	0	0	0	0	0	0	0	0	0
ASV_2016	0	0	0	0	0	0	2.4676125848241827e-4	0	0	0	0	0	0	0	0	0	0	0	6.846081208687441e-4	0	0	0	0	0	0	0	0	0	0	0	0	0	0	0	0	0	0	0	0	0	0	0	0	0	0	0	0	0	0	0	0
ASV_2017	0	0	0	0	0	0	0	0	0	0	0	0	0	0	0	0	0	0	1.1803588290840416e-4	0	0	0	0	0	0	0	0	0	0	0	0	0	0	0	0	0	0	0	0	0	0	0	0	0	1.596606071664804e-4	0	0	0	0	0	0
ASV_2018	0	0	0	0	0	0	0	0	0	0	0	0	3.8306170775874074e-4	0	0	0	0	0	0	0	0	0	1.4358704366242687e-4	0	0	0	0	0	0	0	0	0	0	0	0	0	0	0	0	0	0	0	0	0	0	0	0	0	0	0	0
ASV_2021	0	0	0	0	0	0	0	0	0	0	0	0	0	0	0	0	0	0	8.380547686496695e-4	0	0	0	0	0	0	0	0	0	0	0	0	0	0	0	0	0	0	0	0	0	0	0	0	0	0	0	0	0	0	0	0
ASV_2026	0	0	0	0	0	0	0	0	0	0	0	0	0	0	0	0	0	0	0	0	0	0	0	0	0.0025586507621896282	0	0	0	0	0	0	0	0	0	0	0	0	0	0	0	0	0	0	0	0	0	0	0	0	0	0
ASV_2027	0	0	0	0	0	0	0	0	0	0	0	0	0	0	0	0	0	0	0	0	0	0	0	0	0	0	0	0	0	0	0	0	0	0.001061079311942373	0	0	0	0	0	0	0	0	0	0	0	0	0	0	0	0	0
ASV_2032	0	0	0	0	0	0	9.87045033929673e-4	0	0	0	0	0	0	0	0	0	0	0	0	0	0	0	0	0	0	0	0	0	0	0	0	0	0	0	0	0	0	0	0	0	0	0	0	0	7.298770613324818e-4	0	0	0	0	0	0
ASV_2033	0	0	0	0	0	0	3.701418877236274e-4	0	0	0	0	0	0	0	0	0	0	0	5.547686496694995e-4	0	0	0	0	0	0	0	0	0	0	0	0	0	0	0	0	0	0	0	0	0	0	0	0	0	9.123463266656023e-5	0	0	0	0	0	0
ASV_2034	0	0	6.522448092183933e-4	0	0	0	0	0	0	0	0	0	0	0	0	0	0	0	0	0	0	0	0	0	0	0	0	0	0	0	0	0	0	0	0	0	0	0	0	0	0	0	0	0	0	0	0	0	0	0	0
ASV_2035	0	0	0	0	0	0	0	0	0	0	0	0	0	0	0	0	0	0	0	0	0	0	0	0	0	0	0	0.004080370942812983	0	0	0	0	0	0	0	0	0	0	0	0	0	0	0	0	0	0	0	0	0	0	0
ASV_2036	0	0	0	0	0	0	0	0	0	0	0	0	0	0	0	0	0	0	6.373937677053824e-4	0	0	0	0	0	0	0	0	0	0	0	0	0	0	0	0	0	0	0	0	0	0	0	0	0	0	0	0	0	0	0	0
ASV_2037	0	0	0	0	0	0	0	0	0	0	0	0	0	0	0	0	0	4.0668883519533026e-4	0	0	0	0	0	0	0	0	0	0	0	0	0	0	0	2.988955808288374e-4	0	0	0	0	0	0	0	0	0	0	0	0	0	0	0	0	0
ASV_2038	0	0	0	0	0	0	0	0	0	0	0	0	0	0	0	0	0	0	8.262511803588291e-4	0	0	0	0	0	0	0	0	0	0	0	0	0	0	0	0	0	0	0	0	0	0	0	0	0	0	0	0	0	0	0	0
ASV_2042	0	0	0	0	0	0	0	0	0	0	0	0	0	0	0	0	0	0	0	0	0	0	0	0	0.002522613427510901	0	0	0	0	0	0	0	0	0	0	0	0	0	0	0	0	0	0	0	0	0	0	0	0	0	0
ASV_2045	0	0	0	0	0	0	0	0	0	0	0	0	0	7.292084442337842e-5	0	0	0	0	0	0	0	0	0	0	0	0	0	0	0	0	0	0	0	0	0	0	0	0	0	0	0	0	0	0	0	0	0	0	0	0	0
ASV_2046	0	0	0	0	0	0	0	0	0	0	0	0	0	0	0	0	0	0	0	0	0	0	0	0	0	0	0	0	0	0	0	0	0	0	0	0	0	0	0	0	4.6713964555779395e-4	0	0	0	0	0	0	0	0	0	0
ASV_2047	0	0	0	0	0	0	0	0	0	0	0	0	0	0	0	0	0	0	3.068932955618508e-4	0	0	0	0	0	0	0	0	0	0	0	0	0	0	0	0	0	0	0	0	0	0	0	0	0	0	0	0	0	0	0	0
ASV_2048	0	0	0	0	0	0	0	0	0.0010847902318423775	0	0	0	0	0	0	0	0	0	0	0	0	0	0	0	0	0	0	0	0	0	0	0	0	0	0	0.001216032926430008	0	0	0	0	0	0	0	0	0	0	0	0	0	0	0
ASV_2049	0	0	0	0	0	0	0	0	0	0	0	0	0	0	0	0	0	0	0	0	0	0	0	0	0.0012252693790767235	0	0	0	0	0	0	0	0	0	0	0	0	0	0	0	0	0	0	0	0	0	0	0	0	0	0
ASV_2050	0	0	0	0	0	0	0	0	0	0	0	0	0	0.0014584168884675685	0	0	0	0	0	0	0	0	0	0	0	0	0	0	0	0	0	0	0	0	0	0	0	0	0	0	0	0	0	0	0	0	0	0	0	0	0
ASV_2051	0	0	0	0	0	0	0	0	0	0	0	0	0	0	0	0	0	0	4.7214353163361664e-4	0	0	0	0	0	0	0	0	0	0	0	0	0	0	0	0	0	0	0	0	0	0	0	0	0	0	0	0	0	0	0	0
ASV_2053	0	0	0	0	0	0	0	0	0	0	0	0	0	0	0	0	0	0	0	0	0	0	0	0	0.002486576092832174	0	0	0	0	0	0	0	0	0	0	0	0	0	0	0	0	0	0	0	0	0	0	0	0	0	0
ASV_2055	0	0	0	0	0	0	0	0	0	0	0	0	0	0	0	0	0	4.0668883519533026e-4	0	0	0	0	0	0	0	0	0	0	0	0	0	0	0	0	0	0	0	0	0	0	0	0	0	0	0	0	0	0	0	0	0
ASV_2056	2.6968716289104636e-4	0	0	0	0	0	0	0	0	0	0	0	0	0	0	0	0	0	0	0	0	0	0	0	0	0	0	0	0	0	0	0	0	0	0	0	0	0	0	0	0	0	0	0	0	0	0	0	0	0	0
ASV_2059	0	0	0	0	0	0	0	0	0	0	0	0	0	0	0	0	0	0	0	0	0	0	0	0	0	0	0	0	0	0	0	0	0	5.679016035747912e-4	0	0	0	0	0	0	7.785660759296565e-5	0	0	0	0	0	0	0	0	0	0
ASV_2062	0	0	0	0	0	0	0	0	0	0	0	0	0	9.115105552922303e-4	0	0	0	0	0	0	0	0	0	0	0	0	0	0	0	0	0	0	0	0	0	5.61245966044619e-4	0	0	0	0	0	0	0	0	0	0	0	0	0	0	0
ASV_2063	0	0	0	0	0	0	0	0	0	0.011963816749343449	0	0	0	0	0	0	0.0012333272428284305	0	0	0	0	0	0	0	0	0	0	0	0	0	0	0	0	0	0	0	0	0	0	0	0	0	0	0	0	0	0	0	0	0	0
ASV_2064	0	0	0	0	0	0	0	0	0	0	0	0	0	0	0	0	0	0	8.026440037771482e-4	0	0	0	0	0	0	0	0	0	0	0	0	0	0	0	0	0	0	0	0	0	0	0	0	0	0	0	0	0	0	0	0
ASV_2065	0	0	0	0	0	0	0	0	0	0	0	0	0	0	0	0	0	0	0	0	0	0	0	0	0.0020901654113661752	0	0	0	0	0	0	0	0	0	0	0	0	0	0	0	0	0	0	0	0	0	0	0	0	0	0
ASV_2066	0	0	0	0	0	0	0	0	0	0	0	0	0	0	0	0	0	0	0	0	0	0	0	0	0	0	0.002011301599463653	0	0	0	0	0	0	0	0	0	0	0	0	0	0	0	0	0	0	0	0	0	0	0	0
ASV_2068	0	0	0	0	0	0	0	0	0	0	0	0	0	0	0	0	0	0	0	0	0	0	0	0	0	0	0	0	0	0	0	0	0	0	0	0	0	0	0	0	0	0	9.185465351884371e-4	0	0	0	0	0	0	0	0
ASV_2069	0	0	0	0	0	0	0	0	0	0	0	0	0	0	0	0	0	0	0	0	0	0	0	0	0	0	0	0	0	0	0	0.0015128593040847202	0	0	0	0	0	0	0	0	0	0	0	0	0	0	0	0	0	0	0
ASV_2072	0	0	0	0	0	0	0	0	0	0	0	0	0	0	0	0	0	0	0	0	0	0	0	0	0	0	0	0	0	0	0	0	7.347898501028706e-5	0	0	0	0	0	0	0	0	0	0	0	0	0	0	0	0	0	0
ASV_2073	0	0	0	4.8883022926137754e-5	0	2.0096463022508038e-4	0	0	0	0	0	0	0	0	0	0	0	0	0	0	0	0	0	0	0	2.5220680958385876e-5	0	0	0	0	0	0	0	1.046134532900931e-4	0	0	0	0	0	9.433739770288437e-5	0	0	0	0	0	0	0	3.786157807057398e-5	0	0	0
ASV_2074	0	0	0	0	0	0	0	0	0	0.014590020426028597	0	0	0	0	0	0	7.76539375114197e-4	0	0	0	0	0	0	0	0	0	0	0	0	0	0	0	0	0	0	0	0	0	0	0	0	0	0	0	0	0	0	0	0	0	0
ASV_2075	0	0	0	0	0	0	0	0	0	0	9.49667616334283e-4	0	0	0	0	0	0	0	0	0	0	0	0	0	0	0	0	0	0	0	0	0	2.449299500342902e-5	0	0	0	7.352400558782443e-5	0	0	0	0	0	7.159259759556936e-4	0	0	1.2537219871493497e-4	0	0	0	0	0
ASV_2077	0	0	0	0	0	0	0	0	0	0	0	0	0	0	0	0	0	0	6.846081208687441e-4	0	0	0	0	0	0	0	0	0	0	0	0	0	0	0	0	0	0	0	0	0	0	0	0	0	0	0	0	0	0	0	0
ASV_2078	0	0	0	0	0	0	0	0	0	0	0	0	0	0	0	0	0	0	2.0066100094428706e-4	0	0	0	0	0	0	0	2.554033777096702e-4	0	0	0	0	0	0	0	0	0	0	0	0	0	0	0	0	0	3.8774718883288094e-4	0	0	0	0	0	0
ASV_2079	0	0	0	0	0	0	0	0	0	0	0	0	0	0.002442848288183177	0	0	0	0	0	0	0	0	0	0	0	0	0	0	0	0	0	0	0	0	0	0	0	0	0	0	0	0	0	0	0	0	0	0	0	0	0
ASV_2081	0	0	0	0	0	0	0	0	0	0	0	0	0	0	0	0	0	0	0	0	0	0	0	0	0.0010811200403618149	0	0	0	0	0	0	0	0	0	0	0	0	0	0	0	0	0	0	0	0	0	0	0	0	0	0
ASV_2082	0	0	0	0	0	0	0	0	0	0	0	0	0	0	0	0	0	0	0	0	0	0	0	0.0010879095898418472	0	0	0	0	0	0	0	0	0	0	0	0	0	0	0	0	0	0	0	0	0	0	0	0	0	0	0
ASV_2083	0	0	0	0	0	0	0	0	0	0	0	0	0	0	0	0	0	0	0	0	0	0	0	0	0.00241450142347472	0	0	0	0	0	0	0	0	0	0	0	0	0	0	0	0	0	0	0	0	0	0	0	0	0	0
ASV_2084	0	0	0	0	0	0	0	0	0	0	0	0	0	0	0	0	0	0	0	0	0	0	0	0	1.4414933871490865e-4	0	0	0	0	0	0	0	0	0	0	0	0	0	0	0	0	0	0	0	0	0	0	0	0	0	0
ASV_2085	0	0	0	0	0	0	0	0	0	0	0	0	0	0	0	0	0	0	0	0	0	0	0	0	0	0.0016897856242118537	0	0	0	0	0	0	0	0	0	0	0	0	0	0	0	0	0	0	0	0	0	0	0	0	0
ASV_2088	0	0	0.003587346450701163	0	0	0	0	0	0	0	0	0	0	0	0	0	0	0	0	0	0	0	0	0	0	0	0	0	0	0	0	0	0	0	0	0	0	0	0	0	0	0	0	0	0	0	0	0	0	0	0
ASV_2089	0	0	8.153060115229917e-4	0	0	0	0	0	0	0	0	0	0	0	0	0	0	0	0	0	0	0	0	0	0	0	0	0	6.296981384548782e-4	4.153111372603309e-4	0	0	0	0	0	0	0	0	0	0	0	0	0	0	0	7.208901426108761e-4	0	0	0	0	0
ASV_2090	0	0	5.435373410153277e-4	0	0	0	0	0	0	0	0	0	0	0	0	0	0	0	0	0	0	0	0	0	0	0	0	0	0	0	0	0	0	0	0	0	0	0	0	0	0	0	0	0	0	0	0	0	0	0	0
ASV_2091	0	0	0	0	0	0	0	0	0	0	0	0	0	0	0	0	0	0	3.5410764872521244e-5	0	0	0	0	0	0	0	0.0010854643552660984	0	0	0	0	0	0	0	0	0	0	0	0	0	0	0	0	0	0	0	0	0	0	0	0
ASV_2093	0	0	0	0	0	0	0	0	0	0	0	0	0.0021242512884802897	0	0	0	0	0	0	0	0	0	0	0	0	0	0	0	0	0	0	0	0	0	0	0	0	0	0	0	0	0	0	0	0	0	0	0	0	0	0
ASV_2095	0	0	0	0	0	0	0	0	0	0	0	0	0	0	0	0	0	0	0	0	0	0	0	0	0	0	0	0	0	0	0	0	0	0	0	0	0	0	0	0	0	0	0	0	0	0	1.0851199057495853e-4	0	0	0	0
ASV_2096	0	0	0	0	0	0	0	0	0	0	0	0	0	0	0	0	0	0	0	0	0	0	0	0	0.0023784640887959925	0	0	0	0	0	0	0	0	0	0	0	0	0	0	0	0	0	0	0	0	0	0	0	0	0	0
ASV_2097	0	0	0	0	0	0	0	0	0	0	0	0	0	0	0	0	0	0	0	0	0	0	0	0	0	0.0016645649432534678	0	0	0	0	0	0	0	0	0	0	0	0	0	0	0	0	0	0	0	0	0	0	0	0	0
ASV_2100	0	0	0	0	0	0	0	0	0	0	0	0	0	0	0	0	0	0	0	0.0013547975773031558	0	0	0	0	0	0	0	0	0	0	0	0	0	0	0	0	0	0	0	0	0	0	0	0	0	0	0	0	0	0	0
ASV_2101	0	0.002451581269919098	0	0	0	0	0	0	0	0	0	0	0	0	0	0	0	0	0	0	0	0	0	0	0	0	0	0	0	0	0	0	0	0	0	0	0	0	0	0	0	0	0	0	0	0	0	0	0	0	0
ASV_2103	0	0	0	0	0	0	0.0019123997532387415	0	0	0	0	0	3.4823791614430977e-4	0	0	0	0	0	0	7.172457762193178e-4	0	0	0	0	0	0	0	0	0	0	0	0	0	0	0	0	0	0	0	0	0	0	0	0	0	0	0	0	0	0	0
ASV_2104	0	0	0	0	0	0	0	0	0	0	0	0	0	0	0	0	0	0	6.491973559962229e-4	0	0	0	0	0	0	0	0	0	0	0	0	0	0	0	0	0	0	0	0	0	0	0	0	0	0	0	0	0	0	0	0
ASV_2105	0	0	0	0	0	0	4.3183220234423197e-4	0	0	0	0	0	0	0	0	0	0	0	6.846081208687441e-4	0	0	0	0	0	0	0	0	0	0	0	0	0	0	0	0	0	0	0	0	0	0	0	0	0	0	0	0	0	0	0	0
ASV_2106	0	0	0	0	0	0	0	0	0	0.008170411438576015	0	0	0	0	0	0	0.001690115110542664	0	0	0	0	0	0	0	0	0	0	0	0	0	0	0	0	0	0	0	0	0	0	0	0	0	0	0	0	0	0	0	0	0	0
ASV_2107	0	0	0	0	0	0	0	0	0	0	0	0.0019821605550049554	0	0	0	0	0	0	0	0	0	0	0	0	0	0	0	0	0	0	0	0	0	0	0	0	0	0	0	0	3.99015113913949e-4	0	0	0	0	0	2.1702398114991706e-4	0	0	0	0
ASV_2108	0	0	0	0	0	0	0	0	0	0	0	0	0	5.469063331753381e-4	0	0	0	0	0	0	0	0	0	0	0	0	0	0	0	0	0	0	0	0	0	0	0	0	0	0	0	0	0	0	0	5.955179438959411e-4	0	0	0	0.00233739837398374	0
ASV_2110	0	0	0	0	0	0	0	0	0	0	0	0	0	0	0	0	0	0	7.67233238904627e-4	0	0	0	0	0	0	0	0	0	0	0	0	0	0	0	0	0	0	0	0	0	0	0	0	0	0	0	0	0	0	0	0
ASV_2111	0	0	0	0	0	0	0	0	0	0	0	0	0	0	0	0	0	0	7.67233238904627e-4	0	0	0	0	0	0	0	0	0	0	0	0	0	0	0	0	0	0	0	0	0	0	0	0	0	0	0	0	0	0	0	0
ASV_2112	0	0	0	0	0	0	0	0	0	0	0	0	0	0	0	0	0	0	0	0	0	0	0	0	0	0.001639344262295082	0	0	0	0	0	0	0	0	0	0	0	0	0	0	0	0	0	0	0	0	0	0	0	0	0
ASV_2116	0	0	0	0	0	0	0	0	0	0	0	0	0	0	0	0	0	0	0	0	0	0	0	0	0	0	0	0	0	0	0	0	0	0	0	0	0	0	0	0	0	0	0	0	0	0.002037298229117693	0	0	0	0	0
ASV_2119	0	0	0	0	0	0	0	0	0	0	0	0	0	0	0	0	0	0	0	0	0	0	0	0	0	0	0	0	0	0	0	0	0	0	0	4.209344745334643e-4	0	0	0	0	0	0	3.512089693367554e-4	0	0	0	0	0	0	0	0
ASV_2121	0	0	0	0	0	0	0	0	0	0	0	0	0.0022287226633235825	0	0	0	0	0	0	0	0	0	0	0	0	0	0	0	0	0	0	0	0	0	0	0	0	0	0	0	0	0	0	0	0	0	0	0	0	0	0
ASV_2122	0	0	0	0	0	0	0	0	0	0	0	0	0	0	0	0	0	0	0	0	0	0	0	0	0	0	0	0	0	0	0	0	0	0	0	0	0	0	0	0	0	0	6.754018641091449e-5	0	0	0	0	0	0	0	0
ASV_2124	0	0	0	0	0	0	0	0	0	0	0	0	0	0	0	0	0	0	0	0	0	0	0	0	0.0012613067137554506	0	0	0	0	0	0	0	0	0	0	0	0	0	0	0	0	0	0	0	0	0	0	0	0	0	0
ASV_2126	0	0	0	0	0	0	0	0	0	0	0	0	0	0	0	0	0	0	0	0	0	0	0	0	0.0023063894194385384	0	0	0	0	0	0	0	0	0	0	0	0	0	0	0	0	0	0	0	0	0	0	0	0	0	0
ASV_2127	0	0	0	0	0	0	0	0	0	0	0	0	0	0	0	0	0	0	0	0	0	0	0	0	0.0023063894194385384	0	0	0	0	0	0	0	0	0	0	0	0	0	0	0	0	0	0	0	0	0	0	0	0	0	0
ASV_2128	0	0	0	0	0	0	0	0	0	0	0	0	0	0	0	0	0	0	0	0	0	0	0	0	0	0	0	0	0	0	0	0	0	9.564658586522798e-4	0	0	0	0	0	0	0	0	0	0	0	0	0	0	0	0	0
ASV_2131	0	0	0	0	0	0	0	0	0	0	0	0	0	0	0	0	0	0	0	0	0	0	0	0	0	0	0	0	0	0	0	0	0	0	0	0	0	0	0	0	0	0	0	0	0	0.0020059551794389596	0	0	0	0	0
ASV_2134	0	0	0	0	0	0	0	0	0	0	0	0	0	0	0	0	0	0	3.895184135977337e-4	0	0	0	0	0	0	0	0	0	0	0	0	0	0	0	0	0	0	0	0	0	0	0	0	0	0	0	0	0	0	0	0
ASV_2136	0	0	0	0	0	0	0	0	0	0	0	0	0	0	0	0	0	0	2.4787535410764874e-4	0	0	0	0	0	0	0	0	0	0	0	0	0	0	0	0	0	0	0	0	0	0	0	0	0	0	0	0	0	0	0	0
ASV_2137	0	0	0	0	0	0	0.0013571869216533004	0	0	0	0	0	0	0	0	0	0	0	1.2983947119924458e-4	0	0	0	0	0	0	0	0	0	0	0	0	0	0	0	0	0	0	0	0	0	0	0	0	0	0	0	0	0	0	0	0
ASV_2139	0	0	0	0	0	0	0	0	0	0	0	0	0	0	0	0	0	0	6.373937677053824e-4	0	0	0	0	0	0	0	0	0	0	0	0	0	0	0	0	0	0	0	0	0	0	0	0	0	0	0	0	0	0	0	0
ASV_2140	0	0	0	0	0	0	0	0	2.522767981028785e-4	0	0	0	0	0	0	0	0	0	0	0	0	0	0	0	0	0	0	0	0	0	0	0	0	0	0	0	0	0	0	0	0	0	0	0	0	0	0	0	0	0	0
ASV_2141	0	0	0	0	0	0	0	0	0	0	0	0	0	0	0	0	0	0	7.200188857412654e-4	0	0	0	0	0	0	0	0	0	0	0	0	0	0	0	0	0	0	0	0	0	0	0	0	0	0	0	0	0	0	0	0
ASV_2142	0	0	0	0	0	0	0	0	0	0	0	0	0	0	0	0	0	0	0	0	0	0	0	0	0.0013694187177916322	0	0	0	0	0	0	0	0	0	0	0	0	0	0	0	0	0	0	0	0	0	0	0	0	0	0
ASV_2149	0	0	0.003369931514295032	0	0	0	0	0	0	0	0	0	0	0	0	0	0	0	0	0	0	0	0	0	0	0	0	0	0	0	0	0	0	0	0	0	0	0	0	0	0	0	0	0	0	0	0	0	0	0	0
ASV_2150	0	0	0	0	0	0	0	0	0	0	0	0	0	0	0	0	0	0	0	0	0	0	0	0	0	0	0	0	0	0	0	0	0	0	0	0	0	0	0	3.3018089196009526e-4	0	0	0	0	0	0	0	0	0	0	0
ASV_2151	0	0	0	0	0	0	0	0	0	0	0	0	0	0	0	0	0	0	3.659112370160529e-4	0	0	0	0	0	0	0	0	0	0	0	0	0	0	0	0	0	0	0	0	0	0	0	0	0	0	0	0	0	0	0	0
ASV_2152	0	0	0	0	0	0	9.87045033929673e-4	0	0	0	0	0	0	0	0	0	0	0	1.8885741265344664e-4	0	0	0	0	0	0	0	0	0	0	0	0	0	0	0	0	0	0	0	0	0	0	0	0	0	2.7370389799968067e-4	0	0	0	0	0	0
ASV_2153	0	0	0	0	0	0	0.0024676125848241827	0	0	0	0	0	0	0	0	0	0	0	4.721435316336166e-5	0	0	0	0	0	0	0	0	0	0	0	0	0	0	0	0	0	0	0	0	0	0	0	0	0	0	0	0	0	0	0	0
ASV_2156	0	0	0	0	0	0	0	0	0	0	0	0	0	0	0	0	0	0	0	0	0	0	0	0	0.0010090453710043606	0	0	0	0	0	0	0	0	0	0	0	0	0	0	0	0	0	0	0	0	0	0	0	0	0	0
ASV_2161	0	0	0	0	0	0	0	0	0	0	0	0	0	0	0	0	0	0	0	0	0	0	0	0	0	0	0	0	0	0	0	0	0	0	0	0	0	0	0	0	1.9464151898241413e-4	0	0	0	0	0	4.650513881783937e-4	0	0	0	0
ASV_2164	0	0	0	0	0	0	0	0	0	0	0	0	0	0	0	0	0	0	3.068932955618508e-4	0	0	0	0	0	0	0	0	0	0	0	0	0	0	0	0	0	0	0	0	0	0	0	0	0	0	0	0	0	0	0	0
ASV_2165	0	0	0	0	0	0	0	0	0	0	0	0	0	0	0	0	0	0	4.83947119924457e-4	0	0	0	0	0	0	0	0	0	0	0	0	0	0	0	0	0	0	0	0	0	0	0	0	0	3.193212143329608e-4	0	0	0	0	0	0
ASV_2166	0	0	0	0	0	0	0.0012338062924120913	0	0	0	0	0	0	0	0	0	0	0	0	0	0	0	0	0	0	0	0	0	0	0	0	0	0	0	0	0	0	0	0	0	0	0	0	0	5.474077959993613e-4	0	0	0	0	0	0
ASV_2168	0	0	0	0	0	0	0	0	0	0	0	0	0	0	0	0	0	0	1.1803588290840416e-4	0	0	0	0	0	0	0	0	0	0	0	0	0	0	0	0	0	0	0	0	0	0	0	0	0	0	0	0	0	0	0	0
ASV_2171	0	0	0	0	0	0	0	0	0	0	0	0	0	0	0	0	0	0	0	0	0	0	0	0	0.0010090453710043606	0	0	0	0	0	0	0	0	0	0	0	0	0	0	0	0	0	0	0	0	0	0	0	0	0	0
ASV_2173	0	0	0	0	0	0	0	0	0	0	0	0	0	0	0	0	0	0	0	0	0	0	0	9.90484850453025e-4	0	0	0	0	0	0	0	0	0	0	0	0	0	0	0	0	0	0	0	0	0	0	0	0	0	0	0
ASV_2175	0	0	0	0	0	0	0	0	0	0	0	0	0	0	0	0	0	0	0	0	0	0	0	0	0.002198277415402357	0	0	0	0	0	0	0	0	0	0	0	0	0	0	0	0	0	0	0	0	0	0	0	0	0	0
ASV_2177	0	0	0	0	0	0	0	0	0	0	0	0	0	0	0	0	0	0	0	0	0	0	0	0	0	0	0	0	0	0	0	0	0	0	0	0	0	0	0	0	2.4330189872801767e-4	0	0	0	0	0	0	0	0	0	0
ASV_2182	0	0	0	0	0	0	0	0	0	0	0	0	0	0	0	0	0	0	5.547686496694995e-4	0	0	0	0	0	0	0	0	0	0	0	0	0	0	0	0	0	0	0	0	0	0	0	0	0	0	0	0	0	0	0	0
ASV_2183	0	0	0	0	0	0	0.003701418877236274	0	0	0	0	0	0	0	0	0	0	0	0	0	0	0	0	0	0	0	0	0	0	0	0	0	0	0	0	0	0	0	0	0	0	0	0	0	0	0	0	0	0	0	0
ASV_2184	0	0	0	0	0	0	4.3183220234423197e-4	0	0	0	0	0	0	0	0	0	0	0	6.25590179414542e-4	0	0	0	0	0	0	0	0	0	0	0	0	0	0	0	0	0	0	0	0	0	0	0	0	0	0	0	0	0	0	0	0
ASV_2186	0	0	0	0	0	0	0	0	4.288705567748934e-4	0	0	0	0	0	0	0	0	0	0	0	0	0	0	0	0	0	0	0	0	0	0	0	0	0	0	0	0	0	0	0	0	0.002011060834590246	0	0	0	0	0	0	0	0	0
ASV_2188	0	0	0	0	0	0	0	0	0	0	0	0	0	0	0	0	0	0	0	0	0	0	1.5555263063429578e-4	0	0	0	0	0	0	0	0	0	0	0	0	0	0	0	0	0	1.9464151898241413e-5	0	0	0	0	0	1.0851199057495853e-4	0	0	0	0
ASV_2189	0	0	0	0	0	0	0	0	0	0	0	0	3.8306170775874074e-4	0	0	0	0	0	0	0	0	0	0	0	0	0	0	0	0	0	0	0	0	0	0	0	0	0	0	0	0	0	0	0	0	0	0	0	0	0	0
ASV_2190	0	0	0	0	0	0	0	0	0	0	0	0	0	0	0	0	0	0	4.367327667610954e-4	0	0	0	0	0	0	0	0	0	0	0	0	0	0	0	0	0	0	0	0	0	0	0	0	0	0	0	0	0	0	0	0
ASV_2191	0	0	0	0	0	0	0	0	0	0	0	0	0	0	0	0	0	2.870744719025861e-4	0	0	0	0	0	0	0	0	0	0	0	0	0	0	0	0	0	0	0	0	0	0	0	0	0	0	0	0	0	0	0	0	0
ASV_2192	0	0	0	0	0	0	0	0	0	0	0	0	0	0.0017136398439493929	0	0	0	0	0	0	0	0	0	0	0	0	0	0	0	0	0	0	0	0	0	0	0	0	0	0	0	0	0	0	0	0	0	0	0	0	0
ASV_2193	0	0	0	0	0	0	0	0	0	0	0	0	0	0	0.0012093117000906983	0	0	0	0	0	0	0	0	0	0	0	0	0	0	0	0	0	0	0	0	0	0	0	0	0	0	0	0	0	0	0	0	0	0	0	0
ASV_2194	0	0	0	0	0	0	0	0	0	0	0	0	0	0	0	0	0	0	7.08215297450425e-4	0	0	0	0	0	0	0	0	0	0	0	0	0	0	0	0	0	0	0	0	0	0	0	0	0	0	0	0	0	0	0	0
ASV_2195	0	0	0	0	0	0	0	0	0	0	0	0	0	0	0	0	0	0	5.901794145420208e-5	0	0	0	0	0	0	0	0	0	0	0	0	0	0	0	0	0	0	0	0	0	0	0	0	0	0	0	0	0	0	0	0
ASV_2198	0	0	0	0	0	0	0	0	0	0	0	0	0	0	0	0	0	0	0	0	0	0	0	0	0	2.269861286254729e-4	0	0	0	0	0	0	0	7.621837311135355e-4	0	0	0	0	0	0	0	0	0	0	0	0	0	0	0	0	0
ASV_2199	0	0	0	0	0	0	0	0	0	0	0	0	0	0	0	0	0	0	0	0	0	0	0	0	0	0	0	0	0	0	0	0	0	0	0	0	0	0	0	0	5.839245569472424e-4	0	0	0	0	0	0	0	0	0	0
ASV_2202	0	0	0	0	0	0	4.935225169648365e-4	0	0	0	0	0	0	4.0106464432858134e-4	0	0	0	0	0	0	0	0	0	0	0	0	0	0	0	0	0	0	0	0	0	0	0	0	0	0	0	0	0	0	0	0	0	0	0	0	0
ASV_2204	0	0	8.696597456245244e-4	0	0	0	0	0	0	0	0	0	0	0	0	0	0	0	0	0	0	0	0	0	0	0	0	0	1.1806840096028966e-4	0	0	0	0	4.4834337124325616e-4	0	0	0	0	0	0	0	0	0	0	0	0	0	0	0	0	0
ASV_2206	0	0	0	0	0	0	8.636644046884639e-4	0	0	0	0	0	0	0	0	0	0	0	4.2492917847025496e-4	0	0	0	0	0	0	0	0	0	0	0	0	0	0	0	0	0	0	0	0	0	0	0	0	0	0	0	0	0	0	0	0
ASV_2209	0	0	0	0	0	0	0	0	0	0	0	0	0	0	0	0	0	0	6.25590179414542e-4	0	0	0	0	0	0	0	0	0	0	0	0	0	0	0	0	0	0	0	0	0	0	0	0	0	0	0	0	0	0	0	0
ASV_2210	0	0	0	0	0	0	0	0	0	0	0	0	0	0	0	0	0	0	0	0	0	0	0	0	0.0015856427258639952	0	0	0	0	0	0	0	0	0	0	0	0	0	0	0	0	0	0	0	0	0	0	0	0	0	0
ASV_2212	0	0	0	0	0	0	0	0	0	0	0	0	0	0	0	0	0	0	0	0	0	0	0	4.384113272496996e-4	0	0	0	0	0	0	0	0	0	0	0	0	0	0	0	0	0	0	0	0	0	0	0	0	0	0	0
ASV_2213	0	0	0	0	0	0	0	0	0	0	0	0	0	0	0	0	0	0	0	0	0	0	0	0	0.0021262027460449027	0	0	0	0	0	0	0	0	0	0	0	0	0	0	0	0	0	0	0	0	0	0	0	0	0	0
ASV_2214	0	0	0	0	0	0	0	0	0	0	0	0	0	0	0	0	0	0	0	0	0	0	0	0	0.0021262027460449027	0	0	0	0	0	0	0	0	0	0	0	0	0	0	0	0	0	0	0	0	0	0	0	0	0	0
ASV_2216	0	0	0	0	0	0	0	0	0	0	0	0	0	0	0	0	0	0	0	0	0	0	0	0	0	0	0	0	0	0	0	0	0	0	0	0	0	0	0	0	0	0	0	0	0	0	0	0	9.036076535568257e-5	0	0
ASV_2218	0	0	0	0	0	0	0	0	0	0	0	0	0	0	0	0	0	0	0	0	0	0	0	0	0	0	0	0	0	0	0	0	0	0	0	0	0	0	0	0	0	0	0	0	0	0.0018492399310452907	0	0	0	0	0
ASV_2220	0.0056634304207119745	0	0	0	0	0	0	0	0	0	0	0	0	0	0	0	0	0	0	0	0	0	0	0	0	0	0	0	0	0	0	0	0	0	0	0	0	0	0	0	0	0	0	0	0	0	0	0	0	0	0
ASV_2224	0	0	0	0	0	0	0	0	0	0	0	0	0	0	0	0	0	0	0	0	0	0	0	0	0	0	0	0	0	0	0	0	0	0	0	0	0	0	0	0	0	0	0	0	1.1404329083320029e-4	0	0	0	0	0	0
ASV_2225	0	0	0	0	0	0	0	0	0	0	0	0	0	0	0	0	0	6.937633070979163e-4	0	0	0	0	0	0	0	0	0	0	0	0	0	0	0	0	0	0	0	0	0	0	0	0	0	0	0	0	0	0	4.743940181173335e-4	0	0
ASV_2226	0	0	0.003152516577888901	0	0	0	0	0	0	0	0	0	0	0	0	0	0	0	0	0	0	0	0	0	0	0	0	0	0	0	0	0	0	0	0	0	0	0	0	0	0	0	0	0	0	0	0	0	0	0	0
ASV_2227	0	0	0.003152516577888901	0	0	0	0	0	0	0	0	0	0	0	0	0	0	0	0	0	0	0	0	0	0	0	0	0	0	0	0	0	0	0	0	0	0	0	0	0	0	0	0	0	0	0	0	0	0	0	0
ASV_2230	0	0	0	0	0	0	0	0	0	0	0	0	0	0	0	0	0	0	4.013220018885741e-4	0	0	0	0	0	0	0	0	0	0	0	0	0	0	0	0	0	0	0	0	0	0	0	0	0	0	0	0	0	0	0	0
ASV_2233	0	0	0	0	0	0	0	0	0	0	0	0	0.0011143613316617913	0	2.2170714501662804e-4	0	0	0	0	0	0	0	0	0	0	0	0	0	0	0	0	0	0	0	0	0	0	0	0	0	0	0	0	0	0	0	0	0	0	0	0
ASV_2235	0	0	0	0	0	0	0	0	0	0	0	0	0	0	0	0	0	0	0	0	0	0	0	0	9.730080363256334e-4	0	0	0	0	0	0	0	0	0	0	0	0	0	0	0	0	0	0	0	0	0	0	0	0	0	0
ASV_2236	0	0	0	0	0	0	0	0	0	0	0	0	0	0	0	0	0	0	0	0	0	0	0	0	0.0011892320443979963	0	0	0	0	0	0	0	0	0	0	0	0	0	0	0	0	0	0	0	0	0	0	0	0	0	0
ASV_2240	0	0	0	0	0	0	0	0	0	0	0	0	0	0	0	0	0	0	0	0	0	0	0	0	0	0	0	0	0	0	0	0	0	0	0	0	0.0042643923240938165	0	0	0	0	0	0	0	0	0	0	0	0	0	0
ASV_2241	0	9.80632507967639e-4	0	0	0	0	0	0	0	0	0	0	0	0	0	0	0	0	0	0	0	0	0	0	0	0	6.385084442741755e-5	0	0	0	0	0	0	0	0	0	0	0	0	0	0	0	0	0	0	0	0	0	0	0	0
ASV_2245	0	0	0	0	0	0	0	0	0	0	0	0	0.0019849561220225656	0	0	0	0	0	0	0	0	0	0	0	0	0	0	0	0	0	0	0	0	0	0	0	0	0	0	0	0	0	0	0	0	0	0	0	0	0	0
ASV_2248	0	0	0	0	0	0	0	0	0	0	0	0	0	0	0	0	0	0	0	0	0	0	0	0	0	0	0	0	0	0	0	0	0	0	0	0	0	0	0	0	0	0	0	0	0	6.268609935746748e-4	0	0	0	0	0
ASV_2249	0	0	0	0	0	0	0	0	0	0	0	0	0	0	0	0	0	0	0	0.0027892891297417914	0	0	0	0	0	0	0	0	0	0	0	0	0	0	0	0	0	0	0	0	0	0	0	0	0	0	0	0	0	0	0
ASV_2250	0	0	0	0	0	0	0	0	0	0	0	0	0	0	0	0	0	0	0	0	0	0	0	0	0	0	0	0	0	0	0	0	0	0	0	0	0	0	0	0	0	0	0	0	0	0	0	0	0	0.002540650406504065	0
ASV_2253	0	0	0	0	0	0	0	0	0	0	0	0	0	0	0	0	0	0	0	0	0	0	0	0	0	0.001437578814627995	0	0	0	0	0	0	0	0	0	0	0	0	0	0	0	0	0	0	0	0	0	0	0	0	0
ASV_2254	0	0	0	0	0	0	0	0	0	0	0	0	0	0	0	0	0	0	0	0	0	0	0	0	0	0.001437578814627995	0	0	0	0	0	0	0	0	0	0	0	0	0	0	0	0	0	0	0	0	0	0	0	0	0
ASV_2257	0	0	0	0	0	0	0	0	0	0	0	0	0	0	0	0	0	0	0	0	0	0	0	0	0	0	0	3.091190108191654e-4	0	0	0	0	0	0	0	0	0	0	0	0	0	0	0	0	0	0	0	0	0	0	0
ASV_2259	0	0	0	0	0	0	0	0	0	0	0	0	0	0	0	0	0	0	0	0	0	0	0	0	0	0	0	0	0	0	0	0	0	0	0	0	0	0	0	0	2.4330189872801767e-4	0	0	0	0	0	0	0	0	0	0
ASV_2263	0	0	0	0	0	0	0	0	0	0	0	0	0	0	0	0	0	0	0	0	0	0	0	0	0	0	0	0	0	0	0	0	0	0	0	0	0	0	0	0	0	0	0	0	0	0	8.83597637538948e-4	0	0	0	0
ASV_2265	0	0.011032115714635941	0	0	0	0	0	0	0	0	0	0	0	0	0	0	0	0	0	0	0	0	0	0	0	0	0	0	0	0	0	0	0	0	0	0	0	0	0	0	0	0	0	0	0	0	0	0	0	0	0
ASV_2266	9.439050701186624e-4	0	0	0	0	0	0	0	0	0	0	0	0	0	0	0	0	0	0	0	0	0	0	0	0	0	0	0	0	0	0	0	0	0	0	0	0	0	0	0	0	0	0	0	0	0	0	0	0	0	0
ASV_2269	0	0	0	0.002737449283863714	0	0	0	0	0	0	0	0	0	0	0	0	0	0	0	0	0	0	0	0	0	0	0	0	0	0	0	0	0	0	0	0	0	0	0	0	0	0	0	0	0	0	0	0	0	0	0
ASV_2270	0	0	0	0	0	0	0	0	0	0	0	0	0	0	0	0	0	0	0	0	0	0	0	0	0	0	6.065830220604668e-4	0	0	0	0	0	0	0	0	0	0	0	0	0	0	0	0	0	0	0	0	0	0	0	0
ASV_2275	0	0	0	0	0	0	0	0	0	0	0	0	0	0.0020417836438545956	0	0	0	0	0	0	0	0	0	0	0	0	0	0	0	0	0	0	0	0	0	0	0	0	0	0	0	0	0	0	0	0	0	0	0	0	0
ASV_2276	0	0	0	0	0	0	0	0	0	0	0	0	0	0.0010208918219272978	0	0	0	0	0	0	0	0	0	0	0	0	0	0	0	0	0	0	0	0	0	0	0	0	0	0	0	0	0	0	0	0	0	0	0	0	0
ASV_2277	0	0	0	0	0	0	0	0	0	0	0	0	0	0	0.0011286909200846518	0	0	0	0	0	0	0	0	0	0	0	0	0	0	0	0	0	0	0	0	0	0	0	0	0	0	0	0	0	0	0	0	0	0	0	0
ASV_2278	0	0	0	0	0	0	0	0	0	0	0	0	0	0	0	0	0	0.001052606396976149	0	0	0	0	0	0	0	0	0	0	0	0	0	0	0	0	0	0	0	0.0014910536779324055	0	0	0	0	0	0	0	0	0	0	0	0	0
ASV_2283	0	0	0	0	0	0	0	0	0	0	0	0	0	0	0	0	0	0	0	0	0	0	0	0	0	0	0	0	0	0	0.0036075500869677253	0	0	0	0	0	0	0	0	0	0	0	0	0	0	0	0	0	0	0	0
ASV_2284	0.0028317152103559872	0	0	0	0	0	0	0	0	0	0	0	0	0	0	0	0	0	0	0	0	0	0	0	0	0	0	0	0	0	0	0	0	0	0	0	0	0	0	0	0	0	0	0	0	0	0	0	0	0	0
ASV_2287	0	0	0	0	0	0	0	0	0	0	0	0	0	0	0	0	0	0	6.25590179414542e-4	0	0	0	0	0	0	0	0	0	0	0	0	0	0	0	0	0	0	0	0	0	0	0	0	0	0	0	0	0	0	0	0
ASV_2291	0	0	0	0	0	0	0	0	0	0	0	0	0	0	0	0	0	0	1.1803588290840416e-4	0	0	0	0	0	0	0	0	0	0	0	0	0	0	0	0	0	0	0	0	0	0	0	0	0	6.386424286659216e-4	0	0	0	0	0	0
ASV_2292	0	0	0	0	0	0	0	0	0.0013875223895658316	0	0	0	0	0	0	0	0	0	0	0	0	0	0	0	0	0	0	0	0	0	0	0	0	0	0	0	0	0	0	0	0	0	0	0	0	0	0	0	0	0	0
ASV_2295	0	0	0	0	0	0	0	0	0	0	0	0	0	0	0	0	0	0	0	0	0	0	0	0	0.0011531947097192692	0	0	0	0	0	0	0	0	0	0	0	0	0	0	0	0	0	0	0	0	0	0	0	0	0	0
ASV_2297	0	0	0	0	0	0	0	0	0	0	0	0	0	0	0	0	0	0	6.491973559962229e-4	0	0	0	0	0	0	0	0	0	0	0	0	0	0	0	0	0	0	0	0	0	0	0	0	0	0	0	0	0	0	0	0
ASV_2298	0	0	0	0	0	0	0	0	0	0	0	0	0	0	0	0	0	0	0	0	0	0	0	0	0	0	0	0	0	0	0	0	0	0	0	0	0	0	0	0	0	0	0	0	0	0	0	0	0	0.0013211382113821138	0
ASV_2300	0	0	0	0	0	0	0	0	0	0	0	0	0	0	0	0	0	0	0	0	0	0	0	8.930601110642029e-4	0	0	0	0	0	0	0	0	0	0	0	0	0	0	0	0	0	0	0	0	0	0	0	0	0	0	0
ASV_2307	0	0	0	0	0	0	0	0	0	0	0	0	0	0	0	0	0	0	1.8885741265344664e-4	0	0	0	0	0	0	0	0	0	0	0	0	0	0	0	0	0	0	0	0	0	0	0	0	0	0	0	0	0	0	0	0
ASV_2308	0	0	0	0	0	0	0	0	0	0	0	0	0	0	0	0	0	0	2.3607176581680832e-4	0	0	0	0	0	0	0	0	0	0	0	0	0	0	0	0	0	0	0	0	0	0	0	0	0	0	0	0	0	0	0	0
ASV_2309	0	0	0	0	0	0	0	0	0	0	0	0	4.178854993731718e-4	0	0	0	0	0	0	0	0	0	0	0	0	0	0	0	0	0	0	0	0	0	0	0	0	0	0	0	0	0	0	0	0	0	0	0	0	0	0
ASV_2310	0	0	0	0	0	0	0	0	0	0	0	0	0	6.927480220220951e-4	0	0	0	0	0	0	0	0	0	0	0	0	0	0	0	0	0	0	0	0	0	0	0	0	0	0	0	0	0	0	0	0	0	0	0	0	0
ASV_2311	0	0	0	0	0	0	0	0	0	0	0	0	0	0	0	0	0	0.0012918351235616373	0	0	0	0	0	0	0	0	0	0	0	0	0	0	0	0	0	0	0	0	0	0	0	0	0	0	0	0	0	0	0	0	0
ASV_2315	0	0	0	0	0	0	0	0	0	0	0	0	0	0	0	0	0	0	0	0	0	0	0	0	0	0	0	0	0	0	0	0	0	0	0	0	0	0	0	0	0	0	0	0	0	0	5.270582399355129e-4	0	0	0	0
ASV_2316	0	0	0	0	0	0	0	0	0	0	0	0	0	0	0	0	0	0	0	0	0	0	0	0	0.0019460160726512668	0	0	0	0	0	0	0	0	0	0	0	0	0	0	0	0	0	0	0	0	0	0	0	0	0	0
ASV_2323	0	0	0	0	0	0	0	0	0	0	0	0	0	0	0	0	0	0	0	0	0	0	0	0	0	0	0	0	0	0	0	0	0	0	0	0	0	0	0	0	0	0	7.294340132378766e-4	0	0	0	0	0	0	0	0
ASV_2324	0	0	0	0	0	0	0	0	0	0	0	0	0	0	0	0	0	0	0	0	0	0	0	0	0	0	0	0	0	0	0	0	0	0	0	0	0	0	0	0	0	0	0	0	0	0	8.370924987211087e-4	0	0	0	0
ASV_2330	0	0	0	0	0	0	0	0	0	0	0	0	0	0	0	0	0	0	0	0	0	0	0	0	0	0	0.001277016888548351	0	0	0	0	0	0	0	0	0	0	0	0	0	0	0	0	0	0	0	0	0	0	0	0
ASV_2331	0	0	0	0	0	0	3.0845157310302283e-4	0	0	0	0	0	0	0	0	0	0	0	1.4164305949008498e-4	0	0	0	0	0	0	0	0	0	0	0	0	0	0	0	0	0	0	0	0	0	0	0	0	0	0	0	0	0	0	0	0
ASV_2332	0	0	0	0	0	0	0	0	0	0	0	0	0	0	0	0	0	0	0	0	0	0	1.3162145669055796e-4	0	0	0	0	0	0	0	0	0	0	0	0	0	0	0	0	0	0	0	0	0	0	0	0	0	0	0	0
ASV_2335	0	0	0	0	0	0	0	0	0	0	0	0	0	0.0010573522441389871	0	0	0	0	0	0	0	0	0	0	0	0	0	0	0	0	0	0	0	0	0	0	0	0	0	0	0	0	0	0	0	0	0	0	0	0	0
ASV_2336	0	0	0	0	0	0	0	0	0	0	0	0	0	0	0	0	0	0	0	0	0	0	0	0	0.0019099787379725395	0	0	0	0	0	0	0	0	0	0	0	0	0	0	0	0	0	0	0	0	0	0	0	0	0	0
ASV_2337	0	0	0	0	0	0	0	0	0	0	0	0	0	0	0	0	0	0	0	0	0	0	0	0	0	0	0	0	0	0	0	0	0	0	0	0	0	0	0	0	0	0	0	0	0	1.2537219871493497e-4	0	0	0	0	0
ASV_2340	0	0	0	0	0	0	0	0	0	0	0	0	0	0	0	0	0	0	0	0	0	0	0	0	0	0	0	0	0	0	0	0.009833585476550681	0	0	0	0	0	0	0	0	0	0	0	0	0	0	0	0	0	0	0
ASV_2345	0	0	0	0	0	0	0.0015422578655151142	0	0	0	0	0	0	0	0	0	0	0	3.186968838526912e-4	0	0	0	0	0	0	0	0	0	0	0	0	0	0	0	0	0	0	0	0	0	0	0	0	0	0	0	0	0	0	0	0
ASV_2346	0	0	0	0	0	0	4.935225169648365e-4	0	0	0	0	0	0	0	0	0	0	0	5.193578847969783e-4	0	0	0	0	0	0	0	0	0	0	0	0	0	0	0	0	0	0	0	0	0	0	0	0	0	0	0	0	0	0	0	0
ASV_2347	0	0	0	0	0	0	0	0	0	0	0	0	0	0	0	0	0	0	0	0	0	0	0	0	0	0	0	0	3.5420520288086897e-4	0	0	0	0	0	0	0	0	0	0	0	0	0	0	0	0	0	0	0	0	0	0
ASV_2348	0	0	0	0	0	0	0	0	1.0091071924115139e-4	0	0	0	0	0	0	0	0	0	0	0	0	0	0	0	0	3.5308953341740227e-4	0	0	0	0	0	0	0	0	0	0	0	0	0	0	0	0	0	0	0	0	0	0	0	0	0
ASV_2350	0	0	0	0	0	0	0	0	0	0	0	0	0	0.0013125751996208117	0	0	0	0	0	0	0	0	0	0	0	0	0	0	0	0	0	0	0	0	0	0	0	0	0	0	0	0	0	0	0	0	0	0	0	0	0
ASV_2351	0	0	0	0	0	0	0	0	0	0	0	0	0	0	0	0	0.0023752969121140144	0	0	0	0	0	0	0	0	0	0	0	0	0	0	0	0	0	0	0	0	0	0	0	0	0	0	0	0	0	0	0	0	0	0
ASV_2352	0	0	0	0	0	0	0	0	0	0	0	0	0	0	0	0	7.76539375114197e-4	0	0	0	0	0	0	0	0	0	0	0	0	0	0	0	0	0	0	0	0	0	0	8.254522299002382e-4	0	0	0	0	0	0	0	0	0	0	0
ASV_2356	0	0	0	0	0	0	0	0	0	0	0	0	0	0	0	0	0	0	0	0	0	0	0	0	0	0	0	0	0	0	0	0	0	0	0	0	0	0	0	0	0	0	0	0	0	0	4.340479622998341e-4	0	0	0	0
ASV_2357	0	0	0	0	0	0	0	0	0	0	0	0	0	0	0	0	0	0	0	0	0	0	0	0	0.0018739414032938125	0	0	0	0	0	0	0	0	0	0	0	0	0	0	0	0	0	0	0	0	0	0	0	0	0	0
ASV_2358	0	0	0	0	0	0	0	0	0	0	0	0	0	0	0	0	0	0	0	0	0	0	0	0	0	0	0	0	0	0.001799681594794767	0	0	0	0	0	0	0	0	0	0	0	0	0	0	0	0	0	0	0	0	0
ASV_2359	0	0	0	0	0	0	0	0	0	0	0	0	0	0	0	0	0	0	0	0	0	0	0	0	0	0	0	0	0	0	0	0	0	0	4.7665283784976606e-4	0	0	0	0	0	0	0	0	0	0	0	0	0	0	0	0
ASV_2360	0	0	0	0	0	0	0	0	0	0	0	0	0	0	0	0	0	0	0	0	0	0	0	0	0	0	0	0	0	0	0	0	0	0	0	0.002432065852860016	0	0	0	0	0	0	0	0	0	0	0	0	0	0	0
ASV_2361	0	0	0	0	0	0	0	0	0	0	0	0	0	0	0	0	0	0	0	0	0	0	0	0	0	0	0	0	0	0	0	0	0	0	0	0	0	0	0	0	5.060679493542767e-4	0	0	0	0	0	0	0	0	0	0
ASV_2365	0	0	0	0.0024930341692330255	0	0	0	0	0	0	0	0	0	0	0	0	0	0	0	0	0	0	0	0	0	0	0	0	0	0	0	0	0	0	0	0	0	0	0	0	0	0	0	0	0	0	0	0	0	0	0
ASV_2366	0	0	0	0	0.0017039190137315826	0	0	0	0	0	0	0	0	0	0	0	0	0	0	0	0	0	0	0	0	0	0	0	0	0	0	0	0	0	0	0	0	0	0	0	0	0	0	0	0	0	0	0	0	0	0
ASV_2368	0	0	0	0	0	0	0	0	0	0	0	0	0	0	0	0	0	0	0	0	0	0	0	0	0	0	0	0	0	0	0	0	0	0	0	0	0	0	0	0	0	0	0	0	2.2808658166640058e-4	0	0	0	0	0	0
ASV_2369	0	0	0	0	0	0	4.935225169648365e-4	0	0	0	0	0	0	0	0	0	0	0	0	0	0	0	0	0	0	0	0	0	0	0	0	0	0	0	0	0	0	0	0	0	0	0	0	0	0	0	0	0	0	0	0
ASV_2370	0	0	0	0	0	0	0	0	0	0	0	0	0	0	0	0	0	0	0	0	0	0	0	0	0	0	0	0	0	0	0	0	0	7.472389520720936e-5	0	0	0	0	0	0	0	0	0	0	0	0	0	0	0	0	0
ASV_2371	0	0	0	0	0	0	0	0	0.0012866116703246803	0	0	0	0	0	0	0	0	0	0	0	0	0	0	0	0	0	0	0	0	0	0	0	0	0	0	0	0	0	0	0	0	0	0	0	0	0	0	0	0	0	0
ASV_2373	0	0	0	0	0	0	0	0	0	0	0	0	0	0	0	0	0	3.109973445611349e-4	0	0	0	0	0	0	0	0	0	0	0	0	0	0	0	0	0	0	0	0.0016153081510934394	0	0	0	0	0	0	0	0	0	0	0	0	0
ASV_2374	0	0	0	0	0	0	0	0	0	0	0	0	0	9.479709775039195e-4	0	0	0	0	0	0	0	0	0	0	0	0	0	0	0	0	0	0	0	0	0	0	0	0	0	0	0	0	0	0	0	0	0	0	0	0	0
ASV_2375	0	0	0	0	0	0	0	0	0	0	0	0	0	0	0.0010279149450770936	0	0	0	0	0	0	0	0	0	0	0	0	0	0	0	0	0	0	0	0	0	0	0	0	0	0	0	0	0	0	0	0	0	0	0	0
ASV_2376	0	0	0	0	0	0	0	0	0	0	0	0	0	0	0	0	0.002329618125342591	0	0	0	0	0	0	0	0	0	0	0	0	0	0	0	0	0	0	0	0	0	0	0	0	0	0	0	0	0	0	0	0	0	0
ASV_2383	0	0.012257906349595489	0	0	0	0	0	0	0	0	0	0	0	0	0	0	0	0	0	0	0	0	0	0	0	0	0	0	0	0	0	0	0	0	0	0	0	0	0	0	0	0	0	0	0	0	0	0	0	0	0
ASV_2385	0	0	0	0	0	0	0	0	0	0	0	0	0	2.5522295548182446e-4	0	0	0	0	0	0	0	0	0	0	0	0	0	0	0	0	0	0	0	0	0	0	0	0	0	0	0	0	0	0	0	0	0	0	0	0	0
ASV_2386	0	0	0	0	0	0	0.002282541640962369	0	0	0	0	0	0	0	0	0	0	0	0	0	0	0	0	0	0	0	0	0	0	0	0	0	0	0	0	0	0	0	0	0	0	0	0	0	0	0	0	0	0	0	0
ASV_2388	0	0	0	0.0017109058024148214	0	0	0	0	0	0	0	0	0	0	0	0	0	0	0	0	0	0	0	0	0	0	0	0	0	0	0	0	0	0	0	0	0	0	0	0	0	0	0	0	0	0	0	0	0	2.032520325203252e-4	0
ASV_2393	0	0	0	0	0	0	0	0	0	0	0	0	5.223568742164647e-4	0	0	0	0	0	0	0	0	0	0	0	0	0	0	0	0	0	0	0	0	0	0	0	0	0	0	0	0	0	0	0	0	0	0	0	0	0	0
ASV_2395	0	0	0	0	0	0	0	0	0	0	0	0	0	0	0.001007759750075582	0	0	0	0	0	0	0	0	0	0	0	0	0	0	0	0	0	0	0	0	0	0	0	0	0	0	0	0	0	0	0	0	0	0	0	0
ASV_2396	0	0	0	0	0	0	0	0	0	0	0	0	0	0	0	0	0	0	5.901794145420207e-4	0	0	0	0	0	0	0	0	0	0	0	0	0	0	0	0	0	0	0	0	0	0	0	0	0	0	0	0	0	0	0	0
ASV_2397	0	0	0	0	0	0	0	0	0	0	0	0	0	0	0	0	0	0	5.901794145420207e-4	0	0	0	0	0	0	0	0	0	0	0	0	0	0	0	0	0	0	0	0	0	0	0	0	0	0	0	0	0	0	0	0
ASV_2399	0	0	0	0	0	0	0	0	0	0	0	0	0	0	0	0	0	0	0	0	0	0	0	0	0.0018018667339363581	0	0	0	0	0	0	0	0	0	0	0	0	0	0	0	0	0	0	0	0	0	0	0	0	0	0
ASV_2406	0	0	0	0	0	0	0	0	0	0	0	0	0	0	0	0	0	0	1.7705382436260624e-4	0	0	0	0	0	0	0	0	0	0	0	0	0	0	0	0	0	0	0	0	0	0	0	0	0	0	0	0	0	0	0	0
ASV_2411	0	0	0	0	0	0	0	0	1.7659375867201492e-4	0	0	0	0	0	0	0	0	0	0	0	0	0	0	0	0	0	0	0	0	0	0	0	0	0	0	0	0	0	0	0	0	0	0	0	0	0	0	0	0	0	0
ASV_2413	0	0	0	0	0	0.0016412111468381565	0	0	0	0	0	0	0	0	0	0	0	0	0	0	0	0	0	0	0	0	0	0	0	0	0	0	0	0	0	0	0	0	0	0	0	0	0	0	0	0	0	0	0	0	0
ASV_2415	0	0	0	0	0	0	0	0	0	0	0	0	0	0	0	0	0	0	8.262511803588291e-5	0	0	0	0	0	0	0	0	0	0	0	0	0	0	0	0	0	0	0	0	0	0	0	0	0	0	0	0	0	0	0	0
ASV_2416	0	0	0	0	0	0	0	0	0	0	0	0	0	0	0	0	0	0	7.082152974504249e-5	0	0	0	0	0	0	0	0	0	0	0	0	0	0	0	0	0	0	0	0	0	0	0	0	0	0	0	0	0	0	0	0
ASV_2417	0	0	0	0	0	0	0	0	0.0012361563107041046	0	0	0	0	0	0	0	0	0	0	0	0	0	0	0	0	0	0	0	0	0	0	0	0	0	0	0	0	0	0	0	0	0	0	0	0	0	0	0	0	0	0
ASV_2418	0	0	0	0	0	0	0	0	0.0012361563107041046	0	0	0	0	0	0	0	0	0	0	0	0	0	0	0	0	0	0	0	0	0	0	0	0	0	0	0	0	0	0	0	0	0	0	0	0	0	0	0	0	0	0
ASV_2419	0	0	0	0	0	0	0	0	1.0091071924115139e-4	0	0	0	0	0	0	0	0	0	0	0	0	0	0	0	0	0	0	0	0	0	0	0	0	0	0	0	0	0	0	0	0	0	0	0	0	0	2.3252569408919684e-4	0	0	0	0
ASV_2420	0	0	0	0	0	0	0	0	0	0	0	0	0	0	0	0	0	0	0	0	0	0	0	0	0	0	0	0	0	0	0	0	0	0	0	0	0	0	0	1.4150609655432656e-4	0	0	0	0	0	0	0	0	0	0	0
ASV_2421	0	0	0	0	0	0	0	0	0	0	0	0	0	0	0	0	0	0	0	0	0	0	0	0	0	0	0	0	0	6.92185228767218e-5	0	0	0	0	0	0	0	0	0	0	0	0	2.1612859651492638e-4	0	0	0	0	0	0	0	0
ASV_2422	0	0	0	0	0	0	0	0	0	0	0	0	0	0	0	0	0.0017814726840855108	0	0	0	0	0	0	0	0	0	0	0	0	0	0	0	0	0	0	0	0	0	0	0	0	0	0	0	0	0	1.550171293927979e-4	0	0	0	0
ASV_2425	0	0	0	0	0	0	0	0	0	0	0	0	0	0	0	0	0	0	0	0	0	0	0	0	1.0811200403618149e-4	0	0	0	0	0	0	0	0	0	0	0	0	0	0	0	0	0	0	0	0	0	0	0	0	0	0
ASV_2427	0	0	0	0	0	0	0	0	0	0	0	0	0	0	0	0	0	0	0	0	0	0	0	0	0.0012252693790767235	0	0	0	0	0	0	0	0	0	0	0	0	0	0	0	0	0	0	0	0	0	0	0	0	0	0
ASV_2431	0	0	0	0	0	0	0	0	0	0	0	0	0	0	0	0	0	0	0	0	0	0	0	0	0.0017658293992576309	0	0	0	0	0	0	0	0	0	0	0	0	0	0	0	0	0	0	0	0	0	0	0	0	0	0
ASV_2432	0	0	0	0	0	0	0	0	0	0	0	0	0	0	0	0	0	0	0	0	0	0	0	0	0.0017658293992576309	0	0	0	0	0	0	0	0	0	0	0	0	0	0	0	0	0	0	0	0	0	0	0	0	0	0
ASV_2434	0	0	0	0	0	0	0	0	0	0	0	0	0	0	0	0	0	0	0	0	0	0	0	0	0	0	0	0	0	0	0	0	0.001200156755168022	0	0	0	0	0	0	0	0	0	0	0	0	0	0	0	0	0	0
ASV_2435	0	0	0	0	0	0	0	0	0	0	0	0	0	0	0	0	0	0	0	0	0	0	0	0	0	0	0	0	0	0	0	0	0	0	0	0	0	0	0	0.0011556331218603336	0	0	0	0	0	0	0	0	0	0	0
ASV_2439	0	0	0	0	0	0	0	0	0	0	0	0	0	0	0	0	0	0	0	0	0	0	0	0	0	0	0	0	0	0	0	0	0	0	0	0	0	0	0	0	0	0	0	0	0	0	0	0	0	0	7.334474251550242e-4
ASV_2441	0	0.01176759009561167	0	0	0	0	0	0	0	0	0	0	0	0	0	0	0	0	0	0	0	0	0	0	0	0	0	0	0	0	0	0	0	0	0	0	0	0	0	0	0	0	0	0	0	0	0	0	0	0	0
ASV_2442	0	0.003922530031870556	0	0	0	0	0	0	0	0	0	0	0	0	0	0	0	0	0	0	0	0	0	0	0	0	0	0	0	0	0	0	0	0	0	0	0	0	0	0	0	0	0	0	0	0	0	0	0	0	0
ASV_2443	0	0.001225790634959549	0	0	0	0	0	0	0	0	0	0	0	0	0	0	0	0	0	0	0	0	0	0	0	0	0	0	0	0	0	0	0	0	0	0	0	0	0	0	0	0	0	0	0	0	0	0	0	0	0
ASV_2450	0	0	0	0	0	0	0	0	0	0	0	0	0	0	0	0	0	0	2.4787535410764874e-4	0	0	0	0	0	0	0	0	0	0	0	0	0	0	0	0	0	0	0	0	0	0	0	0	0	0	0	0	0	0	0	0
ASV_2451	0	0	0	0	0	0	0	0	0	0	0	0	0	0	0	0	0	0	3.895184135977337e-4	0	0	0	0	0	0	0	0	0	0	0	0	0	0	0	0	0	0	0	0	0	0	0	0	0	0	0	0	0	0	0	0
ASV_2452	0	0	0	0	0	0	0	0	0	0	0	0	0	0	0	0	0	0	3.659112370160529e-4	0	0	0	0	0	0	0	0	0	0	0	0	0	0	0	0	0	0	0	0	0	0	0	0	0	0	0	0	0	0	0	0
ASV_2453	0	0	0	0	0	0	0	0	0	0	0	0	0	0	0	0	0	0	0	0	0	0	0	0	0	0	0	0	5.116297374945885e-4	0	0	0	0	0	0	0	0	0	0	0	0	0	0	0	0	0	0	0	0	0	0
ASV_2454	0	0	0	0	0	0	0	0	0	0	0	0	0	0.0011302730885623656	0	0	0	0	0	0	0	0	0	0	0	0	0	0	0	0	0	0	0	0	0	0	0	0	0	0	0	0	0	0	0	0	0	0	0	0	0
ASV_2455	0	0	0	0	0	0	0	0	0	0	0	0	0	6.562875998104059e-4	0	0	0	0	0	0	0	0	0	0	0	0	0	0	0	0	0	0	0	0	0	0	0	0	0	0	0	0	0	0	0	0	0	0	0	0	0
ASV_2456	0	0	0	0	0	0	0	0	0	0	0	0	0	0	9.674493600725587e-4	0	0	0	0	0	0	0	0	0	0	0	0	0	0	0	0	0	0	0	0	0	0	0	0	0	0	0	0	0	0	0	0	0	0	0	0
ASV_2457	0	0	0	0	0	0	0	0	0	0	0	0	0	0	0	0	0	0	5.665722379603399e-4	0	0	0	0	0	0	0	0	0	0	0	0	0	0	0	0	0	0	0	0	0	0	0	0	0	0	0	0	0	0	0	0
ASV_2458	0	0	0	0	0	0	0	0	0	0	0	0	0	0	0	0	0	0	5.665722379603399e-4	0	0	0	0	0	0	0	0	0	0	0	0	0	0	0	0	0	0	0	0	0	0	0	0	0	0	0	0	0	0	0	0
ASV_2461	0	0	0	0	0	0	0	0	0	0	0	0	0	0	0	0	0	0	0	0	0	0	0	0	6.847093588958161e-4	0	0	0	0	0	0	0	0	0	0	0	0	0	0	0	0	0	0	0	0	0	0	0	0	0	0
ASV_2469	0	0	0	0	0	0	0	0	0	0	0	0	0	0	0	0	0	0	0	0	0	0	0	0	0	0	0	0	0	0	0	0	0	7.173493939892099e-4	0	0	0	0	0	0	0	0	0	0	0	0	0	0	0	0	0
ASV_2476	0	0	0	0	0	0	0	0	0	0	0	0	0	0	0	0	0	0	0	0	0	0	0	0	0	0	0	0	0	0	0	0	0	0	0	0	0	0	0	0	0	0	0	0	0	0.0015044663845792195	0	0	0	0	0
ASV_2477	0	0	0	0	0	0	0	0	0	0	0	0	0	0	0	0	0	0	0	0	0	0	0	0	0	0	0	0	0	0	0	0	0	0	0	0	0	0	0	0	0	0	0	0	0	0	7.4408222108543e-4	0	0	0	0
ASV_2485	0	0	0.0025546255027720406	0	0	0	0	0	0	0	0	0	0	0	0	0	0	0	0	0	0	0	0	0	0	0	0	0	0	0	0	0	0	0	0	0	0	0	0	0	0	0	0	0	0	0	0	0	0	0	0
ASV_2487	0	0	0	0	0	0	0	0	0	0	0	0	0	0	0	0	0	0	0	0	0	0	0	0	0	0	0	0	0	0	0	0	0	5.380120454919074e-4	0	0	0	0	0	0	0	0	0	0	0	0	0	0	0	0	0
ASV_2488	0	0	0	0	0	0	0	0	0	0	0	0	0	0	0	0	0	0	0	0	0	0	0	0	0	0	0	0	0	0	0	0	0	0	0	0	0	0	0	0	4.866037974560353e-5	0	0	0	0	0	0	0	0	0	0
ASV_2490	0	0	0	0	0	0	0	0	0.0011857009510835288	0	0	0	0	0	0	0	0	0	0	0	0	0	0	0	0	0	0	0	0	0	0	0	0	0	0	0	0	0	0	0	0	0	0	0	0	0	0	0	0	0	0
ASV_2491	0	0	0	0	0	0	0	0	0.0011857009510835288	0	0	0	0	0	0	0	0	0	0	0	0	0	0	0	0	0	0	0	0	0	0	0	0	0	0	0	0	0	0	0	0	0	0	0	0	0	0	0	0	0	0
ASV_2493	0	0	0	0	0	0	0	0	0	0	0	0	0	0	0	0	0	0	1.6525023607176582e-4	0	0	0	0	0	0	0	0	0	0	0	0	0	0	0	0	0	0	0	0	0	0	0	0	0	0	0	0	0	0	0	0
ASV_2495	0	0	0	0	0	0	0	0	0	0	0	0	0	0	0	0	0	3.588430898782326e-4	0	0	0	0	0	0	0	0	0	0	0	0	0	0	0	0	0	0	0	0	0	0	0	0	0	0	0	0	0	0	0	0	0
ASV_2496	0	0	0	0	0	0	0	0	0	0	0	0	0	0	0	0	0	0	4.603399433427762e-4	0	0	0	0	0	0	0	0	0	0	0	0	0	0	0	0	0	0	0	0	0	0	0	0	0	1.8246926533312046e-4	0	0	0	0	0	0
ASV_2497	0	0	0	0	0	0	0	0	0	0	0	0	0	0	0	0	0	0	0	0.003745616831367549	0	0	0	0	0	0	0	0	0	0	0	0	0	0	0	0	0	0	0	0	0	0	0	0	0	0	0	0	0	0	0
ASV_2499	0	0	0	0	0	0	0	0	0	0	0	0	0	0	0	0	0	0	0	0	0	0	0	5.033611535089144e-4	0	0	0	0	0	0	0	0	0	0	0	0	0	0	0	0	0	0	0	0	0	2.8208744710860365e-4	0	0	0	0	0
ASV_2500	0	0	0	0	0	0	0	0	0	0	0	0	0	0	0	0	0	0	0	0	0	0	0	0	0	0	2.87328799923379e-4	0	0	0	0	0	0	0	0	0	0	0	0	0	0	0	0	0	8.667290103323221e-4	0	0	0	0	0	0
ASV_2502	0	0	0	0	0	0	0	0	0	0	0	0	0	0	0	0	0	0	0	0	0	0	0	0	0	0	0	0	0	0	0	0	0	2.839508017873956e-4	0	0	0	0	0	0	0	0	0	0	0	0	0	0	0	0.0012195121951219512	0
ASV_2503	0	0	0	0	0	0	0	0	0	0	0	0	0	0	0	0	0	0	0	0	0	0	0	0	0	0	0	0	0	0	0	0	0	0	0	0	0	0	0	0	4.574075696086732e-4	0	0	0	0	0	0	0	0	0	0
ASV_2504	0	0	0	0	0	0	0	0	0	0	0	0	0	0	0	0	0	0	0	0	0	0	0	0	0	0	0	0	0	0	0	0	0	0	0	0	0	0	0	0	4.574075696086732e-4	0	0	0	0	0	0	0	0	0	0
ASV_2509	0	0	0	0	0	0	0	0	0	0	0	0	0	0	0	0	0	0	0	0	0	0	0	0	0	0	0	0	0	0	0	0	0	0	0	0	0	0	0	0	0	0	0	0	0	0	0	0	0.00106173899292927	0	0
ASV_2512	0	0	0	0	0	0	0	0	0	0	0	0	0	0	0	0	0	0	0	0	0	0	0	0	0	0	0	0	0	0	0	0	0	0	0	0	0	0	0	0	2.822302025245005e-4	0	0	0	0	0	0	0	0	0	0
ASV_2513	0	0.0029418975239029173	0	0	0	0	0	0	0	0	0	0	0	0	0	0	0	0	0	0	0	0	0	0	0	0	0	0	0	0	0	0	0	0	0	0	0	0	0	0	0	0	0	0	0	0	0	0	0	0	0
ASV_2514	4.045307443365696e-4	0	0	0	0	0	0	0	6.811473548777719e-4	0	0	0	0	0	0	0	0	1.6746010860984188e-4	0	0	0	0	0	0	0	0	0	0	0	0	0	0	0	0	0	0	0	0	0	0	0	0	0	0	0	0	0	0	0	0	0
ASV_2519	0	0	0.0025002717686705075	0	0	0	0	0	0	0	0	0	0	0	0	0	0	0	0	0	0	0	0	0	0	0	0	0	0	0	0	0	0	0	0	0	0	0	0	0	0	0	0	0	0	0	0	0	0	0	0
ASV_2520	0	0	0	0	0	0.0015407288317256162	0	0	0	0	0	0	0	0	0	0	0	0	0	0	0	0	0	0	0	0	0	0	0	0	0	0	0	0	0	0	0	0	0	0	0	0	0	0	0	0	0	0	0	0	0
ASV_2521	0	0	0	0	0	4.0192926045016077e-4	0	0	0	0	0	0	0	0	0	0	0	0	0	0	0	0	4.786234788747562e-5	0	0	0	0	0	0	0	0	0	0	0	0	0	0	0	0	0	0	0	0	0	0	0	0	0	0	0	0
ASV_2523	0	0	0	0	0	0	8.019740900678593e-4	0	0	0	0	0	0	0	0	0	0	0	3.895184135977337e-4	0	0	0	0	0	0	0	0	0	0	0	0	0	0	0	0	0	0	0	0	0	0	0	0	0	0	0	0	0	0	0	0
ASV_2524	0	0	0	0	0	0	0	0	0	0	0	0	0	9.115105552922303e-4	0	0	0	0	0	0	0	0	0	0	0	0	0	0	0	0	0	0	0	0	0	0	0	0	0	0	0	0	0	0	0	0	0	0	0	0	0
ASV_2525	0	0	0	0	0	0	0	0	0	0	0	0	0	0	0	0	0	0	5.429650613786591e-4	0	0	0	0	0	0	0	0	0	0	0	0	0	0	0	0	0	0	0	0	0	0	0	0	0	0	0	0	0	0	0	0
ASV_2526	0	0	0	0	0	0	0	0	0	0	0	0	0	0	0	0	0	0	5.429650613786591e-4	0	0	0	0	0	0	0	0	0	0	0	0	0	0	0	0	0	0	0	0	0	0	0	0	0	0	0	0	0	0	0	0
ASV_2527	0	0	0	0	0	0	0	0	0	0	0	0	0	0	0	0	0	0	4.1312559017941453e-4	0	0	0	0	0	0	0	0	0	0	0	0	0	0	0	0	0	0	0	0	0	0	0	0	0	2.5089523983304064e-4	0	0	0	0	0	0
ASV_2530	0	0	0	0	0	0	0	0	0	0	0	0	0	0	0	0	0	0	0	0	0	0	0	0	4.684853508234531e-4	0	0	0	0	0	0	0	0	0	0	0	0	0	0	0	0	0	0	0	0	0	0	0	0	0	0
ASV_2531	0	0	0	0	0	0	0	0	0	0	0	0	0	0	0	0	0	0	0	0	0	0	0	0	5.045226855021803e-4	0	0	0	0	0	0	0	0	0	0	0	0	0	0	0	0	0	0	0	0	0	0	0	0	0	0
ASV_2533	0	0	0	0	0	0	0	0	0	0	0	0	0	0	0	0	0	0	0	0	0	0	0	7.469230019809697e-4	0	0	0	0	0	0	0	0	0	0	0	0	0	0	0	0	0	0	0	0	0	0	0	0	0	0	0
ASV_2536	0	0	0	0	0	0	0	0	0	0	0	0	0	0	0	0	0	0	0	0	0	0	0	0	0	0	0	0	0	0	0	0	0	0	0	0	0	0	0	0	4.476754936595525e-4	0	0	0	0	0	0	0	0	0	0
ASV_2538	0	0	0	0	0	0	0	0	0	0	0	0	0	0	0	0	0	0	0	0	0	0	0	0	0	0	0	0	0	0	0	0	0	0	0	0	0	0	0	0	0	0	6.213697149804134e-4	0	0	0	0	0	0	0	0
ASV_2541	0	0	0	0	0	0	0	0	0	0	0	0	0	0	0	0	0	0	9.442870632672332e-5	0	0	0	0	0	0	0	6.385084442741755e-4	0	0	0	0	0	0	0	0	0	0	0	0	0	0	0	0	0	0	0	0	0	0	0	0
ASV_2542	0	0	0	0	0	0	0	0	0	0	0	0	0	0	0	0	0	0	0	0	0	0	2.273461524655092e-4	0	0	0	0	0	0	0	0	0	0	0	0	0	0	0	0	0	0	0	0	0	0	0	0	0	0	0	0
ASV_2543	0	0	0	0	0	0	0	0	0	0	0	0	0.0015670706226493941	0	0	0	0	0	0	0	0	0	0	0	0	0	0	0	0	0	0	0	0	0	0	0	0	0	0	0	0	0	0	0	0	0	0	0	0	0	0
ASV_2545	0	0	0	0	0	0	0	0	0	0	0	0	0	0	0	0	0	0	5.311614730878187e-4	0	0	0	0	0	0	0	0	0	0	0	0	0	0	0	0	0	0	0	0	0	0	0	0	0	0	0	0	0	0	0	0
ASV_2546	0	0	0	0	0	0	0	0	0	0	0	0	0	0	0	0	0	0	4.7214353163361664e-4	0	0	0	0	0	0	0	0	0	0	0	0	0	0	0	0	0	0	0	0	0	0	0	0	0	0	0	0	0	0	0	0
ASV_2548	0	0	0	0	0	0	0	0	0	0	0	0	0	0	0	0	0	0	0	0	0	0	0	0	7.207466935745433e-4	0	0	0	0	0	0	0	0	0	0	0	0	0	0	0	0	0	0	0	0	0	0	0	0	0	0
ASV_2551	0	0	0	0	0	0	0	0	0	0	0	0	0	0	0	0	0	0	0	0	0	0	0	0	0	0.0011349306431273644	0	0	0	0	0	0	0	0	0	0	0	0	0	0	0	0	0	0	0	0	0	0	0	0	0
ASV_2552	0	0	0	0	0	0	0	0	0	0	0	0	0	0	0	0	0	0	0	0	0	0	0	0	0	0	0	0	0.0017710260144043449	0	0	0	0	0	0	0	0	0	0	0	0	0	0	0	0	0	0	0	0	0	0
ASV_2557	0	0	0	0	0	0	0	0	0	0	0	0	0	0	0	0	0	0	0	0	0	0	0	0	0	0	0	0	0	0	0	0	0	0	0	0	0	0	0	0	0	0	0	0	0.0010263896174988025	0	0	0	0	0	0
ASV_2559	0	0	0	0	0	0	0	0	0	0	0	0	0	0	0	0	0	0	0	0	0	0	0	0	0	0	0	0	0	0	0	0	0	0	0	0	0	0	0	0	0	0	0	0	0	0	6.975770822675905e-4	0	0	0	0
ASV_2560	0	0	0	0	0	0	0	0	0	0	0	0	0	0	0	0	0	0	0	0	0	0	0	0	0	0	0	0	0	0	0	0	0	0	0	0	0	0	0	0	0	0	0	0	0	0	6.975770822675905e-4	0	0	0	0
ASV_2561	0	0.0029418975239029173	0	0	0	0	0	0	0	0	0	0	0	0	0	0	0	0	0	0	0	0	0	0	0	0	0	0	0	0	0	0	0	0	0	0	0	0	0	0	0	0	0	0	0	0	0	0	0	0	0
ASV_2563	0	0	0	0	0	0	0	0	0	0	0	0	0	0	0	0	0	0	9.442870632672332e-5	0	0	0	0	0	0	0	0	0	0	0	0	0	0	0	0	0	0	0	0	0	0	0	0	0	0	0	0	0	0	0	0
ASV_2568	0	0	0	0	0	3.3494105037513397e-4	0	0	0	0	0	0	0	0	0	0	0	0	0	0	0	0	0	0	0	0	0	0	0	0	0	0	0	0	0	0	0	0	0	0	0	0	3.647170066189383e-4	0	0	0	0	0	0	0	0
ASV_2569	0	0	0	0	0	0	0	0	0	0	0	0	0	0	0	0	0	0	0	0	0	0	0	0	0	0	0	0	0	0	0	0	0	0	0	0	0	0	0	0	0	0	0	0	1.8246926533312046e-4	0	0	0	0	0	0
ASV_2570	0	0	0	0	0	0	0	0	0	0	0	0	0	0	0	0	0	0	0	0	0	0	0	0	0	0	0	0	0	0	0	0	0	0	0	0	0	0	0	0	0	0	0	0	3.649385306662409e-4	0	0	0	0	0	0
ASV_2571	0	0	0	0	0	0	3.0845157310302283e-4	0	0	0	0	0	0	0	0	0	0	0	0	0	0	0	0	0	0	0	0	0	0	0	0	0	0	0	0	0	0	0	0	0	0	0	0	0	0	0	0	0	0	0	0
ASV_2573	0	0	0	0	0	0	0	0	0	0	0	0	6.268282490597576e-4	0	0	0	0	0	0	0	0	0	0	0	0	0	0	0	0	0	0	0	0	0	0	0	0	0	0	0	0	0	0	0	0	0	0	0	0	0	0
ASV_2576	0	0	0	0	0	0	0	0	0	0	0	0	0	0	0	0	0	0	0	0.0035065349059611095	0	0	0	0	0	0	0	0	0	0	0	0	0	0	0	0	0	0	0	0	0	0	0	0	0	0	0	0	0	0	0
ASV_2579	0	0	0	0	0	0	0	0	0	0	0	0	0	0	0	0	0	0	0	0	0	0	2.7520850035298483e-4	0	0	0	0	0	0	0	0	0	0	0	0	0	0	0	0	0	1.0705283544032778e-4	0	0	0	0	0	0	0	0	0	0
ASV_2582	0	0	0	0	0	0	0	0	0	0	0	0	0	0	0	0	0	0	0	0	0	0	0	7.144480888513624e-4	0	0	0	0	0	0	0	0	0	0	0	0	0	0	0	0	0	0	0	0	0	0	0	0	0	0	0
ASV_2583	0	0	0	0	0	0	0	0	0	0	0	0	0	0	0	0	0	0	0	0	0	0	0	0	0.0015856427258639952	0	0	0	0	0	0	0	0	0	0	0	0	0	0	0	0	0	0	0	0	0	0	0	0	0	0
ASV_2584	0	0	0	0	0	0	0	0	0	0	0	0	0	0	0	0	0	0	0	0	0	0	0	0	0	0	0	0	0	0	0	0	0	6.575702778234424e-4	0	0	0	0	0	0	0	0	0	0	0	0	0	0	0	0	0
ASV_2585	0	0	0	0	0	0	0	0	0	0	0	0	0	0	0	0	0	0	0	0	0	0	0	0	0	0	0	0	0	0	0	0	0	0	0	0	0	0	0	0.001037711374731728	0	0	0	0	0	0	0	0	0	0	0
ASV_2589	0	0.004658004412846286	0	0	0	0	0	0	0	0	0	0	0	0	0	0	0	0	0	0	0	0	0	0	0	0	0	0	0	0	0	0	0	0	0	0	0	0	0	0	0	0	0	0	0	0	0	0	0	0	0
ASV_2594	0	0	0	0	0	0	0	0	0	0	0	0	0	0	0	0	0	0	1.534466477809254e-4	0	0	0	0	0	0	0	0	0	0	0	0	0	0	0	0	0	0	0	0	0	0	0	0	0	0	0	0	0	0	0	0
ASV_2597	0	0	0	0	0	0	0	0	0	0	0	0	0	0	0	0	0	0	2.242681775259679e-4	0	0	0	0	0	0	0	0	0	0	0	0	0	0	0	0	0	0	0	0	0	0	0	0	0	2.5089523983304064e-4	0	0	0	0	0	0
ASV_2598	0	0	0	0	0	0	8.019740900678593e-4	0	0	0	0	0	0	0	0	0	0	0	3.541076487252125e-4	0	0	0	0	0	0	0	0	0	0	0	0	0	0	0	0	0	0	0	0	0	0	0	0	0	0	0	0	0	0	0	0
ASV_2599	0	0	0	0	0	0	0	0	0	0	0	0	2.785903329154478e-4	0	0	0	0	0	0	0	0	0	0	0	0	0	0	0	0	0	0	0	0	0	0	0	0	0	0	0	0	0	0	0	0	0	0	0	0	0	0
ASV_2600	0	0	0	0	0	0	0	0	0	0	0	0	0	0	0	0	0	0	0	0	0	0	0	0	0	0	4.4695591099192287e-4	0	0	0	0	0	0	0	0	0	0	0	0	0	0	0	0	0	0	0	0	0	0	0	0
ASV_2602	0	0	0	0	0	0	0	0	0	0	0	0	0	0	0	0	0	5.741489438051722e-4	0	0	0	0	0	0	0	0	0	0	0	0	0	0	0	0	0	0	0	0	0	0	0	0	0	0	0	0	0	0	0	0	0
ASV_2603	0	0	0	0	0	0	0	0	0	0	0	0	0	0.001567798155102636	0	0	0	0	0	0	0	0	0	0	0	0	0	0	0	0	0	0	0	0	0	0	0	0	0	0	0	0	0	0	0	0	0	0	0	0	0
ASV_2604	0	0	0	0	0	0	0	0	0	0	0	0	0	0	0	0	0	8.373005430492094e-4	0	0	0	0	0	0	0	0	0	0	0	0	0	0	0	0	0	0	0	9.940357852882703e-4	0	0	0	0	0	0	0	0	0	0	0	0	0
ASV_2605	0	0	0	0	0	0	0	0	0	0	0	0	0	0	0	0	0	0	5.075542965061379e-4	0	0	0	0	0	0	0	0	0	0	0	0	0	0	0	0	0	0	0	0	0	0	0	0	0	0	0	0	0	0	0	0
ASV_2606	0	0	0	0	0	0	0	0	0	0	0	0	0	0	0	0	0	0	5.075542965061379e-4	0	0	0	0	0	0	0	0	0	0	0	0	0	0	0	0	0	0	0	0	0	0	0	0	0	0	0	0	0	0	0	0
ASV_2607	0	0	0	0	0	0	0	0	0	0	0	0	0	0	0	0	0	0	3.068932955618508e-4	0	0	0	0	0	0	0	0	0	0	0	0	0	0	0	0	0	0	0	0	0	0	0	0	0	0	0	0	0	0	0	0
ASV_2612	0	0	0	0	0	0	0	0	0	0	0	0	0	0	0	0	0	0	0	0	0	0	0	0	0.001549605391185268	0	0	0	0	0	0	0	0	0	0	0	0	0	0	0	0	0	0	0	0	0	0	0	0	0	0
ASV_2614	0	0	0	0	0	0	0	0	0	0	0	0	0	0	0	0	0	0	0	0	0	0	0	0	0	0	0	0	0	0	0	0	0	0	0	0	0	0	0	0.001014127025306007	0	0	0	0	0	0	0	0	0	0	0
ASV_2615	0	0	0	0	0	0	0	0	0	0	0	0	0	0	0	0	0	0	0	0	0	0	0	0	0	0	0	0	0	0	0	0	0	0	0	0	0	0	0	0.001014127025306007	0	0	0	0	0	0	0	0	0	0	0
ASV_2616	0	0	0	0	0	0	0	0	0	0	0	0	0	0	0	0	0	0	0	0	0	0	0	0	0	0	0	0	0	0	0	0	0	0	0	0	0	0	0	0	3.2115850632098334e-4	0	0	0	0	0	1.550171293927979e-4	0	0	0	0
ASV_2618	0	0	0	0	0	0	0	0	0	0	0	0	0	0	0	0	0	0	0	0	0	0	0	0	0	0	0	0	0	0	0	0	0	0	0	0	0	0	0	0	0	0	0	0	2.7370389799968067e-4	0	0	0	0	0	0
ASV_2620	0	0	0	0	0	0	0	0	0	0	0	0	0	0	0	0	0	0	4.603399433427762e-4	0	0	0	0	0	0	0	0	0	0	0	0	0	0	0	0	0	0	0	0	0	0	0	0	0	0	0	0	0	0	0	0
ASV_2623	0	0	0	0	0	0	0	0	0	0	0	0	0	0	0	0	0	0	1.0623229461756374e-4	0	0	0	0	0	0	0	0	0	0	0	0	0	0	0	0	0	0	0	0	0	0	0	0	0	0	0	0	0	0	0	0
ASV_2624	0	0	0	0	0	0	0	0	0	0	0	0	0	0	0	0	0	0	0	0	0	0	0	0	0	0	0	0	0	0	0	0	0	0	0	0	0	0	0	0	2.1410567088065555e-4	0	0	0	0	0	2.480274070284766e-4	0	0	0	0
ASV_2625	0	0	0	0	0	0	0	0	0	0	0	0	0.0012536564981195152	0	0	0	0	0	0	0	0	0	0	0	0	0	0	0	0	0	0	0	0	0	0	0	0	0	0	0	0	0	0	0	0	0	0	0	0	0	0
ASV_2626	0	0	0	0	0	0	0	0	0	0	0	0	0	0	0	0	0.0019185090443997808	0	0	0	0	0	0	0	0	0	0	0	0	0	0	0	0	0	0	0	0	0	0	0	0	0	0	0	0	0	0	0	0	0	0
ASV_2627	0	0	0	0	0	0	0	0	0	0	0	0	0	0	0	0	0	0	4.957507082152975e-4	0	0	0	0	0	0	0	0	0	0	0	0	0	0	0	0	0	0	0	0	0	0	0	0	0	0	0	0	0	0	0	0
ASV_2628	0	0	0	0	0	0	0	0	0	0	0	0	0	0	0	0	0	0	4.957507082152975e-4	0	0	0	0	0	0	0	0	0	0	0	0	0	0	0	0	0	0	0	0	0	0	0	0	0	0	0	0	0	0	0	0
ASV_2629	0	0	0	0	0	0	0	0	0	0	0	0	0	0	0	0	0	0	9.442870632672332e-5	0	0	0	0	0	0	0	0	0	0	0	0	0	0	0	0	0	0	0	0	0	0	0	0	0	4.5617316333280114e-5	0	0	0	0	0	0
ASV_2631	0	0	0	0	0	0	0	0	0	0	0	0	0	0	0	0	0	0	0	0	0	0	0	0	9.369707016469062e-4	0	0	0	0	0	0	0	0	0	0	0	0	0	0	0	0	0	0	0	0	0	0	0	0	0	0
ASV_2632	0	0	0	0	0	0	0	0	0	0	0	0	0	0	0	0	0	0	0	0	0	0	0	0	0.0010090453710043606	0	0	0	0	0	0	0	0	0	0	0	0	0	0	0	0	0	0	0	0	0	0	0	0	0	0
ASV_2633	0	0	0	0	0	0	0	0	0	0	0	0	0	0	0	0	0	0	0	0	0	0	1.4358704366242687e-4	0	0	0	0	0	0	0	0	0	0	0	0	0	0	0	0	0	2.1410567088065555e-4	0	0	0	0	0	0	0	0	0	0
ASV_2637	0	0	0	0	0	0	0	0	0	0	0	0	0	0	0	0	0	0	0	0	0	0	0	6.81973175721755e-4	0	0	0	0	0	0	0	0	0	0	0	0	0	0	0	0	0	0	0	0	0	0	0	0	0	0	0
ASV_2638	0	0	0	0	0	0	0	0	0	0	0	0	0	0	0	0	0	0	0	0	0	0	0	0	0.0015135680565065408	0	0	0	0	0	0	0	0	0	0	0	0	0	0	0	0	0	0	0	0	0	0	0	0	0	0
ASV_2639	0	0	0	0	0	0	0	0	0	0	0	0	0	0	0	0	0	0	0	0	0	0	0	0	0	0.0010592686002522068	0	0	0	0	0	0	0	0	0	0	0	0	0	0	0	0	0	0	0	0	0	0	0	0	0
ASV_2640	0	0	0	0	0	0	0	0	0	0	0	0	0	0	0	0	0	0	0	0	0	0	0	0	0	1.5132408575031526e-4	0	0	0	0	0	0	0	5.380120454919074e-4	0	0	0	0	0	0	0	0	0	0	0	0	0	0	0	0	0
ASV_2644	0	0	0	0	0	0	0	0	0	0	0	0	0	0	0	0	0	0	0	0	0	0	0	0	0	0	0	0	0	0	0	0	0	0	0	0	0.0018381001396956106	0	0	0	0	0	0	0	0	0	0	0	0	0	0
ASV_2645	0	0	0	0	0	0	0	0	0	0	0	0	0	0	0	0	0	0	0	0	0	0	0	0	0	0	0	0	0	0	0	0	0	0	0	0	0	0	0	9.905426758802858e-4	0	0	0	0	0	0	0	0	0	0	0
ASV_2646	0	0	0	0	0	0	0	0	0	0	0	0	0	0	0	0	0	0	0	0	0	0	0	0	0	0	0	0	0	0	0	0	0	0	0	0	0	0	0	0	4.087471898630697e-4	0	0	0	0	0	0	0	0	0	0
ASV_2648	0	0	0	0	0	0	0	0	0	0	0	0	0	0	0	0	0	0	0	0	0	0	0	0	0	0	0	0	0	0	0	0	0	0	0	0	0	0	0	0	0	0	5.673375658516817e-4	0	0	0	0	0	0	0	0
ASV_2649	0	0	0	0	0	0	0	0	0	0	0	0	0	0	0	0	0	0	0	0	0	0	0	0	0	0	0	0	0	0	0	0	0	0	0	0	0	0	0	0	0	0	5.673375658516817e-4	0	0	0	0	0	0	0	0
ASV_2652	0	0	0	0	0	0	3.701418877236274e-4	0	0	0	0	0	0	0	0	0	0	0	0	0	0	0	0	0	0	0	0	0	0	0	0	0	0	0	0	0	0	0	0	0	0	0	0	0	4.1055584699952103e-4	0	0	0	0	0	0
ASV_2654	0	0	0	0	0	2.679528403001072e-4	0	0	0	0	0	0	0	0	0	0	0	0	0	0	0	0	0	0	0	0	0	0	0	0	0	0	0	0	0	0	0	0	0	0	0	0	0	0	0	0	0	0	0	0	0
ASV_2655	0	0	0	0	0	0	0	0	0	0	0	0	0	0	0	0	0	0	0	0	0	0	0	0	0	0	5.108067554193404e-4	0	0	0	0	0	0	0	0	0	0	0	0	0	0	0	0	0	0	0	0	0	0	0	0
ASV_2658	0	0	0	0	0	0	0	0	0	0	0	0	0.0010795375400473603	0	0	0	0	0	0	0	0	0	0	0	0	0	0	0	0	0	0	0	0	0	0	0	0	0	0	0	0	0	0	0	0	0	0	0	0	0	0
ASV_2659	0	0	0	0	0	0	0	0	0	0	0	0	0	0	0	0	0	0	0	0	0	0	7.179352183121344e-5	0	0	0	0	0	0	0	0	0	0	0	0	0	0	0	0	0	5.8392455694724244e-5	0	0	0	0	0	0	0	0	0	0
ASV_2660	0	0	0	0	0	0	0	0	0	0	0	0	0	7.292084442337843e-4	0	0	0	0	0	0	0	0	0	0	0	0	0	0	0	0	0	0	0	0	0	0	0	0	0	0	0	0	0	0	0	0	0	0	0	0	0
ASV_2661	0	0	0	0	0	0	0	0	0	0	0	0	0	6.198271775987166e-4	0	0	0	0	0	0	0	0	0	0	0	0	0	0	0	0	0	0	0	0	0	0	0	0	0	0	0	0	0	0	0	0	0	0	0	0	0
ASV_2662	0	0	0	0	0	0	0	0	0	0	0	0	0	0	0	0	0.0018728302576283575	0	0	0	0	0	0	0	0	0	0	0	0	0	0	0	0	0	0	0	0	0	0	0	0	0	0	0	0	0	0	0	0	0	0
ASV_2663	0	0	0	0	0	0	0	0	0	0	0	0	0	0	0	0	0	5.263031984880745e-4	0	0	0	0	0	0	0	0	0	0	0	0	0	0	0	0	0	0	0	0	0	0	0	0	0	0	0	0	0	0	0	0	0
ASV_2664	0	0	0	0	0	0	0	0	0	0	0	0	0	0	0	0	0	0	4.83947119924457e-4	0	0	0	0	0	0	0	0	0	0	0	0	0	0	0	0	0	0	0	0	0	0	0	0	0	0	0	0	0	0	0	0
ASV_2665	0	0	0	0	0	0	0	0	0	0	0	0	0	0	0	0	0	0	1.8885741265344664e-4	0	0	0	0	0	9.009333669681791e-4	0	0	0	0	0	0	0	0	0	0	0	0	0	0	0	0	0	0	0	0	0	0	0	0	0	0
ASV_2670	0	0	0	0	0	0	0	0	0	0	0	0	0	0	0	0	0	0	0	0	0	0	0	6.657357191569512e-4	0	0	0	0	0	0	0	0	0	0	0	0	0	0	0	0	0	0	0	0	0	0	0	0	0	0	0
ASV_2671	0	0	0	0	0	0	0	0	0	0	0	0	0	0	0	0	0	0	0	0	0	0	0	0	0.0014775307218278136	0	0	0	0	0	0	0	0	0	0	0	0	0	0	0	0	0	0	0	0	0	0	0	0	0	0
ASV_2672	0	0	0	0	0	0	0	0	0	0	0	0	0	0	0	0	0	0	0	0	0	0	0	0	0	0.001034047919293821	0	0	0	0	0	0	0	0	0	0	0	0	0	0	0	0	0	0	0	0	0	0	0	0	0
ASV_2673	0	0	0	0	0	0	0	0	0	0	0	0	0	0	0	0	0	0	0	0	0	0	0	0	0	0	0	0	0	0	0	0	0	6.127359406991168e-4	0	0	0	0	0	0	0	0	0	0	0	0	0	0	0	0	0
ASV_2674	0	0	0	0	0	0	0	0	0	0	0	0	0	0	0	0	0	0	0	0	0	0	0	0	0	0	0	0	0	0	0	0	0	0	0	0	0	0	0	9.669583264545647e-4	0	0	0	0	0	0	0	0	0	0	0
ASV_2675	0	0	0	0	0	0	0	0	0	0	0	0	0	0	0	0	0	0	0	0	0	0	0	0	0	0	0	0	0	0	0	0	0	0	0	0	0	0	0	0	3.99015113913949e-4	0	0	0	0	0	0	0	0	0	0
ASV_2676	0	0	0	0	0	0	0	0	0	0	0	0	0	0	0	0	0	0	0	0	0	0	0	0	0	0	0	0	0	0	0	0	0	0	0	0	0	0	0	0	3.2115850632098334e-4	0	0	0	0	0	0	0	0	0	0
ASV_2677	0	0	0	0	0	0	0	0	0	0	0	0	0	0	0	0	0	0	0	0	0	0	0	0	0	0	0	0	0	0	0	0	0	0	0	0	0	0	0	0	2.7249812657537977e-4	0	0	0	0	0	2.0152226821063728e-4	0	0	0	0
ASV_2681	0	0	0	0	0	0	0	0	0	0	0	0	0	0	0	0	0	0	0	0	0	0	0	0	0	0	0	0	0	0	0	0	0	0	0	0	0	0	0	0	0	0.005153343388637506	0	0	0	0	0	0	0	0	0
ASV_2683	0	0	0	0	0	0	0	0	0	0	0	0	0	0	0	0	0	0	4.013220018885741e-4	0	0	0	0	0	0	0	0	0	0	0	0	0	0	0	0	0	0	0	0	0	0	0	0	0	0	0	0	0	0	0	0
ASV_2685	0	0	0	0	7.35023888276369e-4	0	0	0	0	0	0	0	0	0	0	0	0	0	0	0	0	0	0	0	0	0	0	0	0	0	0	0	0	0	0	0	0	0	0	0	0	0	0	0	0	0	2.7903083290703625e-4	0	0	0	0
ASV_2687	0	0	0	0	0	0	0	0	0	0	0	0	0	0	0	0	0	0	0	0	0	0	0	0	7.207466935745433e-4	0	0	0	0	0	0	0	0	0	0	0	0	0	0	0	0	0	0	0	0	0	0	0	0	0	0
ASV_2688	0	0	0	0	0	0	1.2338062924120913e-4	0	0	0	0	0	0	0	0	0	0	0	4.485363550519358e-4	0	0	0	0	0	0	0	0	0	0	0	0	0	0	0	0	0	0	0	0	0	0	0	0	0	0	0	0	0	0	0	0
ASV_2689	0	0	0	0	0	0	0	0	0	0	0	0	0.001392951664577239	0	0	0	0	0	0	0	0	0	0	0	0	0	0	0	0	0	0	0	0	0	0	0	0	0	0	0	0	0	0	0	0	0	0	0	0	0	0
ASV_2694	0	0	0	0	0	0	0	0	0	0	0	0	0	0.0014584168884675685	0	0	0	0	0	0	0	0	0	0	0	0	0	0	0	0	0	0	0	0	0	0	0	0	0	0	0	0	0	0	0	0	0	0	0	0	0
ASV_2695	0	0	0	0	0	0	0	0	0	0	0	0	0	7.656688664454735e-4	0	0	0	0	0	0	0	0	0	0	0	0	0	0	0	0	0	0	0	0	0	0	0	0	0	0	0	0	0	0	0	0	0	0	0	0	0
ASV_2696	0	0	0	0	0	0	0	0	0	0	0	0	0	0	0	0	0	0	4.7214353163361664e-4	0	0	0	0	0	0	0	0	0	0	0	0	0	0	0	0	0	0	0	0	0	0	0	0	0	0	0	0	0	0	0	0
ASV_2697	0	0	0	0	0	0	0	0	0	0	0	0	0	0	0	0	0	0	0	0	0	0	0	0	0	0	0	0	0	0	0	0	0	0	0	0	0	0	0	0	0	0	0	0	0	0	0	0	0	0.0012195121951219512	0
ASV_2702	0	0	0	0	0	0	0	0	0	0	0	0	0	0	0	0	0	0	0	0	0	0	0	0	0.0014414933871490865	0	0	0	0	0	0	0	0	0	0	0	0	0	0	0	0	0	0	0	0	0	0	0	0	0	0
ASV_2703	0	0	0	0	0	0	0	0	0	0	0	0	0	0	0	0	0	0	0	0	0	0	0	0	0.0014414933871490865	0	0	0	0	0	0	0	0	0	0	0	0	0	0	0	0	0	0	0	0	0	0	0	0	0	0
ASV_2705	0	0	0	0	0	0	0	0	0	0	0	0	0	0	0	0	0	0	0	0	0	0	0	0	0	0	0	0	0	0.0013843704575344361	0	0	0	0	0	0	0	0	0	0	0	0	0	0	0	0	0	0	0	0	0
ASV_2706	0	0	0	0	0	0	0	0	0	0	0	0	0	0	0	0	0	0	0	0	0	0	0	0	0	0	0	0	0	0	0	0	0	0	0	0	0	0	0	0	2.919622784736212e-4	0	0	0	0	0	1.550171293927979e-4	0	0	0	0
ASV_2707	0	0	0	0	0	0	0	0	0	0	0	0	0	0	0	0	0	0	0	0	0	0	0	0	0	0	0	0	0	0	0	0	0	0	0	0	0	0	0	0	0	0	5.403214912873159e-4	0	0	0	0	0	0	0	0
ASV_2708	0	0	0	0	0	0	0	0	0	0	0	0	0	0	0	0	0	0	0	0	0	0	0	0	0	0	0	0	0	0	0	0	0	0	0	0	0	0	0	0	0	0	5.403214912873159e-4	0	0	0	0	0	0	0	0
ASV_2711	0	0	0	0	0	0	0	0	0	0	0	0	0	0	0	0	0	0	0	0	0	0	0	0	0	0	0	0	0	0	0	0	0	0	0	0	0	0	0	0	0	0	0	0	0	0	6.200685175711916e-4	0	0	0	0
ASV_2718	0	0	0	0	0	4.6891747052518756e-4	0	0	0	0	0	0	0	0	0	0	0	0	0	0	0	0	0	0	0	0	0	0	0	0	0	0	0	0	0	0	0	0	0	0	0	0	0	0	0	0	0	0	0	0	0
ASV_2721	0	0	0	0	0	0	0	0	0	0	0	0	0	0	0	0	0	0	2.4787535410764874e-4	0	0	0	0	0	0	0	0	0	0	0	0	0	0	0	0	0	0	0	0	0	0	0	0	0	0	0	0	0	0	0	0
ASV_2726	0	0	0	0	0	0	0	0	0	0	0	0	0	0	7.86052605058954e-4	0	0	0	0	0	0	0	0	0	0	0	0	0	0	0	0	0	0	0	0	0	0	0	0	0	0	0	0	0	0	0	0	0	0	0	0
ASV_2730	0	0	0	0	0	0	0	0	0	0	0	0	0	0	0	0	0	0	0	0	0	0	0	0	7.928213629319976e-4	0	0	0	0	0	0	0	0	0	0	0	0	0	0	0	0	0	0	0	0	0	0	0	0	0	0
ASV_2733	0	0	0	0	0	0	0	0	0	0	0	0	0	0	0	0	0	0	0	0	0	0	0	6.332608060273439e-4	0	0	0	0	0	0	0	0	0	0	0	0	0	0	0	0	0	0	0	0	0	0	0	0	0	0	0
ASV_2734	0	0	0	0	0	0	0	0	0	0	0	0	0	0	0	0	0	0	0	0	0	0	0	6.332608060273439e-4	0	0	0	0	0	0	0	0	0	0	0	0	0	0	0	0	0	0	0	0	0	0	0	0	0	0	0
ASV_2735	0	0	0	0	0	0	0	0	0	0	0	0	0	0	0	0	0	0	0	0	0	0	0	0	0.0014054560524703592	0	0	0	0	0	0	0	0	0	0	0	0	0	0	0	0	0	0	0	0	0	0	0	0	0	0
ASV_2736	0	0	0	0	0	0	0	0	0	0	0	0	0	0	0	0	0	0	0	0	0	0	0	0	0.0014054560524703592	0	0	0	0	0	0	0	0	0	0	0	0	0	0	0	0	0	0	0	0	0	0	0	0	0	0
ASV_2751	0	0	0	0	0	0	0	0	0	0	0	0	0	0	0	0	0	0	0	0	0	0	0	0	0	0	9.258372441975545e-4	0	0	0	0	0	0	0	0	0	0	0	0	0	0	0	0	0	0	0	0	0	0	0	0
ASV_2753	0	0	0	0	0	0	8.019740900678593e-4	0	0	0	0	0	0	0	0	0	0	0	2.950897072710104e-4	0	0	0	0	0	0	0	0	0	0	0	0	0	0	0	0	0	0	0	0	0	0	0	0	0	0	0	0	0	0	0	0
ASV_2754	0	0	0	0	0	0	0	0	0	0.004377006127808579	0	0	0	0	0	0	0	0	0	0	0	0	0	0	0	0	0	0	0	0	0	0	0	0	0	0	0	0	0	0	0	0	0	0	0	0	0	0	0	0	0
ASV_2755	0	0	0	0	0	0	0	0	0	0	0	0	5.920044574453267e-4	0	0	0	0	0	0	0	0	0	0	0	0	0	0	0	0	0	0	0	0	0	0	0	0	0	0	0	0	0	0	0	0	0	0	0	0	0	0
ASV_2758	0	0	0	0	0	0	0	0	0	0	0	0	0	0	0	0	0	0	4.485363550519358e-4	0	0	0	0	0	0	0	0	0	0	0	0	0	0	0	0	0	0	0	0	0	0	0	0	0	0	0	0	0	0	0	0
ASV_2759	0	0	0	0	0	0	0	0	0	0	0	0	0	0	0	0	0	0	4.485363550519358e-4	0	0	0	0	0	0	0	0	0	0	0	0	0	0	0	0	0	0	0	0	0	0	0	0	0	0	0	0	0	0	0	0
ASV_2760	0	0	0	0	0	0	0	0	0	0	0	0	0	0	0	0	0	0	0	0.003028371055148231	0	0	0	0	0	0	0	0	0	0	0	0	0	0	0	0	0	0	0	0	0	0	0	0	0	0	0	0	0	0	0
ASV_2763	0	0	0	0	0	0	0	0	0	0	0	0	0	0	0	0	0	0	0	0	0	0	0	0	1.8018667339363581e-4	0	0	0	0	0	0	0	0	0	0	0	0	0	0	0	0	0	0	0	0	0	0	0	0	0	0
ASV_2764	0	0	0	0	0	0	0	0	0	0	0	0	0	0	0	0	0	0	0	0	0	0	0	0	0.0012252693790767235	0	0	0	0	0	0	0	0	0	0	0	0	0	0	0	0	0	0	0	0	0	0	0	0	0	0
ASV_2766	0	0	0	0	0	0	0	0	0	0	0	0	0	0	0	0	0	0	0	0	0	0	0	0	0	5.044136191677175e-4	0	0	0	0	0	0	0	0	0	0	0	0	0	0	0	0	0	0	0	0	0	0	0	0	0
ASV_2769	0	0	0	0	0	0	0	0	0	0	0	0	0	0	0	0	0	0	0	0	0	0	0	0	0	0	0	0	0	0	0	0	0	0	0	0	0	0	0	0	0	0	0	0	0	0.0011910358877918821	0	0	0	0	0
ASV_2771	0	0.003677371904878647	0	0	0	0	0	0	0	0	0	0	0	0	0	0	0	0	0	0	0	0	0	0	0	0	0	0	0	0	0	0	0	0	0	0	0	0	0	0	0	0	0	0	0	0	0	0	0	0	0
ASV_2775	0	0	0.0020110881617567125	0	0	0	0	0	0	0	0	0	0	0	0	0	0	0	0	0	0	0	0	0	0	0	0	0	0	0	0	0	0	0	0	0	0	0	0	0	0	0	0	0	0	0	0	0	0	0	0
ASV_2776	0	0	0	0	0	0	7.402837754472548e-4	0	0	0	0	0	0	0	0	0	0	0	0	0	0	0	0	0	0	0	0	0	0	0	0	0	0	0	0	0	0	0	0	0	0	0	0	0	0	0	0	0	0	0	0
ASV_2780	0	0	0	0	0	0	0	0	0	0	0	0	0	0	0	0	0	0	3.3050047214353164e-4	0	0	0	0	0	0	0	0	0	0	0	0	0	0	0	0	0	0	0	0	0	0	0	0	0	0	0	0	0	0	0	0
ASV_2781	0	0	0	0	0	0	0	0	0	0	0	0	0	0	0	0	0	0	2.7148253068932953e-4	0	0	0	0	0	0	0	0	0	0	0	0	0	0	0	0	0	0	0	0	0	0	0	0	0	0	0	0	0	0	0	0
ASV_2784	0	0	0	0	0	0	0.002282541640962369	0	0	0	0	0	0	0	0	0	0	0	0	0	0	0	0	0	0	0	0	0	0	0	0	0	0	0	0	0	0	0	0	0	0	0	0	0	0	0	0	0	0	0	0
ASV_2786	0	0	0	0	0	0	0	0	0	0	0	0	0	0	0	0	0	0	3.541076487252125e-4	0	0	0	0	0	0	0	0	0	0	0	0	0	0	0	0	0	0	0	0	0	0	0	0	0	0	0	0	0	0	0	0
ASV_2788	0	0	0	0	0	0	0	0	0	0	0	0	0	0	0	0	0	0	4.367327667610954e-4	0	0	0	0	0	0	0	0	0	0	0	0	0	0	0	0	0	0	0	0	0	0	0	0	0	0	0	0	0	0	0	0
ASV_2789	0	0	0	0	0	0	0	0	0	0	0	0	0	0	0	0	0	0	0	0	0	0	0	0	8.648960322894519e-4	0	0	0	0	0	0	0	0	0	0	0	0	0	0	0	0	0	0	0	0	0	0	0	0	0	0
ASV_2790	0	0	0	0	0	0	0	0	0	0	0	0	0	0	0	0	0	0	0	0	0	0	0	0	9.369707016469062e-4	0	0	0	0	0	0	0	0	0	0	0	0	0	0	0	0	0	0	0	0	0	0	0	0	0	0
ASV_2794	0	0	0	0	0	0	0	0	0	0	0	0	0	0	0	0	0	0	0	0	0	0	0	6.007858928977365e-4	0	0	0	0	0	0	0	0	0	0	0	0	0	0	0	0	0	0	0	0	0	0	0	0	0	0	0
ASV_2795	0	0	0	0	0	0	0	0	0	0	0	0	0	0	0	0	0	0	0	0	0	0	0	0	0.001333381383112905	0	0	0	0	0	0	0	0	0	0	0	0	0	0	0	0	0	0	0	0	0	0	0	0	0	0
ASV_2796	0	0	0	0	0	0	0	0	0	0	0	0	0	0	0	0	0	0	0	0	0	0	0	0	0.001333381383112905	0	0	0	0	0	0	0	0	0	0	0	0	0	0	0	0	0	0	0	0	0	0	0	0	0	0
ASV_2798	0	0	0	0	0	0	0	0	0	0	0	0	0	0	0	0	0	0	0	0	0	0	0	0	0	0	0	0	0	0.0012805426732193535	0	0	0	0	0	0	0	0	0	0	0	0	0	0	0	0	0	0	0	0	0
ASV_2800	0	0	0	0	0	0	0	0	0	0	0	0	0	0	0	0	0	0	0	0	0	0	0	0	0	0	0	0	0	0	0	0	0	0	0	0	0	0	0	0	0	0	0	0	8.439203521656821e-4	0	0	0	0	0	0
ASV_2801	0	0	0	0	0	0	0	0	0	0	0	0	0	0	0	0	0	0	0	0	0	0	0	0	0	0	0	0	0	0	0	0	0	0	0	0	0	0	0	0	0	0	0	0	0	0	0	0	0	0	8.223501433556331e-4
ASV_2802	0.0018878101402373248	0	0	0	0	0	0	0	0	0	0	0	0	0	0	0	0	0	0	0	0	0	0	0	0	0	0	0	0	0	0	0	0	0	0	0	0	0	0	0	0	0	0	0	0	0	0	0	0	0	0
ASV_2806	0	0	0	0	0	0	0	0	0	0	0	0	0	0	0	0	0	0	0	0	0	0	0	0	0	0	0	0	0	0	0	0	0	0	0	0	0	0	0	0	0	0	0	0	5.930251123326415e-4	0	0	0	0	0	0
ASV_2808	0	0	0	0	0	0	0	0	0	0	0	0	0	0	0	0	0	0	1.1803588290840415e-5	0	0	0	0	0	0	0	3.1925422213708774e-4	0	0	0	0	0	0	0	0	0	0	0	0	0	0	0	0	0	0	0	0	0	0	0	0
ASV_2810	0	0	0	0	0	0	5.55212831585441e-4	0	0	0	0	0	0	0	0	0	0	0	3.186968838526912e-4	0	0	0	0	0	0	0	0	0	0	0	0	0	0	0	0	0	0	0	0	0	0	0	0	0	0	0	0	0	0	0	0
ASV_2811	0	0	0	0	0	0	3.701418877236274e-4	0	0	0	0	0	0	0	0	0	0	0	9.442870632672332e-5	0	0	0	0	0	0	0	0	0	0	0	0	0	0	0	0	0	0	0	0	0	0	0	0	0	0	0	0	0	0	0	0
ASV_2812	0	0	0	0	0	0	0	0	4.0364287696460554e-4	0	0	0	0	0	0	0	0	0	0	0	0	0	0	0	0	0	0	0	0	0	0	0	0	0	0	0	0	0	0	0	0	0	0	0	0	0	0	0	0	0	0
ASV_2814	0	0	0	0	0	0	0	0	0	0	0	0	0	0.0010938126663506762	0	0	0	0	0	0	0	0	0	0	0	0	0	0	0	0	0	0	0	0	0	0	0	0	0	0	0	0	0	0	0	0	0	0	0	0	0
ASV_2815	0	0	0	0	0	0	0	0	0	0	0	0	0	7.656688664454735e-4	0	0	0	0	0	0	0	0	0	0	0	0	0	0	0	0	0	0	0	0	0	0	0	0	0	0	0	0	0	0	0	0	0	0	0	0	0
ASV_2816	0	0	0	0	0	0	0	0	0	0	0	0	0	0	0	0	0	0	4.2492917847025496e-4	0	0	0	0	0	0	0	0	0	0	0	0	0	0	0	0	0	0	0	0	0	0	0	0	0	0	0	0	0	0	0	0
ASV_2817	0	0	0	0	0	0	0	0	0	0	0	0	0	0	0	0	0	0	4.2492917847025496e-4	0	0	0	0	0	0	0	0	0	0	0	0	0	0	0	0	0	0	0	0	0	0	0	0	0	0	0	0	0	0	0	0
ASV_2818	0	0	0	0	0	0	0	0	0	0	0	0	0	0	0	0	0	0	4.2492917847025496e-4	0	0	0	0	0	0	0	0	0	0	0	0	0	0	0	0	0	0	0	0	0	0	0	0	0	0	0	0	0	0	0	0
ASV_2819	0	0	0	0	0	0	0	0	0	0	0	0	0	0	0	0	0	0	4.2492917847025496e-4	0	0	0	0	0	0	0	0	0	0	0	0	0	0	0	0	0	0	0	0	0	0	0	0	0	0	0	0	0	0	0	0
ASV_2825	0	0	0	0	0	0	0	0	0	0	0	0	0	0	0	0	0	0	0	0	0	0	0	0	4.3244801614472595e-4	0	0	0	0	0	0	0	0	0	0	0	0	0	0	0	0	0	0	0	0	0	0	0	0	0	0
ASV_2826	0	0	0	0	0	0	0	0	0	0	0	0	0	0	0	0	0	0	0	0	0	0	0	0	6.126346895383618e-4	0	0	0	0	0	0	0	0	0	0	0	0	0	0	0	0	0	0	0	0	0	0	0	0	0	0
ASV_2828	0	0	0	0	0	0	0	0	0	0	0	0	0	0	0	0	0	0	0	0	0	0	0	5.845484363329328e-4	0	0	0	0	0	0	0	0	0	0	0	0	0	0	0	0	0	0	0	0	0	0	0	0	0	0	0
ASV_2829	0	0	0	0	0	0	0	0	0	0	0	0	0	0	0	0	0	0	0	0	0	0	0	5.845484363329328e-4	0	0	0	0	0	0	0	0	0	0	0	0	0	0	0	0	0	0	0	0	0	0	0	0	0	0	0
ASV_2830	0	0	0	0	0	0	0	0	0	0	0	0	0	0	0	0	0	0	0	0	0	0	0	0	0.0012973440484341779	0	0	0	0	0	0	0	0	0	0	0	0	0	0	0	0	0	0	0	0	0	0	0	0	0	0
ASV_2831	0	0	0	0	0	0	0	0	0	0	0	0	0	0	0	0	0	0	0	0	0	0	0	0	0	0	0	0	0	0	0	0	0	5.380120454919074e-4	0	0	0	0	0	0	0	0	0	0	0	0	0	0	0	0	0
ASV_2835	0	0	0	0	0	0	0	0	0	0	0	0	0	0	0	0	0	0	0	0	0	0	0	0	0	0	0	0	0	0	0	0	0	0	0	0	0	0	0	0	0	0	0	0	0	0	5.580616658140725e-4	0	0	0	0
ASV_2836	0	0	0	0	0	0	0	0	0	0	0	0	0	0	0	0	0	0	0	0	0	0	0	0	0	0	0	0	0	0	0	0	0	0	0	0	0	0	0	0	0	0	0	0	0	0	0	0	8.132468882011431e-4	0	0
ASV_2847	0	0	0	0	0	0.001172293676312969	0	0	0	0	0	0	0	0	0	0	0	0	0	0	0	0	0	0	0	0	0	0	0	0	0	0	0	0	0	0	0	0	0	0	0	0	0	0	0	0	0	0	0	0	0
ASV_2852	0	0	0	0	0	0	0	0	0	0	0	0	0	0	0	0	0	0	0	0	0	0	0	0	0	0	0	0	0	0	0	0	0	0	0	0	0	0	0	0	0	0	0	0	4.5617316333280115e-4	0	0	0	0	0	0
ASV_2854	0	0	0	0	0	0	0	0	0	0	0	0	0	0	0	0	0	0	1.0623229461756374e-4	0	0	0	0	0	0	0	0	0	0	0	0	0	0	0	0	0	0	0	0	0	0	0	0	0	0	0	0	0	0	0	0
ASV_2855	0	0	0	0	0	0	0.00215916101172116	0	0	0	0	0	0	0	0	0	0	0	0	0	0	0	0	0	0	0	0	0	0	0	0	0	0	0	0	0	0	0	0	0	0	0	0	0	0	0	0	0	0	0	0
ASV_2856	0	0	0	0	0	0	0	0	8.829687933600747e-4	0	0	0	0	0	0	0	0	0	0	0	0	0	0	0	0	0	0	0	0	0	0	0	0	0	0	0	0	0	0	0	0	0	0	0	0	0	0	0	0	0	0
ASV_2858	0	0	0	0	0	0	0	0	0	0	0	0	0.0012188327065050842	0	0	0	0	0	0	0	0	0	0	0	0	0	0	0	0	0	0	0	0	0	0	0	0	0	0	0	0	0	0	0	0	0	0	0	0	0	0
ASV_2861	0	0	0	0	0	0	0	0	0	0	0	0	0	0	0	0	0	0	2.7148253068932953e-4	0	0	0	0	0	0	0	0	0	0	0	0	0	0	0	0	0	0	0	0	0	0	0	0	0	0	0	0	0	0	0	0
ASV_2865	0	0	0	0	0	0	0	0	0	0	0	0	0	6.562875998104059e-4	0	0	0	0	0	0	0	0	0	0	0	0	0	0	0	0	0	0	0	0	0	0	0	0	0	0	0	0	0	0	0	0	0	0	0	0	0
ASV_2866	0	0	0	0	0	0	0	0	0	0	0	0	0	0	0	0	0	0	4.1312559017941453e-4	0	0	0	0	0	0	0	0	0	0	0	0	0	0	0	0	0	0	0	0	0	0	0	0	0	0	0	0	0	0	0	0
ASV_2867	0	0	0	0	0	0	0	0	0	0	0	0	0	0	0	0	0	0	0	0	0	0	0	0	7.207466935745433e-4	0	0	0	0	0	0	0	0	0	0	0	0	0	0	0	0	0	0	0	0	0	0	0	0	0	0
ASV_2868	0	0	0	0	0	0	0	0	0	0	0	0	0	0	0	0	0	0	0	0	0	0	9.572469577495124e-5	0	0	0	0	0	0	0	0	0	0	0	0	0	0	0	0	0	2.1410567088065555e-4	0	0	0	0	0	7.750856469639895e-5	0	0	0	0
ASV_2871	0	0	0	0	0	0	0	0	0	0	0	0	0	0	0	0	0	0	0	0	0	0	0	5.683109797681291e-4	0	0	0	0	0	0	0	0	0	0	0	0	0	0	0	0	0	0	0	0	0	0	0	0	0	0	0
ASV_2872	0	0	0	0	0	0	0	0	0	0	0	0	0	0	0	0	0	0	0	0	0	0	0	0	0.0012613067137554506	0	0	0	0	0	0	0	0	0	0	0	0	0	0	0	0	0	0	0	0	0	0	0	0	0	0
ASV_2873	0	0	0	0	0	0	0	0	0	0	0	0	0	0	0	0	0	0	0	0	0	0	0	0	0	8.827238335435057e-4	0	0	0	0	0	0	0	0	0	0	0	0	0	0	0	0	0	0	0	0	0	0	0	0	0
ASV_2878	0	0	0	0	0	0	0	0	0	0	0	0	0	0	0	0	0	0	0	0	0	0	0	0	0	0	0	0	0	0	0	0	0	0	0	0	0	0	0	0	0	0	4.7278130487640144e-4	0	0	0	0	0	0	0	0
ASV_2879	0	0	0	0	0	0	0	0	0	0	0	0	0	0	0	0	0	0	0	0	0	0	0	0	0	0	0	0	0	0	0	0	0	0	0	0	0	0	0	0	0	0	0	0	7.98303035832402e-4	0	0	0	0	0	0
ASV_2880	0	0	0	0	0	0	0	0	0	0	0	0	0	0	0	0	0	0	0	0	0	0	0	0	0	0	0	0	0	0	0	0	0	0	0	0	0	0	0	0	0	0	0	0	7.98303035832402e-4	0	0	0	0	0	0
ASV_2883	0	0	0	0	0	0	0	0	0	0	0	0	0	0	0	0	0	0	8.262511803588291e-5	0	0	0	0	0	0	0	0	0	0	0	0	0	0	0	0	0	0	0	0	0	0	0	0	0	0	0	0	0	0	0	0
ASV_2886	0	0	0	0	0	4.354233654876742e-4	0	0	0	0	0	0	0	0	0	0	0	0	0	0	0	0	0	0	0	0	0	0	0	0	0	0	0	0	0	0	0	0	0	0	0	0	0	0	0	0	0	0	0	0	0
ASV_2889	0	0	0	0	0	0	0	0	0	0	0	0	0	0	0	0	0	0	3.5410764872521244e-5	0	0	0	0	0	0	0	0	0	0	0	0	0	0	0	0	0	0	0	0	0	0	0	0	0	0	0	0	0	0	0	0
ASV_2891	0	0	0	0	0	0	0	0	0	0	0	0	0	0	0	0	0	0	0	0	0	0	0	0	0	0	0	0	0	0	0	0	0	0	0	2.806229830223095e-4	0	0	0	0	0	0	0	0	0	0	0	0	0	0	0
ASV_2894	0	0	0	0	0	0	0	0	0	0	0	0	0	0	0	0	0	3.109973445611349e-4	0	0	0	0	0	0	0	0	0	0	0	0	0	0	0	0	0	0	0	0	0	0	0	0	0	0	0	0	0	0	0	0	0
ASV_2895	0	0	0	0	0	0	0	0	0	0	0	0	0	9.479709775039195e-4	0	0	0	0	0	0	0	0	0	0	0	0	0	0	0	0	0	0	0	0	0	0	0	0	0	0	0	0	0	0	0	0	0	0	0	0	0
ASV_2897	0	0	0	0	0	0	0	0	0	0	0	0	0	0	0	0	0	8.133776703906605e-4	0	0	0	0	0	0	0	0	0	0	0	0	0	0	0	0	0	0	0	0	0	0	0	0	0	0	0	0	0	0	0	0	0
ASV_2898	0	0	0	0	0	0	0	0	0	0	0	0	0	0	0	0	0	0	4.013220018885741e-4	0	0	0	0	0	0	0	0	0	0	0	0	0	0	0	0	0	0	0	0	0	0	0	0	0	0	0	0	0	0	0	0
ASV_2899	0	0	0	0	0	0	0	0	0	0	0	0	0	0	0	0	0	0	4.013220018885741e-4	0	0	0	0	0	0	0	0	0	0	0	0	0	0	0	0	0	0	0	0	0	0	0	0	0	0	0	0	0	0	0	0
ASV_2900	0	0	0	0	0	0	0	0	0	0	0	0	0	0	0	0	0	0	4.013220018885741e-4	0	0	0	0	0	0	0	0	0	0	0	0	0	0	0	0	0	0	0	0	0	0	0	0	0	0	0	0	0	0	0	0
ASV_2901	0	0	0	0	0	0	0	0	0	0	0	0	0	0	0	0	0	0	4.013220018885741e-4	0	0	0	0	0	0	0	0	0	0	0	0	0	0	0	0	0	0	0	0	0	0	0	0	0	0	0	0	0	0	0	0
ASV_2902	0	0	0	0	0	0	0	0	0	0	0	0	0	0	0	0	0	0	4.013220018885741e-4	0	0	0	0	0	0	0	0	0	0	0	0	0	0	0	0	0	0	0	0	0	0	0	0	0	0	0	0	0	0	0	0
ASV_2907	0	0	0	0	0	0	0	0	0	0	0	0	0	0	0	0	0	0	0	0	0	0	0	0	7.567840282532704e-4	0	0	0	0	0	0	0	0	0	0	0	0	0	0	0	0	0	0	0	0	0	0	0	0	0	0
ASV_2908	0	0	0	0	0	0	0	0	0	0	0	0	0	0	0	0	0	0	0	0	0	0	0	0	0.0010450827056830876	0	0	0	0	0	0	0	0	0	0	0	0	0	0	0	0	0	0	0	0	0	0	0	0	0	0
ASV_2910	0	0	0	0	0	0	0	0	0	0	0	0	0	0	0	0	0	0	0	0	0	0	0	5.520735232033254e-4	0	0	0	0	0	0	0	0	0	0	0	0	0	0	0	0	0	0	0	0	0	0	0	0	0	0	0
ASV_2911	0	0	0	0	0	0	0	0	0	0	0	0	0	0	0	0	0	0	0	0	0	0	0	0	0.0012252693790767235	0	0	0	0	0	0	0	0	0	0	0	0	0	0	0	0	0	0	0	0	0	0	0	0	0	0
ASV_2912	0	0	0	0	0	0	0	0	0	0	0	0	0	0	0	0	0	0	0	0	0	0	0	0	0.0012252693790767235	0	0	0	0	0	0	0	0	0	0	0	0	0	0	0	0	0	0	0	0	0	0	0	0	0	0
ASV_2914	0	0	0	0	0	0	0	0	0	0	0	0	0	0	0	0	0	0	0	0	0	0	0	0	0	0	0	0	0	0	0	0	0	0	0	0	0	0	0	0	0	0	0	0	0	0	0	5.300620929880358e-4	0	0	0
ASV_2916	0	0	0	0	0	0	0	0	0	0	0	0	0	0	0	0	0	0	0	0	0	0	0	0	0	0	1.5962711106854387e-4	0	0	0	0	0	0	0	0	0	0	0	0	0	0	0	3.9173308118330407e-4	0	0	0	0	0	0	0	0
ASV_2923	0	0.003187055650894827	0	0	0	0	0	0	0	0	0	0	0	0	0	0	0	0	1.1803588290840416e-4	0	0	0	0	0	0	0	0	0	0	0	0	0	0	0	0	0	0	0	0	0	0	0	0	0	2.2808658166640058e-4	0	0	0	0	0	0
ASV_2930	0	0	6.522448092183933e-4	0	0	0	0	0	0	0	0	0	0	0	0	0	0	0	0	0	0	0	0	0	0	0	0	0	0	0	0	0	0	3.138403598702793e-4	0	0	0	0	0	0	0	0	0	0	0	0	0	0	0	0	0
ASV_2931	0	0	0	0.0016131397565625459	0	0	0	0	0	0	0	0	0	0	0	0	0	0	0	0	0	0	0	0	0	0	0	0	0	0	0	0	0	0	0	0	0	0	0	0	0	0	0	0	0	0	0	0	0	0	0
ASV_2936	0	0	0	0	0	0	0	0	0	0	0	0	0	0	0	0	0	0	1.4164305949008498e-4	0	0	0	0	0	0	0	0	0	0	0	0	0	0	0	0	0	0	0	0	0	0	0	0	0	3.649385306662409e-4	0	0	0	0	0	0
ASV_2937	0	0	0	0	0	0	0	0	0	0	0	0	0	0	0	0	0	0	3.3050047214353164e-4	0	0	0	0	0	0	0	0	0	0	0	0	0	0	0	0	0	0	0	0	0	0	0	0	0	0	0	0	0	0	0	0
ASV_2940	0	0	0	0	0	0	0	0	0	0	0	0	0	0	0	0	0	0	1.2983947119924458e-4	0	0	0	0	0	0	0	0	0	0	0	0	0	0	0	0	0	0	0	0	0	0	0	0	0	2.9651255616632076e-4	0	0	0	0	0	0
ASV_2941	0	0	0	0	0	0	0.0020357803824799505	0	0	0	0	0	0	0	0	0	0	0	0	0	0	0	0	0	0	0	0	0	0	0	0	0	0	0	0	0	0	0	0	0	0	0	0	0	0	0	0	0	0	0	0
ASV_2942	0	0	0	0	0	0	0	0	8.32513433739499e-4	0	0	0	0	0	0	0	0	0	0	0	0	0	0	0	0	0	0	0	0	0	0	0	0	0	0	0	0	0	0	0	0	0	0	0	0	0	0	0	0	0	0
ASV_2944	0	0	0	0	0	0	0	0	0	0	0	0	0	0	0	0	0	0	0	0	0	0	0	0	0	0	4.7888133320563166e-4	0	0	0	0	0	0	0	0	0	0	0	0	0	0	0	0	0	0	0	0	0	0	0	0
ASV_2945	0	0	0	0	0	0	0	0	0	0	0	0	0	0	6.651214350498841e-4	0	0	0	0	0	0	0	0	0	0	0	0	0	0	0	0	0	0	0	0	0	0	0	0	0	0	0	0	0	0	0	0	0	0	0	0
ASV_2946	0	0	0	0	0	0	0	0	0	0	0	0	0	0	6.651214350498841e-4	0	0	0	0	0	0	0	0	0	0	0	0	0	0	0	0	0	0	0	0	0	0	0	0	0	0	0	0	0	0	0	0	0	0	0	0
ASV_2947	0	0	0	0	0	0	0	0	0	0	0	0	0	0	0	0	2.2839393385711677e-4	0	0	0	0	0	0	0	0	0	0	0	0	0	0	0	0	0	0	0	0	0	0	0	0	0.003519356460532931	0	0	0	0	0	0	0	0	0
ASV_2948	0	0	0	0	0	0	0	0	0	0	0	0	0	0	0	0	0	0	3.895184135977337e-4	0	0	0	0	0	0	0	0	0	0	0	0	0	0	0	0	0	0	0	0	0	0	0	0	0	0	0	0	0	0	0	0
ASV_2949	0	0	0	0	0	0	0	0	0	0	0	0	0	0	0	0	0	0	0	7.969397513547976e-4	0	0	0	0	0	0	0	0	0	0	0	0	0	0	0	0	0	0	0	0	0	0	0	0	0	0	0	0	0	0	0
ASV_2950	0	0	0	0	0	0	0	0	0	0	0	0	0	0	0	0	0	0	0	0	0	0	0	0	0.0011892320443979963	0	0	0	0	0	0	0	0	0	0	0	0	0	0	0	0	0	0	0	0	0	0	0	0	0	0
ASV_2951	0	0	0	0	0	0	0	0	0	0	0	0	0	0	0	0	0	0	0	0	0	0	0	0	0	8.322824716267339e-4	0	0	0	0	0	0	0	0	0	0	0	0	0	0	0	0	0	0	0	0	0	0	0	0	0
ASV_2954	0	0	0	0	0	0	0	0	0	0	0	0	0	0	0	0	0	0	0	0	0	0	0	0	0	0	0	0	0	0	0	0	0	0	0	0	0	0	0	7.78283531048796e-4	0	0	0	0	0	0	0	0	0	0	0
ASV_2955	0	0	0	0	0	0	0	0	0	0	0	0	0	0	0	0	0	0	0	0	0	0	0	0	0	0	0	0	0	0	0	0	0	0	0	0	0	0	0	7.78283531048796e-4	0	0	0	0	0	0	0	0	0	0	0
ASV_2957	0	0	0	0	0	0	0	0	0	0	0	0	0	0	0	0	0	0	0	0	0	0	0	0	0	0	0	0	0	0	0	0	0	0	0	0	0	0	0	7.78283531048796e-4	0	0	0	0	0	0	0	0	0	0	0
ASV_2958	0	0	0	0	0	0	0	0	0	0	0	0	0	0	0	0	0	0	0	0	0	0	0	0	0	0	0	0	0	0	0	0	0	0	0	0	0	0	0	7.78283531048796e-4	0	0	0	0	0	0	0	0	0	0	0
ASV_2959	0	0	0	0	0	0	0	0	0	0	0	0	0	0	0	0	0	0	0	0	0	0	0	0	0	0	0	0	0	0	0	0	0	0	0	0	0	0	0	0	2.7249812657537977e-4	0	0	0	0	0	7.750856469639895e-5	0	0	0	0
ASV_2966	0	0	0	0	0	0	0	0	0	0	0	0	0	0	0	0	0	0	3.4230406043437206e-4	0	0	0	0	0	0	0	0	0	0	0	0	0	0	0	0	0	0	0	0	0	0	0	0	0	0	0	0	0	0	0	0
ASV_2967	0	0	0	0.0015642567336364081	0	0	0	0	0	0	0	0	0	0	0	0	0	0	0	0	0	0	0	0	0	0	0	0	0	0	0	0	0	0	0	0	0	0	0	0	0	0	0	0	0	0	0	0	0	0	0
ASV_2973	0	0	0	0	0	0	0	0	0	0	0	0	0.0011143613316617913	0	0	0	0	0	0	0	0	0	0	0	0	0	0	0	0	0	0	0	0	0	0	0	0	0	0	0	0	0	0	0	0	0	0	0	0	0	0
ASV_2974	0	0	0	0	0	0	0	0	0	0	0	0	0.0011143613316617913	0	0	0	0	0	0	0	0	0	0	0	0	0	0	0	0	0	0	0	0	0	0	0	0	0	0	0	0	0	0	0	0	0	0	0	0	0	0
ASV_2977	0	0	0	0	0	0	0	0	0	0	0	0	0	5.469063331753381e-4	0	0	0	0	0	0	0	0	0	0	0	0	0	0	0	0	0	0	0	0	0	0	0	0	0	0	0	0	0	0	0	0	0	0	0	0	0
ASV_2979	0	0	0	0	0	0	0	0	0	0	0	0	0	0	0	0	0	4.306117078538791e-4	0	0	0	0	0	0	0	0	0	0	0	0	0	0	0	0	0	0	0	0	0	0	0	0	0	0	0	0	0	0	0	0	0
ASV_2980	0	0	0	0	0	0	0	0	0	0	0	0	0	0	0	0	0	0	3.7771482530689327e-4	0	0	0	0	0	0	0	0	0	0	0	0	0	0	0	0	0	0	0	0	0	0	0	0	0	0	0	0	0	0	0	0
ASV_2981	0	0	0	0	0	0	0	0	0	0	0	0	0	0	0	0	0	0	3.7771482530689327e-4	0	0	0	0	0	0	0	0	0	0	0	0	0	0	0	0	0	0	0	0	0	0	0	0	0	0	0	0	0	0	0	0
ASV_2982	0	0	0	0	0	0	0	0	0	0	0	0	0	0	0	0	0	0	3.7771482530689327e-4	0	0	0	0	0	0	0	0	0	0	0	0	0	0	0	0	0	0	0	0	0	0	0	0	0	0	0	0	0	0	0	0
ASV_2983	0	0	0	0	0	0	0	0	0	0	0	0	0	0	0	0	0	0	3.7771482530689327e-4	0	0	0	0	0	0	0	0	0	0	0	0	0	0	0	0	0	0	0	0	0	0	0	0	0	0	0	0	0	0	0	0
ASV_2984	0	0	0	0	0	0	0	0	0	0	0	0	0	0	0	0	0	0	3.3050047214353164e-4	0	0	0	0	0	0	0	0	0	0	0	0	0	0	0	0	0	0	0	0	0	3.892830379648283e-5	0	0	0	0	0	0	0	0	0	0
ASV_2993	0	0	0	0	0	0	0	0	0	0	0	0	0	0	0	0	0	0	0	0	0	0	0	5.19598610073718e-4	0	0	0	0	0	0	0	0	0	0	0	0	0	0	0	0	0	0	0	0	0	0	0	0	0	0	0
ASV_3001	0	0	0	0	0	0	0	0	0	0	0	0	0	0	0	0	0	0	0	0	0	0	0	0	0	0	0	0	0	0	0	0	0	0	0	0	0	0	0	0	0	0	0	0	7.298770613324818e-4	0	0	0	0	0	0
ASV_3006	0	0	0	0.0015153737107102703	0	0	0	0	0	0	0	0	0	0	0	0	0	0	0	0	0	0	0	0	0	0	0	0	0	0	0	0	0	0	0	0	0	0	0	0	0	0	0	0	0	0	0	0	0	0	0
ASV_3007	0	0	0	0	0	0	0	0	0	0	0	0	0	0	0	0	0	0	0	0	0	0	0	0	0	0	0	0	0	0	0	0	0	0	0	0	0	0	0	0	0	0	2.7016074564365796e-4	0	0	0	0	0	0	0	0
ASV_3008	0	0	0	0	0	0	0	0	0	0	0	0	0	0	0	0	0	0	0	0	0	0	0	0	0	2.7742749054224464e-4	0	0	0	0	0	0	0	0	0	0	0	0	0	0	0	0	0	0	0	0	0	3.786157807057398e-5	0	0	0
ASV_3011	0	0	0	0	0	0	0	0	0	0	0	0	0	0	0	0	0	0	1.6525023607176582e-4	0	0	0	0	0	0	0	0	0	0	0	0	0	0	0	0	0	0	0	0	0	0	0	0	0	0	0	0	0	0	0	0
ASV_3013	0	0	0	0	0	0	0	0	0	0	0	0	0	0	0	0	0	0	1.6525023607176582e-4	0	0	0	0	0	0	0	0	0	0	0	0	0	0	0	0	0	0	0	0	0	0	0	0	0	0	0	0	0	0	0	0
ASV_3015	0	0	0	0	0	0	0	0	0	0	0	0	0	0	0	0	0	4.0668883519533026e-4	0	0	0	0	0	0	0	0	0	0	0	0	0	0	0	0	0	0	0	0	0	0	0	0	0	0	0	0	0	0	0	0	0
ASV_3016	0	0	0	0	0	0	0	0	0	0	0	0	0	0.0011302730885623656	0	0	0	0	0	0	0	0	0	0	0	0	0	0	0	0	0	0	0	0	0	0	0	0	0	0	0	0	0	0	0	0	0	0	0	0	0
ASV_3019	0	0	0	0	0	0	0	0	0	0	0	0	0	0	0	0	0	1.6746010860984188e-4	0	0	0	0	0	0	0	0	0	0	0	0	0	0	0	0	0	6.547869603853889e-4	0	0	0	0	0	0	0	0	0	0	0	0	0	0	0
ASV_3020	0	0	0	0	0	0	0	0	0	0	0	0	0	0	0	0	0	0	0	0.0024705132291998723	0	0	0	0	0	0	0	0	0	0	0	0	0	0	0	0	0	0	0	0	0	0	0	0	0	0	0	0	0	0	0
ASV_3022	0	0	0	0	0	0	0	0	0	0	0	0	0	0	0	0	0	0	0	0	0	0	0	0	0	0	0	0	0	0	0	0	0	0	0	0	0	0	0	0	0	0	0	0	0	0	7.750856469639895e-5	0	0	7.113821138211383e-4	0
ASV_3023	0	0	0	0	0	0	0	0	0	0	0	0	0	0	0	0	0	0	0	0	0	0	0	0	0	0	0	0	7.871226730685978e-5	0	0	0	0	4.483433712432562e-5	0	0	0	0	0	0	0	0	0	0	0	0	0	0	0	0	0
ASV_3025	0	0	0	0	0	0	0	0	0	0	0	0	0	0	0	0	0	0	0	0	0	0	0	0	8.648960322894519e-4	0	0	0	0	0	0	0	0	0	0	0	0	0	0	0	0	0	0	0	0	0	0	0	0	0	0
ASV_3029	0	0	0	0	0	0	0	0	0	0	0	0	0	0	0	0	0	0	0	0	0	0	0	0	0.001117157375040542	0	0	0	0	0	0	0	0	0	0	0	0	0	0	0	0	0	0	0	0	0	0	0	0	0	0
ASV_3030	0	0	0	0	0	0	0	0	0	0	0	0	0	0	0	0	0	0	0	0	0	0	0	0	0.001117157375040542	0	0	0	0	0	0	0	0	0	0	0	0	0	0	0	0	0	0	0	0	0	0	0	0	0	0
ASV_3031	0	0	0	0	0	0	0	0	0	0	0	0	0	0	0	0	0	0	0	0	0	0	0	0	0.001117157375040542	0	0	0	0	0	0	0	0	0	0	0	0	0	0	0	0	0	0	0	0	0	0	0	0	0	0
ASV_3034	0	0	0	0	0	0	0	0	0	0	0	0	0	0	0	0	0	0	0	0	0	0	0	0	0	0	0	0	0.0012200401432563264	0	0	0	0	0	0	0	0	0	0	0	0	0	0	0	0	0	0	0	0	0	0
ASV_3035	0	0	0	0	0	0	0	0	0	0	0	0	0	0	0	0	0	0	0	0	0	0	0	0	0	0	0	0	0.0012200401432563264	0	0	0	0	0	0	0	0	0	0	0	0	0	0	0	0	0	0	0	0	0	0
ASV_3038	0	0	0	0	0	0	0	0	0	0	0	0	0	0	0	0	0	0	0	0	0	0	0	0	0	0	0	0	0	0	0	0	0	0	0	0	0.002279244173222557	0	0	0	0	0	0	0	0	0	0	0	0	0	0
ASV_3039	0	0	0	0	0	0	0	0	0	0	0	0	0	0	0	0	0	0	0	0	0	0	0	0	0	0	0	0	0	0	0	0	0	0	0	0	0	0	0	0	0	0	3.106848574902067e-4	0	0	0	0	0	0	0	0
ASV_3044	0	0	0	0	0	0	0	0	0	0	0	0	0	0	0	0	0	0	0	0	0	0	0	0	0	0	0	0	0	0	0	0	0	0	0	0	0	0	0	0	0	0	3.512089693367554e-4	0	0	0	0	0	0	0	0
ASV_3046	0	0	0	0	0	0	0	0	0	0	0	0	0	0	0	0	0	0	0	0	0	0	0	0	0	0	0	0	0	0	0	0	0	0	0	0	0	0	0	0	0	0	0	0	0	0	0	9.465394517643495e-5	0	0	0
ASV_3047	0	0	0	0	0	0	0	0	0	0	0	0	0	0	0	0	0	0	0	0	0	0	0	0	0	0	0	0	0	0	0	0	0	0	0	0	0	0	0	0	0	0	0	0	0	9.716345400407459e-4	0	0	0	0	0
ASV_3049	0	0	0	0	0	0	0	0	0	0	0	0	0	0	0	0	0	0	0	0	0	0	0	0	0	0	0	0	0	0	0	0	0	0	0	0	0	0	0	0	0	0	0	0	0	0	4.805531011176735e-4	0	0	0	0
ASV_3051	0	0	0	0	0	0	0	0	0	0	0	0	0	0	0	0	0	0	1.1803588290840415e-5	0	0	0	0	0	0	0	0	0	0	0	0	0	0	0	0	0	0	0	0	0	0	0	0	0	0	0	0	0	0	0	0
ASV_3054	0	0	0	0	0	0	0	0	0	0	0	0	0	0	0	0	0	0	0	0	0	0	0	0	0	0	0	0	0	0	0	0	0	0	0	0	0	0	0	0	0	0	0	0	0	7.835762419683435e-4	0	0	0	0	0
ASV_3055	0	0	0	0	0	0	0	0	0	0	0	0	0	0	0	0	0	0	0	0	0	0	0	0	0	0	0	0	0	0	0	0	0	0	0	0	0	0	0	2.59427843682932e-4	0	0	0	0	0	0	0	0	0	0	0
ASV_3060	0	0	0	0	0	0	0	0	0	0.004377006127808579	0	0	0	0	0	0	6.851818015713503e-4	0	0	0	0	0	0	0	0	0	0	0	0	0	0	0	0	0	0	0	0	0	0	0	0	0	0	0	0	0	0	0	0	0	0
ASV_3061	0	0	0	0	0	0	0	0	0	0	0	0	0.0010447137484329294	0	0	0	0	0	0	0	0	0	0	0	0	0	0	0	0	0	0	0	0	0	0	0	0	0	0	0	0	0	0	0	0	0	0	0	0	0	0
ASV_3064	0	0	0	0	0	0	0	0	0	0	0	0	0	0	0	0	0	0	0	0	0	0	0	0	0	0	0	0	0	0	0	0	0	0	0	0	0	0.0017395626242544733	0	0	0	0	0	0	0	0	0	0	0	0	0
ASV_3066	0	0	0	0	0	0	0	0	0	0	0	0	0	0	0	0	0	0	3.541076487252125e-4	0	0	0	0	0	0	0	0	0	0	0	0	0	0	0	0	0	0	0	0	0	0	0	0	0	0	0	0	0	0	0	0
ASV_3067	0	0	0	0	0	0	0	0	0	0	0	0	0	0	0	0	0	0	3.541076487252125e-4	0	0	0	0	0	0	0	0	0	0	0	0	0	0	0	0	0	0	0	0	0	0	0	0	0	0	0	0	0	0	0	0
ASV_3070	0	0	0	0	0	0	0	0	0	0	0	0	0	0	0	0	0	0	0	0	0	0	0	0	7.928213629319976e-4	0	0	0	0	0	0	0	0	0	0	0	0	0	0	0	0	0	0	0	0	0	0	0	0	0	0
ASV_3075	0	0	0	0	0	0	0	0	0	0	0	0	0	0	0	0	0	0	0	0	0	0	0	4.8712369694411066e-4	0	0	0	0	0	0	0	0	0	0	0	0	0	0	0	0	0	0	0	0	0	0	0	0	0	0	0
ASV_3076	0	0	0	0	0	0	0	0	0	0	0	0	0	0	0	0	0	0	0	0	0	0	0	0	0.0010811200403618149	0	0	0	0	0	0	0	0	0	0	0	0	0	0	0	0	0	0	0	0	0	0	0	0	0	0
ASV_3077	0	0	0	0	0	0	0	0	0	0	0	0	0	0	0	0	0	0	0	0	0	0	0	0	0.0010811200403618149	0	0	0	0	0	0	0	0	0	0	0	0	0	0	0	0	0	0	0	0	0	0	0	0	0	0
ASV_3078	0	0	0	0	0	0	0	0	0	0	0	0	0	0	0	0	0	0	0	0	0	0	0	0	0.0010811200403618149	0	0	0	0	0	0	0	0	0	0	0	0	0	0	0	0	0	0	0	0	0	0	0	0	0	0
ASV_3079	0	0	0	0	0	0	0	0	0	0	0	0	0	0	0	0	0	0	0	0	0	0	0	0	0	7.566204287515763e-4	0	0	0	0	0	0	0	0	0	0	0	0	0	0	0	0	0	0	0	0	0	0	0	0	0
ASV_3080	0	0	0	0	0	0	0	0	0	0	0	0	0	0	0	0	0	0	0	0	0	0	0	0	0	0	0	0	0	0	0.0019326161180184243	0	0	0	0	0	0	0	0	0	0	0	0	0	0	0	0	0	0	0	0
ASV_3081	0	0	0	0	0	0	0	0	0	0	0	0	0	0	0	0	0	0	0	0	0	0	0	0	0	0	0	0	0	0	0	0	0	0	0	8.418689490669286e-4	0	0	0	0	0	0	0	0	0	0	0	0	0	0	0
ASV_3086	0	0	0	0	0	0	0	0	0	0	0	0	0	0	0	0	0	0	0	0	0	0	0	0	0	0	0	0	0	0	0	0	0	0	0	0	0	0	0	0	0	0.003770739064856712	0	0	0	0	0	0	0	0	0
ASV_3091	0	0.007109585682765384	0	0	0	0	0	0	0	0	0	0	0	0	0	0	0	0	0	0	0	0	0	0	0	0	0	0	0	0	0	0	0	0	0	0	0	0	0	0	0	0	0	0	0	0	0	0	0	0	0
ASV_3098	0	0	0	0	0	0	0.0016039481801357186	0	0	0	0	0	0	0	0	0	0	0	0	0	0	0	0	0	0	0	0	0	0	0	0	0	0	0	0	0	0	0	0	0	0	0	0	0	0	0	0	0	0	0	0
ASV_3100	0	0	0	0	3.341017673983495e-5	0	0	0	0	0	0	0	0	0	0	0	0	0	0	0	0	0	0	0	0	7.566204287515763e-5	0	0	0	0	0	0	0	0	0	0	1.4704801117564886e-4	0	0	2.358434942572109e-5	0	0	1.4858841010401187e-4	0	0	0	0	0	0	0	0
ASV_3101	0	0	0	0	0	0	0	0	0	0	0	0	0	0	0	0	0	0	0	0	0	0	0	0	5.765973548596346e-4	0	0	0	0	0	0	0	0	0	0	0	0	0	0	0	0	0	0	0	0	0	0	0	0	0	0
ASV_3102	0	0	0	0	0	9.713290460878885e-4	0	0	0	0	0	0	0	0	0	0	0	0	0	0	0	0	0	0	0	0	0	0	0	0	0	0	0	0	0	0	0	0	0	0	0	0	0	0	0	0	0	0	0	0	0
ASV_3103	0	0	0	0	0	7.368703108252948e-4	0	0	0	0	0	0	0	0	0	0	0	0	0	0	0	0	0	0	0	0	0	0	0	0	0	0	0	0	0	0	0	0	0	0	0	0	0	0	0	0	0	0	0	0	0
ASV_3106	0	0	0	0	0	0	0.0017890191239975325	0	0	0	0	0	0	0	0	0	0	0	0	0	0	0	0	0	0	0	0	0	0	0	0	0	0	0	0	0	0	0	0	0	0	0	0	0	0	0	0	0	0	0	0
ASV_3111	0	0	0	0	0	0	0	0	0	0	0	0	0.0010098899568184985	0	0	0	0	0	0	0	0	0	0	0	0	0	0	0	0	0	0	0	0	0	0	0	0	0	0	0	0	0	0	0	0	0	0	0	0	0	0
ASV_3112	0	0	0	0	0	0	0	0	0	0	0	0	4.5270929098760275e-4	0	0	0	0	0	0	0	0	0	0	0	0	0	0	0	0	0	0	0	0	0	0	0	0	0	0	0	0	0	0	0	0	0	0	0	0	0	0
ASV_3114	0	0	0	0	0	0	0	0	0	0	0	0	0	0	0	0	0	0	0	0	0	0	0	0	0	0	0	0	0	0	0	0	0	5.977911616576749e-5	0	0	0	0	0	0	0	0	5.4032149128731594e-5	0	0	0	0	0	0	0	0
ASV_3116	0	0	0	0	0	0	0	0	0	0	0	0	0	5.469063331753381e-4	0	0	0	0	0	0	0	0	0	0	0	0	0	0	0	0	0	0	0	0	0	0	0	0	0	0	0	0	0	0	0	0	0	0	0	0	0
ASV_3117	0	0	0	0	0	0	0	0	0	0	0	0	0	0	5.845006550438376e-4	0	0	0	0	0	0	0	0	0	0	0	0	0	0	0	0	0	0	0	0	0	0	0	0	0	0	0	0	0	0	0	0	0	0	0	0
ASV_3118	0	0	0	0	0	0	0	0	0	0	0	0	0	0	0	0	0.0013246848163712772	0	0	0	0	0	0	0	0	0	0	0	0	0	0	0	0	0	0	0	0	0	0	0	0	0	0	0	0	0	0	0	0	0	0
ASV_3119	0	0	0	0	0	0	0	0	0	0	0	0	0	0	0	0	0	6.937633070979163e-4	0	0	0	0	0	0	0	0	0	0	0	0	0	0	0	0	0	0	0	0	0	0	0	0	0	0	0	0	0	0	0	0	0
ASV_3120	0	0	0	0	0	0	0	0	0	0	0	0	0	0	0	0	0	0	3.4230406043437206e-4	0	0	0	0	0	0	0	0	0	0	0	0	0	0	0	0	0	0	0	0	0	0	0	0	0	0	0	0	0	0	0	0
ASV_3122	0	0	0	0	0	0	0	0	0	0	0	0	0	0	0	0	0	0	0	0	6.289308176100629e-4	0	0	0	0	0	0	0	0	0	0	0	0	0	0	0	0.0016175281229321374	0	0	0	0	0	0	0	0	0	0	0	0	0	0
ASV_3123	0	0	0	0	0	0	0	0	0	0	0	0	0	0	0	0	0	0	0	0	0	0	0	0	0	0	0	0	0	0	1.9326161180184241e-4	0	0	0	0	0	0	0	0	0	0	0	0	0	0	0	0	0	0	8.130081300813008e-4	0
ASV_3124	0	0	0	0	0	0	0	0	0	0	0	0	0	0	0	0	0	0	0	0	0	0	0	0	0	0	0	0	0	0	0	0	0	0	0	0	0	0	0	0	0	0	0	0	0	0	0	0	0	0.0013211382113821138	0
ASV_3127	0	0	0	0	0	0	0	0	0	0	0	0	0	0	0	0	0	0	0	0	0	0	0	0	1.4414933871490865e-4	0	0	0	0	0	0	0	0	0	0	0	0	0	0	0	0	0	0	0	0	0	0	0	0	0	0
ASV_3129	0	0	0	0	0	0	0	0	0	0	0	0	0	0	0	0	0	0	0	0	0	0	0	0	0	0	0	0	0	0	0	0	0	0	0	0	0	0	0	0	1.2651698733856919e-4	0	0	0	0	0	0	0	0	0	0
ASV_3130	0	0	0	0	0	0	0	0	0	0	0	0	0	0	0	0	0	0	0	0	0	0	0	0	5.765973548596346e-4	0	0	0	0	0	0	0	0	0	0	0	0	0	0	0	0	0	0	0	0	0	0	0	0	0	0
ASV_3131	0	0	0	0	0	0	0	0	0	0	0	0	0	0	0	0	0	0	0	0	0	0	5.982793485934453e-5	0	0	0	0	0	0	0	0	0	0	0	0	0	0	0	0	0	0	0	0	0	0	0	3.72041110542715e-4	0	0	0	0
ASV_3138	0	0	0	0	0	0	0	0	0	0	0	0	0	0	0	0	0	0	0	0	0	0	0	0	0.0010450827056830876	0	0	0	0	0	0	0	0	0	0	0	0	0	0	0	0	0	0	0	0	0	0	0	0	0	0
ASV_3143	0	0	0	0	0	0	0	0	0	0	0	0	0	0	0	0	0	0	0	0	0	0	0	0	0	0	0	0	0	0	0	0	0	4.333985922018143e-4	0	0	0	0	0	0	0	0	0	0	0	0	0	0	0	0	0
ASV_3144	0	0	0	0	0	0	0	0	0	0	0	0	0	0	0	0	0	0	0	0	0	0	0	0	0	0	0	0	0	0	0	0	0	0	0	0.0013563444179411628	0	0	0	0	0	0	0	0	0	0	0	0	0	0	0
ASV_3145	0	0	0	0	0	0	0	0	0	0	0	0	0	0	0	0	0	0	0	0	0	0	0	0	0	0	0	0	0	0	0	0	0	0	0	0.0013563444179411628	0	0	0	0	0	0	0	0	0	0	0	0	0	0	0
ASV_3151	0	0	0	0	0	0	0	0	0	0	0	0	0	0	0	0	0	0	0	0	0	0	0	0	0	0	0	0	0	0	0	0	0	0	0	0	0	0	0	0	0	0	0	0	0	0	6.200685175711916e-5	0	0	0	0
ASV_3152	0	0	0	0	0	0	0	0	0	0	0	0	0	0	0	0	0	0	0	0	0	0	0	0	0	0	0	0	0	0	0	0	0	0	0	0	0	0	0	0	0	0	0	0	0	9.089484406832785e-4	0	0	0	0	0
ASV_3156	0	0.003187055650894827	0	0	0	0	0	0	0	0	0	0	0	0	0	0	0	0	0	0	0	0	0	0	0	0	0	0	0	0	0	0	0	0	0	0	0	0	0	0	0	0	0	0	0	0	0	0	0	0	0
ASV_3159	0	0	0	0	0	0	0	0	0	0	0	0	0	0	0	0	0	0	0	0	0	0	0	0	0	0	0	0	0	0	0	0	0	0	0	0	0	0	0	0	4.866037974560353e-5	0	0	0	0	0	0	0	0	0	0
ASV_3160	0	0	0	0	0	0	0	0	0	0	0	0	0	0	0	0	0	0	0	0	0	0	0	0	0	0	1.9155253328225267e-4	0	0	0	0	0	0	0	0	0	0	0	0	0	0	0	0	0	0	0	0	0	1.129509566946032e-4	0	0
ASV_3162	0	0	0	0	0	0	0.0017273288093769279	0	0	0	0	0	0	0	0	0	0	0	0	0	0	0	0	0	0	0	0	0	0	0	0	0	0	0	0	0	0	0	0	0	0	0	0	0	0	0	0	0	0	0	0
ASV_3166	0	0	0	0	0	0	0	0	0	0	0	0	0	0	0	0	0	0	0	0	0	0	8.375910880308233e-5	0	0	0	0	0	0	0	0	0	0	0	0	0	0	0	0	0	1.557132151859313e-4	0	0	0	0	0	0	0	0	0	0
ASV_3167	0	0	0	0	0	0	0	0	0	0	0	0	9.750661652040675e-4	0	0	0	0	0	0	0	0	0	0	0	0	0	0	0	0	0	0	0	0	0	0	0	0	0	0	0	0	0	0	0	0	0	0	0	0	0	0
ASV_3168	0	0	0	0	0	0	0	0	0	0	0	0	1.392951664577239e-4	0	0	0	0	0	0	0	0	0	0	0	0	0	0	0	0	0	0	0	0	0	0	0	0	0	0	0	0	0	0	0	0	0	0	0	0	0	0
ASV_3171	0	0	0	0	0	0	0	0	0	0	0	0	0	0	0	0	0	9.569149063419536e-5	0	0	0	0	0	0	0	0	0	0	0	0	0	0	0	0	0	0	0	0	0	0	0	0	0	0	0	0	0	0	0	0	0
ASV_3172	0	0	0	0	0	0	0	0	0	0	0	0	0	0.0010208918219272978	0	0	0	0	0	0	0	0	0	0	0	0	0	0	0	0	0	0	0	0	0	0	0	0	0	0	0	0	0	0	0	0	0	0	0	0	0
ASV_3173	0	0	0	0	0	0	0	0	0	0	0	0	0	5.833667553870273e-4	0	0	0	0	0	0	0	0	0	0	0	0	0	0	0	0	0	0	0	0	0	0	0	0	0	0	0	0	0	0	0	0	0	0	0	0	0
ASV_3174	0	0	0	0	0	0	0	0	0	0	0	0	0	0	0	0	0.0012790060295998539	0	0	0	0	0	0	0	0	0	0	0	0	0	0	0	0	0	0	0	0	0	0	0	0	0	0	0	0	0	0	0	0	0	0
ASV_3175	0	0	0	0	0	0	0	0	0	0	0	0	0	0	0	0	0	0	3.3050047214353164e-4	0	0	0	0	0	0	0	0	0	0	0	0	0	0	0	0	0	0	0	0	0	0	0	0	0	0	0	0	0	0	0	0
ASV_3176	0	0	0	0	0	0	0	0	0	0	0	0	0	0	0	0	0	0	0	0.0022314313037934334	0	0	0	0	0	0	0	0	0	0	0	0	0	0	0	0	0	0	0	0	0	0	0	0	0	0	0	0	0	0	0
ASV_3177	0	0	0	0	0	0	0	0	0	0	0	0	0	0	0	0	0	0	0	0	3.5938903863432165e-4	0	0	0	0	0	0	0	0	0	0	0	0	0	0	0	0	0	0	0	0	0	0	0	0	0	0	0	0	0	0
ASV_3180	0	0	0	0	0	0	0	0	0	0	0	0	0	0	0	0	0	0	0	0	0	0	0	0	0	0	0	0	0	0	0	0	0	0	0	0	0	0	0	0	0	0	0	0	0	0	4.6505138817839374e-5	0	0	0	0
ASV_3181	0	0	0	0	0	0	0	0	0	0	0	0	0	0	0	0	0	0	0	0	0	0	0	0	5.405600201809074e-4	0	0	0	0	0	0	0	0	0	0	0	0	0	0	0	0	0	0	0	0	0	0	0	0	0	0
ASV_3182	0	0	0	0	0	0	0	0	0	0	0	0	0	0	0	0	0	0	0	0	0	0	0	4.546487838145033e-4	0	0	0	0	0	0	0	0	0	0	0	0	0	0	0	0	0	0	0	0	0	0	0	0	0	0	0
ASV_3183	0	0	0	0	0	0	0	0	0	0	0	0	0	0	0	0	0	0	0	0	0	0	0	0	0	0	0	0	0	0	0	0	0	0	0	0	0	0	0	0	0	0	0	0	0	2.5074439742986995e-4	0	0	0	0	0
ASV_3184	0	0	0	0	0	0	0	0	0	0	0	0	0	0	0	0	0	0	0	0	0	0	0	0	0.0010090453710043606	0	0	0	0	0	0	0	0	0	0	0	0	0	0	0	0	0	0	0	0	0	0	0	0	0	0
ASV_3185	0	0	0	0	0	0	0	0	0	0	0	0	0	0	0	0	0	0	0	0	0	0	0	0	0.0010090453710043606	0	0	0	0	0	0	0	0	0	0	0	0	0	0	0	0	0	0	0	0	0	0	0	0	0	0
ASV_3186	0	0	0	0	0	0	0	0	0	0	0	0	0	0	0	0	0	0	0	0	0	0	0	0	0.0010090453710043606	0	0	0	0	0	0	0	0	0	0	0	0	0	0	0	0	0	0	0	0	0	0	0	0	0	0
ASV_3187	0	0	0	0	0	0	0	0	0	0	0	0	0	0	0	0	0	0	0	0	0	0	0	0	0	0	0	0	1.1806840096028966e-4	0	0	0	0	0	0	0	0	0	0	0	0	0	0	0	0	0	0	0	0	0	0
ASV_3189	0	0	0	0	0	0	0	0	0	0	0	0	0	0	0	0	0	0	0	0	0	0	0	0	0	0	0	0	0	0	0	0	0	4.184538131603724e-4	0	0	0	0	0	0	0	0	0	0	0	0	0	0	0	0	0
ASV_3190	0	0	0	0	0	0	0	0	0	0	0	0	0	0	0	0	0	0	0	0	0	0	0	0	0	0	0	0	0	0	0	0	0	4.184538131603724e-4	0	0	0	0	0	0	0	0	0	0	0	0	0	0	0	0	0
ASV_3191	0	0	0	0	0	0	0	0	0	0	0	0	0	0	0	0	0	0	0	0	0	0	0	0	0	0	0	0	0	0	0	0	0	0	0	0.0013095739207707778	0	0	0	0	0	0	0	0	0	0	0	0	0	0	0
ASV_3192	0	0	0	0	0	0	0	0	0	0	0	0	0	0	0	0	0	0	0	0	0	0	0	0	0	0	0	0	0	0	0	0	0	0	0	4.677049717038492e-4	0	0	0	0	0	0	0	0	0	0	0	0	0	0	0
ASV_3195	0	0	0	0	0	0	0	0	0	0	0	0	0	0	0	0	0	0	0	0	0	0	0	0	0	0	0	0	0	0	0	0	0	0	0	0	0	0	0	0	2.7249812657537977e-4	0	0	0	0	0	0	0	0	0	0
ASV_3201	0	0	0	0	0	0	0	0	0	0	0	0	0	0	0	0	0	0	0	0	0	0	0	0	0	0	0	0	0	0	0	0	0	0	0	0	0	0	0	0	0	0	3.782250439011212e-4	0	0	0	0	0	0	0	0
ASV_3203	0	0	0	0	0	0	0	0	0	0	0	0	0	0	0	0	0	0	0	0	0	0	0	0	0	0	0	0	0	0	0	0	0	0	0	0	0	0	0	0	0	0	0	0	0	8.776053910045448e-4	0	0	0	0	0
ASV_3205	0	0	0	0	0	0	0	0	0	0	0	0	0	0	0	0	0	0	0	0	0	0	0	0	0	0	0	0	0	0	0	0	0	0	0	0	0	0	0	0	0	0	0	0	0	0	4.340479622998341e-4	0	0	0	0
ASV_3206	0	0	0	0	0	0	0	0	0	0	0	0	0	0	0	0	0	0	0	0	0	0	0	0	0	0	2.2347795549596143e-4	0	0	0	0	0	0	0	0	0	0	0	0	0	0	0	0	0	0	0	0	0	0	0	0
ASV_3212	0	0	0	0	0	0	0	0	0	0	0	0	0	0	0	0	0	0	9.442870632672332e-5	0	0	0	1.1965586971868905e-5	0	0	0	0	0	0	0	0	0	0	0	0	0	0	0	0	0	1.0705283544032778e-4	0	0	0	0	0	0	0	0	0	0
ASV_3213	0	0	0	0	0	1.6747052518756699e-4	0	0	0	0	0	0	0	0	0	0	0	0	0	0	0	0	5.982793485934453e-5	0	0	0	0	0	0	0	0	0	0	0	0	0	0	0	0	0	0	0	0	0	0	0	0	0	0	0	0
ASV_3221	0	0	0	0	0	0	5.55212831585441e-4	0	0	0	0	0	0	0	0	0	0	0	2.1246458923512748e-4	0	0	0	0	0	0	0	0	0	0	0	0	0	0	0	0	0	0	0	0	0	0	0	0	0	0	0	0	0	0	0	0
ASV_3224	0	0	0	0	0	0	0	0	1.2613839905143925e-4	0	0	0	0	0	0	0	0	0	2.5967894239848916e-4	0	0	0	0	0	0	0	0	0	0	0	0	0	0	0	0	0	0	0	0	0	0	0	0	0	0	0	0	0	0	0	0
ASV_3228	0	0	0	0	0	0	0	0	0	0	0	0	0	0	0	0	0	1.913829812683907e-4	0	0	0	0	0	0	0	0	0	0	0	0	0	0	0	0	0	0	0	0	0	0	0	0	0	0	0	0	0	0	0	0	0
ASV_3229	0	0	0	0	0	0	0	0	0	0	0	0	0	5.104459109636489e-4	0	0	0	0	0	0	0	0	0	0	0	0	0	0	0	0	0	0	0	0	0	0	0	0	0	0	0	0	0	0	0	0	0	0	0	0	0
ASV_3230	0	0	0	0	0	0	0	0	0	0	0	0	0	3.6460422211689213e-4	0	0	0	0	0	0	0	0	0	0	0	0	0	0	0	0	0	0	0	0	0	0	0	0	0	0	0	0	0	0	0	0	0	0	0	0	0
ASV_3231	0	0	0	0	0	0	0	0	0	0	0	0	0	0	5.441902650408142e-4	0	0	0	0	0	0	0	0	0	0	0	0	0	0	0	0	0	0	0	0	0	0	0	0	0	0	0	0	0	0	0	0	0	0	0	0
ASV_3232	0	0	0	0	0	0	0	0	0	0	0	0	0	0	4.031039000302328e-4	0	0	0	0	0	0	0	0	0	0	0	0	0	0	0	0	0	0	0	0	0	0	0	0	0	0	0	0	0	0	0	0	0	0	0	0
ASV_3233	0	0	0	0	0	0	0	0	0	0	0	0	0	0	0	0	0	0	0	0	0	0	0	0	0	0	0	0	0	0	0	0	0	0	0	0	0	0	0	0	0	0	0	0	0	0	0	0	4.518038267784128e-4	0	0
ASV_3235	0	0	0	0	0	0	0	0	0	0	0	0	0	0	0	0	0	0	3.186968838526912e-4	0	0	0	0	0	0	0	0	0	0	0	0	0	0	0	0	0	0	0	0	0	0	0	0	0	0	0	0	0	0	0	0
ASV_3236	0	0	0	0	0	0	0	0	0	0	0	0	0	0	0	0	0	0	3.186968838526912e-4	0	0	0	0	0	0	0	0	0	0	0	0	0	0	0	0	0	0	0	0	0	0	0	0	0	0	0	0	0	0	0	0
ASV_3237	0	0	0	0	0	0	0	0	0	0	0	0	0	0	0	0	0	0	3.186968838526912e-4	0	0	0	0	0	0	0	0	0	0	0	0	0	0	0	0	0	0	0	0	0	0	0	0	0	0	0	0	0	0	0	0
ASV_3238	0	0	0	0	0	0	0	0	0	0	0	0	0	0	0	0	0	0	0	0.0021517373286579536	0	0	0	0	0	0	0	0	0	0	0	0	0	0	0	0	0	0	0	0	0	0	0	0	0	0	0	0	0	0	0
ASV_3239	0	0	0	0	0	0	0	0	0	0	0	0	0	0	0	0	0	0	0	0.0021517373286579536	0	0	0	0	0	0	0	0	0	0	0	0	0	0	0	0	0	0	0	0	0	0	0	0	0	0	0	0	0	0	0
ASV_3250	0	0	0	0	0	0	0	0	0	0	0	0	0	0	0	0	0	0	0	0	0	0	0	0	9.730080363256334e-4	0	0	0	0	0	0	0	0	0	0	0	0	0	0	0	0	0	0	0	0	0	0	0	0	0	0
ASV_3251	0	0	0	0	0	0	0	0	0	0	0	0	0	0	0	0	0	0	0	0	0	0	0	0	9.730080363256334e-4	0	0	0	0	0	0	0	0	0	0	0	0	0	0	0	0	0	0	0	0	0	0	0	0	0	0
ASV_3252	0	0	0	0	0	0	0	0	0	0	0	0	0	0	0	0	0	0	0	0	0	0	0	0	9.730080363256334e-4	0	0	0	0	0	0	0	0	0	0	0	0	0	0	0	0	0	0	0	0	0	0	0	0	0	0
ASV_3253	0	0	0	0	0	0	0	0	0	0	0	0	0	0	0	0	0	0	0	0	0	0	0	0	0	0	0	0.001669242658423493	0	0	0	0	0	0	0	0	0	0	0	0	0	0	0	0	0	0	0	0	0	0	0
ASV_3255	0	0	0	0	0	0	0	0	0	0	0	0	0	0	0	0	0	0	0	0	0	0	0	0	0	0	0	0	0	0	0	0	0	0	0	0	0	0	0	0	2.1410567088065555e-4	0	0	0	0	0	7.750856469639895e-5	0	0	0	0
ASV_3263	0	0	0	0	0	0	0	0	0	0	0	0	0	0	0	0	0	0	0	0	0	0	0	0	0	0	0	0	0	0	0	0	0	0	0	0	0	0	0	0	0	0	0	0	0	0	4.1854624936055434e-4	0	0	0	0
ASV_3264	0	0	0	0	0	0	0	0	0	0	0	0	0	0	0	0	0	0	0	0	0	0	0	0	0	0	0	0	0	0	0	0	0	0	0	0	0	0	0	0	0	0	0	0	0	0	0	0	6.099351661508573e-4	0	0
ASV_3270	0	0.006374111301789654	0	0	0	0	0	0	0	0	0	0	0	0	0	0	0	0	0	0	0	0	0	0	0	0	0	0	0	0	0	0	0	0	0	0	0	0	0	0	0	0	0	0	0	0	0	0	0	0	0
ASV_3277	0	0	0	0	0	0	0	0	0	0	0	0	0	0	0	0	0	0	0	0	0	0	0	0	0	0	0	0	0	0	0	0	0	0	0	0	0	0	0	0	0	0	0	0	1.596606071664804e-4	0	0	0	0	0	0
ASV_3278	0	0	0	0	0	0	0	0	0	0	0	0	0	0	0	0	0	0	2.0066100094428706e-4	0	0	0	0	0	0	0	0	0	0	0	0	0	0	0	0	0	0	0	0	0	0	0	0	0	0	0	0	0	0	0	0
ASV_3279	0	0	0	0	0	0	0	0	0	0	0	0	0	0	0	0	0	0	0	0	0	0	0	0	1.0811200403618149e-4	0	0	0	0	0	0	0	0	0	0	0	0	0	0	0	0	0	0	0	0	0	0	0	0	0	0
ASV_3280	0	0	0	0	0	0	2.4676125848241827e-4	0	0	0	0	0	0	0	0	0	0	0	0	0	0	0	0	0	0	0	0	0	0	0	0	0	0	0	0	0	0	0	0	0	0	0	0	0	0	0	0	0	0	0	0
ASV_3281	0	0	0	0	0	0	0	0	0	0	0	0	0	0	0	0	0	0	1.1803588290840416e-4	0	0	0	0	0	0	0	0	0	0	0	0	0	0	0	0	0	0	0	0	0	0	0	0	0	0	0	0	0	0	0	0
ASV_3283	0	0	0	0	0	0	0	0	0	0	0	0	0	0	0	0	0	0	0	0	0	0	0	0	0	0	0	0	0	0	0	0.01059001512859304	0	0	0	0	0	0	0	0	0	0	0	0	0	0	0	0	0	0	0
ASV_3284	0	0	0	0	0	0	0.0016039481801357186	0	0	0	0	0	0	0	0	0	0	0	0	0	0	0	0	0	0	0	0	0	0	0	0	0	0	0	0	0	0	0	0	0	0	0	0	0	0	0	0	0	0	0	0
ASV_3285	0	0	0	0	0	0	0.0016039481801357186	0	0	0	0	0	0	0	0	0	0	0	0	0	0	0	0	0	0	0	0	0	0	0	0	0	0	0	0	0	0	0	0	0	0	0	0	0	0	0	0	0	0	0	0
ASV_3286	0	0	0	0	0	0	0.0016039481801357186	0	0	0	0	0	0	0	0	0	0	0	0	0	0	0	0	0	0	0	0	0	0	0	0	0	0	0	0	0	0	0	0	0	0	0	0	0	0	0	0	0	0	0	0
ASV_3291	0	0	0	0	0	0	0	0	0	0	0	0	0	9.479709775039195e-4	0	0	0	0	0	0	0	0	0	0	0	0	0	0	0	0	0	0	0	0	0	0	0	0	0	0	0	0	0	0	0	0	0	0	0	0	0
ASV_3292	0	0	0	0	0	0	0	0	0	0	0	0	0	9.479709775039195e-4	0	0	0	0	0	0	0	0	0	0	0	0	0	0	0	0	0	0	0	0	0	0	0	0	0	0	0	0	0	0	0	0	0	0	0	0	0
ASV_3293	0	0	0	0	0	0	0	0	0	0	0	0	0	3.281437999052029e-4	0	0	0	0	0	0	0	0	0	0	0	0	0	0	0	0	0	0	0	0	0	0	0	0	0	0	0	0	0	0	0	0	0	0	0	0	0
ASV_3294	0	0	0	0	0	0	0	0	0	0	0	0	0	0	5.240350700393027e-4	0	0	0	0	0	0	0	0	0	0	0	0	0	0	0	0	0	0	0	0	0	0	0	0	0	0	0	0	0	0	0	0	0	0	0	0
ASV_3295	0	0	0	0	0	0	0	0	0	0	0	0	0	0	5.240350700393027e-4	0	0	0	0	0	0	0	0	0	0	0	0	0	0	0	0	0	0	0	0	0	0	0	0	0	0	0	0	0	0	0	0	0	0	0	0
ASV_3296	0	0	0	0	0	0	0	0	0	0	0	0	0	0	0	0	0	0	3.068932955618508e-4	0	0	0	0	0	0	0	0	0	0	0	0	0	0	0	0	0	0	0	0	0	0	0	0	0	0	0	0	0	0	0	0
ASV_3297	0	0	0	0	0	0	0	0	0	0	0	0	0	0	0	0	0	0	3.068932955618508e-4	0	0	0	0	0	0	0	0	0	0	0	0	0	0	0	0	0	0	0	0	0	0	0	0	0	0	0	0	0	0	0	0
ASV_3298	0	0	0	0	0	0	0	0	0	0	0	0	0	0	0	0	0	0	3.068932955618508e-4	0	0	0	0	0	0	0	0	0	0	0	0	0	0	0	0	0	0	0	0	0	0	0	0	0	0	0	0	0	0	0	0
ASV_3299	0	0	0	0	0	0	0	0	0	0	0	0	0	0	0	0	0	0	3.068932955618508e-4	0	0	0	0	0	0	0	0	0	0	0	0	0	0	0	0	0	0	0	0	0	0	0	0	0	0	0	0	0	0	0	0
ASV_3300	0	0	0	0	0	0	0	0	0	0	0	0	0	0	0	0	0	0	3.068932955618508e-4	0	0	0	0	0	0	0	0	0	0	0	0	0	0	0	0	0	0	0	0	0	0	0	0	0	0	0	0	0	0	0	0
ASV_3302	0	0	0	0	0	0	0	0	0	0	0	0	0	0	0	0	0	0	0	0	0	0	0	0	2.1622400807236298e-4	0	0	0	0	0	0	0	0	0	0	0	0	0	0	0	0	0	0	0	0	0	0	0	0	0	0
ASV_3311	0	0	0	0	0	0	0	0	0	0	0	0	0	0	0	0	0	0	0	0	0	0	0	0	2.882986774298173e-4	0	0	0	0	0	0	0	0	0	0	0	0	0	0	0	0	0	0	0	0	0	0	0	0	0	0
ASV_3312	0	0	0	0	0	0	0	0	0	0	0	0	0	0	0	0	0	0	0	0	0	0	0	0	6.486720242170889e-4	0	0	0	0	0	0	0	0	0	0	0	0	0	0	0	0	0	0	0	0	0	0	0	0	0	0
ASV_3313	0	0	0	0	0	0	0	0	0	0	0	0	0	0	0	0	0	0	0	0	0	0	1.0769028274682015e-4	0	0	0	0	0	0	0	0	0	0	0	0	0	0	0	0	0	8.758868354208637e-5	0	0	0	0	0	0	0	0	0	0
ASV_3320	0	0	0	0	0	0	0	0	0	0	0	0	0	0	0	0	0	0	0	0	0	0	0	4.221738706848959e-4	0	0	0	0	0	0	0	0	0	0	0	0	0	0	0	0	0	0	0	0	0	0	0	0	0	0	0
ASV_3321	0	0	0	0	0	0	0	0	0	0	0	0	0	0	0	0	0	0	0	0	0	0	0	4.221738706848959e-4	0	0	0	0	0	0	0	0	0	0	0	0	0	0	0	0	0	0	0	0	0	0	0	0	0	0	0
ASV_3322	0	0	0	0	0	0	0	0	0	0	0	0	0	0	0	0	0	0	0	0	0	0	0	4.221738706848959e-4	0	0	0	0	0	0	0	0	0	0	0	0	0	0	0	0	0	0	0	0	0	0	0	0	0	0	0
ASV_3323	0	0	0	0	0	0	0	0	0	0	0	0	0	0	0	0	0	0	0	0	0	0	0	0	9.369707016469062e-4	0	0	0	0	0	0	0	0	0	0	0	0	0	0	0	0	0	0	0	0	0	0	0	0	0	0
ASV_3324	0	0	0	0	0	0	0	0	0	0	0	0	0	0	0	0	0	0	0	0	0	0	0	0	7.928213629319976e-4	0	0	0	0	0	0	0	0	0	0	0	0	0	0	0	0	0	0	0	0	0	0	0	0	0	0
ASV_3325	0	0	0	0	0	0	0	0	0	0	0	0	0	0	0	0	0	0	0	0	0	0	0	0	0	6.557377049180328e-4	0	0	0	0	0	0	0	0	0	0	0	0	0	0	0	0	0	0	0	0	0	0	0	0	0
ASV_3327	0	0	0	0	0	0	0	0	0	0	0	0	0	0	0	0	0	0	0	0	0	0	0	0	0	0	0	3.091190108191654e-4	0	0	0	0	0	0	0	0	0	0	0	0	0	0	0	0	0	0	0	0	0	0	0
ASV_3328	0	0	0	0	0	0	0	0	0	0	0	0	0	0	0	0	0	0	0	0	0	0	0	0	0	0	0	0	0	0	0	0	0	0	0	0.001216032926430008	0	0	0	0	0	0	0	0	0	0	0	0	0	0	0
ASV_3329	0	0	0	0	0	0	0	0	0	0	0	0	0	0	0	0	0	0	0	0	0	0	0	0	0	0	0	0	0	0	0	0	0	0	0	0	0	0	0	0	2.5303397467713837e-4	0	0	0	0	0	0	0	0	0	0
ASV_3351	0	0	0	0	0	0	0	0	0	0	0	0	0	0	0	0	0	0	1.7705382436260624e-4	0	0	0	0	0	0	0	0	0	0	0	0	0	0	0	0	0	0	0	0	0	0	0	0	0	0	0	0	0	0	0	0
ASV_3353	0	0	0.0013588433525383195	0	0	0	0	0	0	0	0	0	0	0	0	0	0	0	0	0	0	0	0	0	0	0	0	0	0	0	0	0	0	0	0	0	0	0	0	0	0	0	0	0	0	0	0	0	0	0	0
ASV_3354	0	0	0	0	0	0	0	0	0	0	0	0	0	0	0	0	0	0	0	7.969397513547976e-4	0	0	0	0	0	0	0	0	0	0	0	0	0	0	0	0	0	0	0	0	0	0	0	0	0	0	0	0	0	0	0
ASV_3356	0	0	0	0	8.352544184958738e-4	0	0	0	0	0	0	0	0	0	0	0	0	0	0	0	0	0	0	0	0	0	0	0	0	0	0	0	0	0	0	0	0	0	0	0	0	0	0	0	0	0	0	0	0	0	0
ASV_3357	0	0	0	0	0	0	0	0	0	0	0	0	0	0	0	0	0	0	0	0	0	0	0	0	0	0	3.8310506656450533e-4	0	0	0	0	0	0	0	0	0	0	0	0	0	0	0	0	0	0	0	0	0	0	0	0
ASV_3360	0	0	0	0	0	0	0	0	0	0	0	0	0	0	0	0	0	0	2.360717658168083e-5	0	0	0	0	0	0	0	0	0	0	0	0	0	0	0	0	0	0	0	0	0	0	0	0	0	0	0	0	0	0	0	0
ASV_3364	0	0	0	0	0	0	0	0	6.306919952571962e-4	0	0	0	0	0	0	0	0	0	0	0	0	0	0	0	0	0	0	0	0	0	0	0	0	0	0	0	0	0	0	0	0	0	0	0	0	0	0	0	0	0	0
ASV_3368	0	0	0	0	0	0	0	0	0	0	0	0	0	5.833667553870273e-4	0	0	0	0	0	0	0	0	0	0	0	0	0	0	0	0	0	0	0	0	0	0	0	0	0	0	0	0	0	0	0	0	0	0	0	0	0
ASV_3369	0	0	0	0	0	0	0	0	0	0	0	0	0	0	5.03879875037791e-4	0	0	0	0	0	0	0	0	0	0	0	0	0	0	0	0	0	0	0	0	0	0	0	0	0	0	0	0	0	0	0	0	0	0	0	0
ASV_3370	0	0	0	0	0	0	0	0	0	0	0	0	0	0	0	0	0	5.98071816463721e-4	0	0	0	0	0	0	0	0	0	0	0	0	0	0	0	0	0	0	0	0	0	0	0	0	0	0	0	0	0	0	0	0	0
ASV_3371	0	0	0	0	0	0	0	0	0	0	0	0	0	0	0	0	0	0	2.950897072710104e-4	0	0	0	0	0	0	0	0	0	0	0	0	0	0	0	0	0	0	0	0	0	0	0	0	0	0	0	0	0	0	0	0
ASV_3372	0	0	0	0	0	0	0	0	0	0	0	0	0	0	0	0	0	0	2.950897072710104e-4	0	0	0	0	0	0	0	0	0	0	0	0	0	0	0	0	0	0	0	0	0	0	0	0	0	0	0	0	0	0	0	0
ASV_3373	0	0	0	0	0	0	0	0	0	0	0	0	0	0	0	0	0	0	0	0.001992349378386994	0	0	0	0	0	0	0	0	0	0	0	0	0	0	0	0	0	0	0	0	0	0	0	0	0	0	0	0	0	0	0
ASV_3374	0	0	0	0	0	0	0	0	0	0	0	0	0	0	0	0	0	0	0	0.001992349378386994	0	0	0	0	0	0	0	0	0	0	0	0	0	0	0	0	0	0	0	0	0	0	0	0	0	0	0	0	0	0	0
ASV_3384	0	0	0	0	0	0	0	0	0	0	0	0	0	0	0	0	0	0	0	0	0	0	0	0	5.405600201809074e-4	0	0	0	0	0	0	0	0	0	0	0	0	0	0	0	0	0	0	0	0	0	0	0	0	0	0
ASV_3385	0	0	0	0	0	0	0	0	0	0	0	0	0	0	0	0	0	0	0	0	0	0	0	0	3.6037334678727163e-4	0	0	0	0	0	0	0	0	0	0	0	0	0	0	0	0	0	0	0	0	0	0	0	0	0	0
ASV_3386	0	0	0	0	0	0	0	0	0	0	0	0	0	0	0	0	0	0	0	0	0	0	2.9913967429672265e-4	0	0	0	0	0	0	0	0	0	0	0	0	0	0	0	0	0	0	0	0	0	0	0	0	0	0	0	0
ASV_3395	0	0	0	0	0	0	0	0	0	0	0	0	0	0	0	0	0	0	0	0	0	0	0	0	9.009333669681791e-4	0	0	0	0	0	0	0	0	0	0	0	0	0	0	0	0	0	0	0	0	0	0	0	0	0	0
ASV_3397	0	0	0	0	0	0	0	0	0	0	0	0	0	0	0	0	0	0	0	0	0	0	0	0	0	0	2.554033777096702e-4	0	0	0	0	0	0	0	0	0	0	0	0	0	0	0	0	0	0	0	0	0	0	0	0
ASV_3398	0	0	0	0	0	0	0	0	0	0	0	0	0	0	0	0	0	0	0	0	0	0	0	0	0	0	0	0	0	0	0	0	0	0	4.413452202312649e-4	0	0	0	0	0	0	0	0	0	0	0	0	0	0	0	0
ASV_3401	0	0	0	0	0	0	0	0	0	0	0	0	0	0	0	0	0	0	0	0	0	0	0	0	0	0	0	0	0	0	0	0	0	0	0	0	0	0	0	0	2.4330189872801767e-4	0	0	0	0	0	0	0	0	0	0
ASV_3404	0	0	0	0	0	0	0	0	0	0	0	0	0	0	0	0	0	0	0	0	0	0	0	0	0	0	0	0	0	0	0	0	0	0	0	0	0	0	0	0	0	0	3.377009320545725e-4	0	0	0	0	0	0	0	0
ASV_3408	0	0	0	0	0	0	0	0	0	0	0	0	0	0	0	0	0	0	0	0	0	0	0	0	0	0	0	0	0	0	0	0	0	0	0	0	0	0	0	0	0	0	0	0	0	7.835762419683435e-4	0	0	0	0	0
ASV_3410	0	0	0	0	0	0	0	0	0	0	0	0	0	0	0	0	0	0	4.721435316336166e-5	0	0	0	0	0	0	0	0	0	0	0	0	0	0	0	0	0	0	0	0	0	0	0	0	0	0	0	0	0	0	0	0
ASV_3411	0	0	0	0	0	0	0	0	0	0	0	0	0	0	0	0	0	0	2.1246458923512748e-4	0	0	0	0	0	0	0	0	0	0	0	0	0	0	0	0	0	0	0	0	0	0	0	0	0	0	0	0	0	0	0	0
ASV_3412	0	0	0	0	0	0	0	0	0	0	0	0	0	0	0	0	0	0	2.1246458923512748e-4	0	0	0	0	0	0	0	0	0	0	0	0	0	0	0	0	0	0	0	0	0	0	0	0	0	0	0	0	0	0	0	0
ASV_3413	0	0	0	0	0	0	2.4676125848241827e-4	0	0	0	0	0	0	0	0	0	0	0	0	0	0	0	0	0	0	0	0	6.182380216383307e-5	0	0	0	0	7.347898501028706e-5	0	0	0	0	0	0	2.358434942572109e-4	0	0	1.3508037282182899e-5	0	0	0	0	0	0	0	0
ASV_3415	0	0	0	0	0	0	0	0	0	0	0	0	0	0	0	0	0	0	0	0	0	0	0	0	0	0	0	0	0	0	0	0	0	0	0	0	1.4704801117564886e-4	0	0	4.716869885144218e-5	0	0	0	0	0	0	0	0	0	0	2.000311159513702e-4
ASV_3416	0	0	0	0	0	0	0	0	4.5409823658518124e-4	0	0	0	0	0	0	0	0	0	0	0	0	0	0	0	0	0	0	0	0	0	0	0	0	0	0	0	0	0	0	0	0	0	0	0	0	0	0	0	0	0	0
ASV_3417	0	0	0	0	8.018442417560389e-4	0	0	0	0	0	0	0	0	0	0	0	0	0	0	0	0	0	0	0	0	0	0	0	0	0	0	0	0	0	0	0	0	0	0	0	0	0	0	0	0	0	0	0	0	0	0
ASV_3418	0	0	0	0	0	8.038585209003215e-4	0	0	0	0	0	0	0	0	0	0	0	0	0	0	0	0	0	0	0	0	0	0	0	0	0	0	0	0	0	0	0	0	0	0	0	0	0	0	0	0	0	0	0	0	0
ASV_3419	0	0	0	0	0	8.038585209003215e-4	0	0	0	0	0	0	0	0	0	0	0	0	0	0	0	0	0	0	0	0	0	0	0	0	0	0	0	0	0	0	0	0	0	0	0	0	0	0	0	0	0	0	0	0	0
ASV_3421	0	0	0	0	0	0	0	0	0	0	0	0	0	0	0	0	0	0	1.534466477809254e-4	0	0	0	0	0	0	0	0	0	0	0	0	0	0	0	0	0	0	0	0	0	0	0	0	0	0	0	0	0	0	0	0
ASV_3424	0	0	0	0	0	0	0.0014805675508945096	0	0	0	0	0	0	0	0	0	0	0	0	0	0	0	0	0	0	0	0	0	0	0	0	0	0	0	0	0	0	0	0	0	0	0	0	0	0	0	0	0	0	0	0
ASV_3425	0	0	0	0	0	0	3.701418877236274e-4	0	0	0	0	0	0	0	0	0	0	0	2.1246458923512748e-4	0	0	0	0	0	0	0	0	0	0	0	0	0	0	0	0	0	0	0	0	0	0	0	0	0	0	0	0	0	0	0	0
ASV_3426	0	0	0	0	0	0	0	0	6.054643154469084e-4	0	0	0	0	0	0	0	0	0	0	0	0	0	0	0	0	0	0	0	0	0	0	0	0	0	0	0	0	0	0	0	0	0	0	0	0	0	0	0	0	0	0
ASV_3427	0	0	0	0	0	0	0	0	5.550089558263326e-4	0	0	0	0	0	0	0	0	0	0	0	0	0	0	0	0	0	0	1.2364760432766615e-4	0	0	0	0	0	0	0	0	0	0	0	0	0	0	0	0	0	0	0	0	0	0	0
ASV_3429	0	0	0	0	0	0	0	0	0	0	0	0	0	0	0	0	0	0	0	0	0	0	0	0	0	2.269861286254729e-4	0	0	0	0	0	0	0	0	0	0	0	0	0	0	0	0	0	0	0	0	0	0	0	0	0
ASV_3430	0	0	0	0	0	0	0	0	0	0	0	0	8.357709987463436e-4	0	0	0	0	0	0	0	0	0	0	0	0	0	0	0	0	0	0	0	0	0	0	0	0	0	0	0	0	0	0	0	0	0	0	0	0	0	0
ASV_3435	0	0	0	0	0	0	0	0	0	0	0	0	0	0	0	0	0	0	0	0	0	0	0	0	0	0	0	0	0	0	0	0	0	0	0	0	0	0	0	0	0	0	0	0	2.0527792349976052e-4	0	0	0	0	0	0
ASV_3436	0	0	0	0	0	0	0	0	0	0	0	0	0	8.750501330805411e-4	0	0	0	0	0	0	0	0	0	0	0	0	0	0	0	0	0	0	0	0	0	0	0	0	0	0	0	0	0	0	0	0	0	0	0	0	0
ASV_3437	0	0	0	0	0	0	0	0	0	0	0	0	0	5.104459109636489e-4	0	0	0	0	0	0	0	0	0	0	0	0	0	0	0	0	0	0	0	0	0	0	0	0	0	0	0	0	0	0	0	0	0	0	0	0	0
ASV_3438	0	0	0	0	0	0	0	0	0	0	0	0	0	4.7398548875195976e-4	0	0	0	0	0	0	0	0	0	0	0	0	0	0	0	0	0	0	0	0	0	0	0	0	0	0	0	0	0	0	0	0	0	0	0	0	0
ASV_3439	0	0	0	0	0	0	0	0	0	0	0	0	0	2.1876253327013527e-4	0	0	0	0	0	0	0	0	0	0	0	0	0	0	0	0	0	0	0	0	0	0	0	0	0	0	0	0	0	0	0	5.641748942172073e-4	0	0	0	0	0
ASV_3440	0	0	0	0	0	0	0	0	0	0	0	0	0	2.1876253327013527e-4	0	0	0	0	0	0	0	0	0	0	0	0	0	0	0	0	0	0	0	0	0	0	0	0	0	0	0	0	0	0	0	0	0	0	0	0	0
ASV_3441	0	0	0	0	0	0	0	0	0	0	0	0	0	0	2.015519500151164e-4	0	0	0	0	0	0	0	0	0	0	0	0	0	0	0	0	0	0	0	0	0	0	0	0	0	0	0	0	0	0	0	0	0	0	9.146341463414635e-4	0
ASV_3442	0	0	0	0	0	0	0	0	0	0	0	0	0	0	0	0	0	0	2.8328611898016995e-4	0	0	0	0	0	0	0	0	0	0	0	0	0	0	0	0	0	0	0	0	0	0	0	0	0	0	0	0	0	0	0	0
ASV_3443	0	0	0	0	0	0	0	0	0	0	0	0	0	0	0	0	0	0	2.8328611898016995e-4	0	0	0	0	0	0	0	0	0	0	0	0	0	0	0	0	0	0	0	0	0	0	0	0	0	0	0	0	0	0	0	0
ASV_3444	0	0	0	0	0	0	0	0	0	0	0	0	0	0	0	0	0	0	2.8328611898016995e-4	0	0	0	0	0	0	0	0	0	0	0	0	0	0	0	0	0	0	0	0	0	0	0	0	0	0	0	0	0	0	0	0
ASV_3445	0	0	0	0	0	0	0	0	0	0	0	0	0	0	0	0	0	0	2.8328611898016995e-4	0	0	0	0	0	0	0	0	0	0	0	0	0	0	0	0	0	0	0	0	0	0	0	0	0	0	0	0	0	0	0	0
ASV_3446	0	0	0	0	0	0	0	0	0	0	0	0	0	0	0	0	0	0	1.7705382436260624e-4	0	0	0	0	0	0	0	0	0	0	0	0	0	0	0	0	0	0	0	0	0	0	0	0	0	2.0527792349976052e-4	0	0	0	0	0	0
ASV_3447	0	0	0	0	0	0	0	0	0	0	0	0	0	0	0	0	0	0	0	0.001275103602167676	0	0	0	0	0	0	0	0	0	0	0	0	0	0	0	0	0	0	0	0	0	0	0	0	0	0	0	0	0	0	0
ASV_3450	0	0	0	0	0	0	0	0	0	0	0	0	0	0	0	0	0	0	0	0	0.00215633423180593	0	0	0	0	0	0	0	0	0	0	0	0	0	0	0	0	0	0	0	0	0	0	0	0	0	0	0	0	0	0
ASV_3454	0	0	0	0	0	0	0	0	0	0	0	0	0	0	0	0	0	0	0	0	0	0	0	0	5.765973548596346e-4	0	0	0	0	0	0	0	0	0	0	0	0	0	0	0	0	0	0	0	0	0	0	0	0	0	0
ASV_3455	0	0	0	0	0	0	0	0	0	0	0	0	0	0	0	0	0	0	0	0	0	0	0	0	6.847093588958161e-4	0	0	0	0	0	0	0	0	0	0	0	0	0	0	0	0	0	0	0	0	0	0	0	0	0	0
ASV_3461	0	0	0	0	0	0	0	0	0	0	0	0	0	0	0	0	0	0	0	0	0	0	0	3.8969895755528854e-4	0	0	0	0	0	0	0	0	0	0	0	0	0	0	0	0	0	0	0	0	0	0	0	0	0	0	0
ASV_3462	0	0	0	0	0	0	0	0	0	0	0	0	0	0	0	0	0	0	0	0	0	0	0	0	8.648960322894519e-4	0	0	0	0	0	0	0	0	0	0	0	0	0	0	0	0	0	0	0	0	0	0	0	0	0	0
ASV_3463	0	0	0	0	0	0	0	0	0	0	0	0	0	0	0	0	0	0	0	0	0	0	0	0	5.765973548596346e-4	0	0	0	0	0	0	0	0	0	0	0	0	0	0	1.8867479540576873e-4	0	0	0	0	0	0	0	0	0	0	0
ASV_3464	0	0	0	0	0	0	0	0	0	0	0	0	0	0	0	0	0	0	0	0	0	0	0	0	0	6.05296343001261e-4	0	0	0	0	0	0	0	0	0	0	0	0	0	0	0	0	0	0	0	0	0	0	0	0	0
ASV_3469	0	0	0	0	0	0	0	0	0	0	0	0	0	0	0	0	0	0	0	0	0	0	0	0	0	0	0	0	0	0	0	0	0	3.5867469699460495e-4	0	0	0	0	0	0	0	0	0	0	0	0	0	0	0	0	0
ASV_3470	0	0	0	0	0	0	0	0	0	0	0	0	0	0	0	0	0	0	0	0	0	0	0	0	0	0	0	0	0	0	0	0	0	0	0	0.001122491932089238	0	0	0	0	0	0	0	0	0	0	0	0	0	0	0
ASV_3471	0	0	0	0	0	0	0	0	0	0	0	0	0	0	0	0	0	0	0	0	0	0	0	0	0	0	0	0	0	0	0	0	0	0	0	0.001122491932089238	0	0	0	0	0	0	0	0	0	0	0	0	0	0	0
ASV_3479	0	0	0	0	0	0	0	0	0	0	0	0	0	0	0	0	0	0	0	0	0	0	0	0	0	0	0	0	0	0	0	0	0	0	0	0	0	0	0	0	0	0.0030165912518853697	0	0	0	0	0	0	0	0	0
ASV_3485	0	0	0	0	0	0	0	0	0	0	0	0	0	0	0	0	0	0	0	0	0	0	0	0	0	0	0	0	0	0	0	0	0	0	0	0	0	0	0	0	0	0	0	0	0	7.522331922896097e-4	0	0	0	0	0
ASV_3488	0	0	0	0	0	0	0	0	0	0	0	0	0	0	0	0	0	0	0	0	0	0	0	0	0	0	0	0	0	0	0	0	0	0	0	0	0	0	0	0	0	0	0	0	0	0	3.72041110542715e-4	0	0	0	0
ASV_3489	0	0	0	0	0	0	0	0	0	0	0	0	0	0	0	0	0	0	0	0	0	0	0	0	0	0	0	0	0	0	0	0	0	0	0	0	0	0	0	0	0	0	0	0	0	0	3.72041110542715e-4	0	0	0	0
ASV_3494	0	0.005638636920813925	0	0	0	0	0	0	0	0	0	0	0	0	0	0	0	0	0	0	0	0	0	0	0	0	0	0	0	0	0	0	0	0	0	0	0	0	0	0	0	0	0	0	0	0	0	0	0	0	0
ASV_3502	0	0	0	0	0	0	0	0	0	0	0	0	0	0	0	0	0	0	0	0	0	0	0	0	0	0	0	0	0	0	0	0	0	0	0	0	0	0	0	0	0	0	0	0	6.842597449992017e-5	0	0	0	0	0	0
ASV_3503	0	0	0	0	0	0	0	0	0	0	0	0	0	0	0	0	2.2839393385711677e-4	0	0	0	0	0	0	0	0	0	0	0	0	0	0	0	0	0	0	0	0	0	0	0	0	0	0	0	0	0	0	0	0	0	0
ASV_3504	0	0	0	0	0	0	0	0	0	0.0017508024511234317	0	0	0	0	0	0	0	0	0	0	0	0	0	0	0	0	0	0	0	0	0	0	0	0	0	0	0	0	0	0	0	0	0	0	0	0	0	0	0	7.113821138211383e-4	0
ASV_3505	0	0	5.978910751168606e-4	0	0	0	0	0	0	0	0	0	0	0	0	0	0	0	0	0	0	0	0	0	0	0	0	0	4.7227360384115866e-4	0	0	0	0	0	0	0	0	0	0	0	0	0	0	0	0	0	0	0	0	0	0
ASV_3506	0	0	0	0.0011243095273011682	0	0	0	0	0	0	0	0	0	0	0	0	0	0	0	0	0	0	0	0	0	0	0	0	0	0	0	0	0	0	0	0	0	0	0	0	0	0	0	0	0	0	0	0	0	0	0
ASV_3512	0	0	0	0	0	0	0	0	0	0	0	0	0	0	0	0	0	0	0	0	0	0	0	0	0	0	0	0	0	0	0	0	0	0	0	0	0	0	0	0	0	0	0	0	6.842597449992017e-5	0	0	0	0	0	0
ASV_3514	0	0	0	0	0	0	0.001418877236273905	0	0	0	0	0	0	0	0	0	0	0	0	0	0	0	0	0	0	0	0	0	0	0	0	0	0	0	0	0	0	0	0	0	0	0	0	0	0	0	0	0	0	0	0
ASV_3515	0	0	0	0	0	0	0.001110425663170882	0	0	0	0	0	0	0	0	0	0	0	5.901794145420208e-5	0	0	0	0	0	0	0	0	0	0	0	0	0	0	0	0	0	0	0	0	0	0	0	0	0	0	0	0	0	0	0	0
ASV_3516	0	0	0	0	0	0	3.0845157310302283e-4	0	0	0	0	0	0	0	0	0	0	0	1.7705382436260624e-4	0	0	0	0	0	0	0	0	0	0	0	0	0	0	0	0	0	0	0	0	0	0	0	0	0	6.842597449992017e-5	0	0	0	0	0	0
ASV_3517	0	0	0	0	0	0	0	0	3.784151971543177e-4	0	0	0	0	0	0	0	0	0	0	0	0	0	0	0	0	0	0	0	0	0	0	0	0	0	0	0	0	0	0	0	0	0	0	0	0	0	0	0	0	0	0
ASV_3519	0	0	0	0	0	0	0	0	0	0	0	0	8.009472071319125e-4	0	0	0	0	0	0	0	0	0	0	0	0	0	0	0	0	0	0	0	0	0	0	0	0	0	0	0	0	0	0	0	0	0	0	0	0	0	0
ASV_3526	0	0	0	0	0	0	0	0	0	0	0	0	0	0	0	0	0	0	0	0	0	0	0	0	0	0	0	0	0	0	0	0	0	0	0	0	0	0	0	0	0	0	0	0	0	0	2.3252569408919684e-4	0	0	0	0
ASV_3528	0	0	0	0	0	0	0	0	0	0	0	0	0	6.562875998104059e-4	0	0	0	0	0	0	0	0	0	0	0	0	0	0	0	0	0	0	0	0	0	0	0	0	0	0	0	0	0	0	0	0	0	0	0	0	0
ASV_3529	0	0	0	0	0	0	0	0	0	0	0	0	0	2.5522295548182446e-4	0	0	0	0	0	0	0	0	0	0	0	0	0	0	0	0	0	0	0	0	0	0	0	0	0	0	0	0	0	0	0	0	0	0	0	0	0
ASV_3530	0	0	0	0	0	0	0	0	0	0	0	0	0	0	4.635694850347677e-4	0	0	0	0	0	0	0	0	0	0	0	0	0	0	0	0	0	0	0	0	0	0	0	0	0	0	0	0	0	0	0	0	0	0	0	0
ASV_3533	0	0	0	0	0	0	0	0	0	0	0	0	0	0	0	0	0	5.502260711466233e-4	0	0	0	0	0	0	0	0	0	0	0	0	0	0	0	0	0	0	0	0	0	0	0	0	0	0	0	0	0	0	0	0	0
ASV_3534	0	0	0	0	0	0	0	0	0	0	0	0	0	0	0	0	0	0	2.7148253068932953e-4	0	0	0	0	0	0	0	0	0	0	0	0	0	0	0	0	0	0	0	0	0	0	0	0	0	0	0	0	0	0	0	0
ASV_3535	0	0	0	0	0	0	0	0	0	0	0	0	0	0	0	0	0	0	2.7148253068932953e-4	0	0	0	0	0	0	0	0	0	0	0	0	0	0	0	0	0	0	0	0	0	0	0	0	0	0	0	0	0	0	0	0
ASV_3536	0	0	0	0	0	0	0	0	0	0	0	0	0	0	0	0	0	0	2.7148253068932953e-4	0	0	0	0	0	0	0	0	0	0	0	0	0	0	0	0	0	0	0	0	0	0	0	0	0	0	0	0	0	0	0	0
ASV_3537	0	0	0	0	0	0	0	0	0	0	0	0	0	0	0	0	0	0	2.7148253068932953e-4	0	0	0	0	0	0	0	0	0	0	0	0	0	0	0	0	0	0	0	0	0	0	0	0	0	0	0	0	0	0	0	0
ASV_3538	0	0	0	0	0	0	0	0	0	0	0	0	0	0	0	0	0	0	0	0	0.0020664869721473494	0	0	0	0	0	0	0	0	0	0	0	0	0	0	0	0	0	0	0	0	0	0	0	0	0	0	0	0	0	0
ASV_3542	0	0	0	0	0	0	0	0	0	0	0	0	0	0	0	0	0	0	0	0	0	0	0	0	4.3244801614472595e-4	0	0	0	0	0	0	0	0	0	0	0	0	0	0	0	0	0	0	0	0	0	0	0	0	0	0
ASV_3551	0	0	0	0	0	0	0	0	0	0	0	0	0	0	0	0	0	0	0	0	0	0	0	3.247491312960738e-4	0	0	0	0	0	0	0	0	0	0	0	0	0	0	0	0	0	0	0	0	0	0	0	0	0	0	0
ASV_3553	0	0	0	0	0	0	0	0	0	0	0	0	0	0	0	0	0	0	0	0	0	0	0	0	8.288586976107247e-4	0	0	0	0	0	0	0	0	0	0	0	0	0	0	0	0	0	0	0	0	0	0	0	0	0	0
ASV_3554	0	0	0	0	0	0	0	0	0	0	0	0	0	0	0	0	0	0	0	0	0	0	0	0	8.288586976107247e-4	0	0	0	0	0	0	0	0	0	0	0	0	0	0	0	0	0	0	0	0	0	0	0	0	0	0
ASV_3555	0	0	0	0	0	0	0	0	0	0	0	0	0	0	0	0	0	0	0	0	0	0	0	0	8.288586976107247e-4	0	0	0	0	0	0	0	0	0	0	0	0	0	0	0	0	0	0	0	0	0	0	0	0	0	0
ASV_3556	0	0	0	0	0	0	0	0	0	0	0	0	0	0	0	0	0	0	0	0	0	0	0	0	8.288586976107247e-4	0	0	0	0	0	0	0	0	0	0	0	0	0	0	0	0	0	0	0	0	0	0	0	0	0	0
ASV_3557	0	0	0	0	0	0	0	0	0	0	0	0	0	0	0	0	0	0	0	0	0	0	0	0	8.288586976107247e-4	0	0	0	0	0	0	0	0	0	0	0	0	0	0	0	0	0	0	0	0	0	0	0	0	0	0
ASV_3561	0	0	0	0	0	0	0	0	0	0	0	0	0	0	0	0	0	0	0	0	0	0	0	0	0	0	0	0	0	0	0	0	0	0	0	0.0010757214349188533	0	0	0	0	0	0	0	0	0	0	0	0	0	0	0
ASV_3565	0	0	0	0	0	0	0	0	0	0	0	0	0	0	0	0	0	0	0	0	0	0	0	0	0	0	0	0	0	0	0	0	0	0	0	0	0	0	0	5.424400367915851e-4	0	0	0	0	0	0	0	0	0	0	0
ASV_3566	0	0	0	0	0	0	0	0	0	0	0	0	0	0	0	0	0	0	0	0	0	0	0	0	0	0	0	0	0	0	0	0	0	0	0	0	0	0	0	5.424400367915851e-4	0	0	0	0	0	0	0	0	0	0	0
ASV_3577	0	0	0	0	0	0	0	0	0	0	0	0	0	0	0	0	0	0	0	0	0	0	0	0	0	0	0	0	0	0	0	0	0	0	0	0	0	0	0	0	0	0	0	0	5.245991378327213e-4	0	0	0	0	0	0
ASV_3578	0	0	0	0	0	0	0	0	0	0	0	0	0	0	0	0	0	0	0	0	0	0	0	0	0	0	0	0	0	0	0	0	0	0	0	0	0	0	0	0	0	0	0	0	5.245991378327213e-4	0	0	0	0	0	0
ASV_3579	0	0	0	0	0	0	0	0	0	0	0	0	0	0	0	0	0	0	0	0	0	0	0	0	0	0	0	0	0	0	0	0	0	0	0	0	0	0	0	0	0	0	0	0	0	7.208901426108761e-4	0	0	0	0	0
ASV_3583	0	0	0	0	0	0	0	0	0	0	0	0	0	0	0	0	0	0	0	0	0	0	0	0	0	0	0	0	0	0	0	0	0	0	0	0	0	0	0	0	0	0	0	0	0	0	0	4.3540814781160077e-4	0	0	0
ASV_3584	0	0	0	0	0	0	0	0	0	0	0	0	0	0	0	0	0	0	0	0	0	0	0	0	0	0	0	0	0	0	0	0	0	0	0	0	0	0	0	0	0	0	0	0	0	0	0	0	5.195744007951747e-4	0	0
ASV_3588	0	0	0	0	0	0	0	0	0	0	0	0	0	0	0	0	0	0	2.360717658168083e-5	0	0	0	0	0	0	0	0	0	0	0	0	0.0030257186081694403	0	0	0	0	0	0	0	0	0	0	0	0	0	0	0	0	0	0	0
ASV_3589	0	0.005393478793822015	0	0	0	0	0	0	0	0	0	0	0	0	0	0	0	0	0	0	0	0	0	0	0	0	0	0	0	0	0	0	0	0	0	0	0	0	0	0	0	0	0	0	0	0	0	0	0	0	0
ASV_3590	0	0.002206423142927188	0	0	0	0	0	0	0	0	0	0	0	0	0	0	0	0	0	0	0	0	0	0	0	0	0	0	0	0	0	0	0	0	0	0	0	0	0	0	0	0	0	0	0	0	0	0	0	0	0
ASV_3599	0	0	5.978910751168606e-4	0	0	0	0	0	0	0	0	0	0	0	0	0	0	0	0	0	0	0	0	0	0	0	0	0	2.3613680192057933e-4	0	0	0	0	0	0	0	0	0	0	0	0	0	0	0	0	0	0	0	0	0	0
ASV_3600	0	0	0	0.0010754265043750307	0	0	0	0	0	0	0	0	0	0	0	0	0	0	0	0	0	0	0	0	0	0	0	0	0	0	0	0	0	0	0	0	0	0	0	0	0	0	0	0	0	0	0	0	0	0	0
ASV_3602	0	0	0	0	0	0	0	0	0	0	0	0	0	0	0	0	0	0	0	0	0	0	0	0	0	0	0	0	0	0	0	0	0	0	0	0	0	0	0	0	0	0	0	0	1.1404329083320029e-4	0	0	0	0	0	0
ASV_3604	0	0	0	0	0	0	0	0	0	0.0023344032681645753	0	0	0	0	0	0	0	0	0	0	0	0	0	0	0	0	0	0	0	0	0	0	0	0	0	0	0	0	0	0	0	0	0	0	0	0	0	0	0	0	0
ASV_3606	0	0	0	0	0	0	0	0	5.550089558263326e-4	0	0	0	0	0	0	0	0	0	0	0	0	0	0	0	0	0	0	0	0	0	0	0	0	0	0	0	0	0	0	0	0	0	0	0	0	0	0	0	0	0	0
ASV_3608	0	0	0	0	0	0	0	0	0	0	0	0	7.661234155174815e-4	0	0	0	0	0	0	0	0	0	0	0	0	0	0	0	0	0	0	0	0	0	0	0	0	0	0	0	0	0	0	0	0	0	0	0	0	0	0
ASV_3609	0	0	0	0	0	0	0	0	0	0	0	0	0	0	0	0	0	4.306117078538791e-4	0	0	0	0	0	0	0	0	0	0	0	0	0	0	0	0	0	0	0	0	0	0	0	0	0	0	0	0	0	0	0	0	0
ASV_3610	0	0	0	0	0	0	0	0	0	0	0	0	0	4.0106464432858134e-4	0	0	0	0	0	0	0	0	0	0	0	0	0	0	0	0	0	0	0	0	0	0	0	0	0	0	0	0	0	0	0	0	0	0	0	0	0
ASV_3611	0	0	0	0	0	0	0	0	0	0	0	0	0	0	4.434142900332561e-4	0	0	0	0	0	0	0	0	0	0	0	0	0	0	0	0	0	0	0	0	0	0	0	0	0	0	0	0	0	0	0	0	0	0	0	0
ASV_3612	0	0	0	0	0	0	0	0	0	0	0	0	0	0	4.434142900332561e-4	0	0	0	0	0	0	0	0	0	0	0	0	0	0	0	0	0	0	0	0	0	0	0	0	0	0	0	0	0	0	0	0	0	0	0	0
ASV_3613	0	0	0	0	0	0	0	0	0	0	0	0	0	0	1.4108636501058148e-4	0	0	0	0	0	0	0	0	0	0	0	0	0	0	0	0	0	0	0	0	0	0	0	0	0	0	0	0	0	0	0	0	0	0	0	0
ASV_3614	0	0	0	0	0	0	0	0	0	0	0	0	0	0	0	0	0.0010049333089713138	0	0	0	0	0	0	0	0	0	0	0	0	0	0	0	0	0	0	0	0	0	0	0	0	0	0	0	0	0	0	0	0	0	0
ASV_3615	0	0	0	0	0	0	0	0	0	0	0	0	0	0	0	0	0	0	0	6.37551801083838e-4	0	0	0	0	0	0	0	0	0	0	0	0	0	0	0	0	0	0	0	0	0	0	0	0	0	0	0	0	0	0	0
ASV_3616	0	0	0	0	0	0	0	0	0	0	0	0	0	0	0	0	0	5.263031984880745e-4	0	0	0	0	0	0	0	0	0	0	0	0	0	0	0	0	0	0	0	0	0	0	0	0	0	0	0	0	0	0	0	0	0
ASV_3617	0	0	0	0	0	0	0	0	0	0	0	0	0	0	0	0	0	0	2.5967894239848916e-4	0	0	0	0	0	0	0	0	0	0	0	0	0	0	0	0	0	0	0	0	0	0	0	0	0	0	0	0	0	0	0	0
ASV_3618	0	0	0	0	0	0	0	0	0	0	0	0	0	0	0	0	0	0	2.5967894239848916e-4	0	0	0	0	0	0	0	0	0	0	0	0	0	0	0	0	0	0	0	0	0	0	0	0	0	0	0	0	0	0	0	0
ASV_3619	0	0	0	0	0	0	0	0	0	0	0	0	0	0	0	0	0	0	0	0.001036021676761237	0	0	0	0	0	0	0	0	0	0	0	0	0	0	0	0	0	0	0	0	0	0	0	0	0	0	0	0	0	0	0
ASV_3623	0	0	0	0	0	0	0	0	0	0	0	0	0	0	0	0	0	0	0	0	0	0	0	0	3.2433601210854447e-4	0	0	0	0	0	0	0	0	0	0	0	0	0	0	0	0	0	0	0	0	0	0	0	0	0	0
ASV_3624	0	0	0	0	0	0	0	0	0	0	0	0	0	0	0	0	0	0	0	0	0	0	0	0	4.684853508234531e-4	0	0	0	0	0	0	0	0	0	0	0	0	0	0	0	0	0	0	0	0	0	0	0	0	0	0
ASV_3625	0	0	0	0	0	0	0	0	0	0	0	0	0	0	0	0	0	0	0	0	0	0	0	0	4.684853508234531e-4	0	0	0	0	0	0	0	0	0	0	0	0	0	0	0	0	0	0	0	0	0	0	0	0	0	0
ASV_3632	0	0	0	0	0	0	0	0	0	0	0	0	0	0	0	0	0	0	0	0	0	0	0	3.572240444256812e-4	0	0	0	0	0	0	0	0	0	0	0	0	0	0	0	0	0	0	0	0	0	0	0	0	0	0	0
ASV_3634	0	0	0	0	0	0	0	0	0	0	0	0	0	0	0	0	0	0	0	0	0	0	0	0	7.928213629319976e-4	0	0	0	0	0	0	0	0	0	0	0	0	0	0	0	0	0	0	0	0	0	0	0	0	0	0
ASV_3635	0	0	0	0	0	0	0	0	0	0	0	0	0	0	0	0	0	0	0	0	0	0	0	0	7.928213629319976e-4	0	0	0	0	0	0	0	0	0	0	0	0	0	0	0	0	0	0	0	0	0	0	0	0	0	0
ASV_3636	0	0	0	0	0	0	0	0	0	0	0	0	0	0	0	0	0	0	0	0	0	0	0	0	7.928213629319976e-4	0	0	0	0	0	0	0	0	0	0	0	0	0	0	0	0	0	0	0	0	0	0	0	0	0	0
ASV_3637	0	0	0	0	0	0	0	0	0	0	0	0	0	0	0	0	0	0	0	0	0	0	0	0	7.928213629319976e-4	0	0	0	0	0	0	0	0	0	0	0	0	0	0	0	0	0	0	0	0	0	0	0	0	0	0
ASV_3638	0	0	0	0	0	0	0	0	0	0	0	0	0	0	0	0	0	0	0	0	0	0	0	0	7.928213629319976e-4	0	0	0	0	0	0	0	0	0	0	0	0	0	0	0	0	0	0	0	0	0	0	0	0	0	0
ASV_3639	0	0	0	0	0	0	0	0	0	0	0	0	0	0	0	0	0	0	0	0	0	0	0	0	5.765973548596346e-4	0	0	0	0	0	0	0	0	0	0	0	0	0	0	0	0	0	0	0	0	0	0	0	0	0	0
ASV_3640	0	0	0	0	0	0	0	0	0	0	0	0	0	0	0	0	0	0	0	0	0	0	0	0	5.045226855021803e-4	0	0	0	0	0	0	0	0	0	0	0	0	0	0	0	0	0	0	0	0	0	0	0	0	0	0
ASV_3652	0	0	0	0	0	0	0	0	0	0	0	0	0	0	0	0	0	0	0	0	0	0	0	0	0	0	0	0	0	0	0	0	0	0	0	0	0	0	0	0	0	0	0	0	5.017904796660813e-4	0	0	0	0	0	0
ASV_3653	0	0	0	0	0	0	0	0	0	0	0	0	0	0	0	0	0	0	0	0	0	0	0	0	0	0	0	0	0	0	0	0	0	0	0	0	0	0	0	0	0	0	0	0	0	6.895470929321423e-4	0	0	0	0	0
ASV_3654	0	0	0	0	0	0	0	0	0	0	0	0	0	0	0	0	0	0	0	0	0	0	0	0	0	0	0	0	0	0	0	0	0	0	0	0	0	0	0	0	0	0	0	0	0	6.895470929321423e-4	0	0	0	0	0
ASV_3658	0	0.002451581269919098	0	0	0	0	0	0	0	0	0	0	0	0	0	0	0	0	0	0	0	0	0	0	0	0	0	0	0	0	0	0	0	0	0	0	0	0	0	0	0	0	0	0	0	0	0	0	0	0	0
ASV_3668	0	0	0	0	0	0	0	0	0	0	0	0	0	0	0	0	0	0	1.1803588290840416e-4	0	0	0	0	0	0	0	0	0	0	0	0	0	0	0	0	0	0	0	0	0	0	0	0	0	0	0	0	0	0	0	0
ASV_3669	0	0	0	0	0	0	8.019740900678593e-4	0	0	0	0	0	0	0	0	0	0	0	0	0	0	0	0	0	0	0	0	0	0	0	0	0	0	0	0	0	0	0	0	0	0	0	0	0	0	0	0	0	0	0	0
ASV_3671	0	0	0	0	0	0	0	0	0	0	0	0	0	0	0	0	0	0	0	0	0	0	0	0	0	2.5220680958385876e-4	0	0	0	0	0	0	0	0	0	0	0	0	0	0	0	0	0	0	0	0	0	0	0	0	0
ASV_3672	0	0	0	0	0	0	0	0	0	0	0	0	0	0	0	0	0	0	0	0	0	0	0	0	4.3244801614472595e-4	0	0	0	0	0	0	0	0	0	0	0	0	0	0	0	0	0	0	0	0	0	0	0	0	0	0
ASV_3675	0	0	0	0	0	0	0	0	0	0	0	0	0	0	0	0	0	0	1.7705382436260624e-4	0	0	0	0	0	0	0	0	0	0	0	0	0	0	0	0	0	0	0	0	0	0	0	0	0	0	0	0	0	0	0	0
ASV_3676	0	0	0	0	0	0	0	0	0	0	0	0	0	0	0	0	0	0	1.1803588290840416e-4	0	0	0	0	0	0	0	0	0	0	0	0	0	0	0	0	0	0	0	0	0	0	0	0	0	0	0	0	0	0	0	0
ASV_3677	0	0	0	0	0	0	0	0	0	0	0	0	0	0	0	0	0	0	0	0	0	0	0	0	0	0	2.2347795549596143e-4	0	0	0	0	0	0	0	0	0	0	0	0	0	0	0	0	0	0	0	0	0	0	0	0
ASV_3678	0	0	0	0	0	0	0	0	0	0	0	0	0	5.104459109636489e-4	0	0	0	0	0	0	0	0	0	0	0	0	0	0	0	0	0	0	0	0	0	0	0	0	0	0	0	0	0	0	0	0	0	0	0	0	0
ASV_3679	0	0	0	0	0	0	0	0	0	0	0	0	0	0	0	0	9.592545221998904e-4	0	0	0	0	0	0	0	0	0	0	0	0	0	0	0	0	0	0	0	0	0	0	0	0	0	0	0	0	0	0	0	0	0	0
ASV_3680	0	0	0	0	0	0	0	0	0	0	0	0	0	0	0	0	9.592545221998904e-4	0	0	0	0	0	0	0	0	0	0	0	0	0	0	0	0	0	0	0	0	0	0	0	0	0	0	0	0	0	0	0	0	0	0
ASV_3684	0	0	0	0	0	0	0	0	0	0	0	0	0	0	0	0	0	5.023803258295257e-4	0	0	0	0	0	0	0	0	0	0	0	0	0	0	0	0	0	0	0	0	0	0	0	0	0	0	0	0	0	0	0	0	0
ASV_3685	0	0	0	0	0	0	0	0	0	0	0	0	0	0	0	0	0	4.5453458051242793e-4	0	0	0	0	0	0	0	0	0	0	0	0	0	0	0	0	0	0	0	2.4850894632206757e-4	0	0	0	0	0	0	0	0	0	0	0	0	0
ASV_3686	0	0	0	0	0	0	0	0	0	0	0	0	0	0	0	0	0	0	2.4787535410764874e-4	0	0	0	0	0	0	0	0	0	0	0	0	0	0	0	0	0	0	0	0	0	0	0	0	0	0	0	0	0	0	0	0
ASV_3687	0	0	0	0	0	0	0	0	0	0	0	0	0	0	0	0	0	0	2.4787535410764874e-4	0	0	0	0	0	0	0	0	0	0	0	0	0	0	0	0	0	0	0	0	0	0	0	0	0	0	0	0	0	0	0	0
ASV_3688	0	0	0	0	0	0	0	0	0	0	0	0	0	0	0	0	0	0	2.4787535410764874e-4	0	0	0	0	0	0	0	0	0	0	0	0	0	0	0	0	0	0	0	0	0	0	0	0	0	0	0	0	0	0	0	0
ASV_3689	0	0	0	0	0	0	0	0	0	0	0	0	0	0	0	0	0	0	2.4787535410764874e-4	0	0	0	0	0	0	0	0	0	0	0	0	0	0	0	0	0	0	0	0	0	0	0	0	0	0	0	0	0	0	0	0
ASV_3690	0	0	0	0	0	0	0	0	0	0	0	0	0	0	0	0	0	0	2.4787535410764874e-4	0	0	0	0	0	0	0	0	0	0	0	0	0	0	0	0	0	0	0	0	0	0	0	0	0	0	0	0	0	0	0	0
ASV_3691	0	0	0	0	0	0	0	0	0	0	0	0	0	0	0	0	0	0	0	0.001673573477845075	0	0	0	0	0	0	0	0	0	0	0	0	0	0	0	0	0	0	0	0	0	0	0	0	0	0	0	0	0	0	0
ASV_3705	0	0	0	0	0	0	0	0	0	0	0	0	0	0	0	0	0	0	0	0	0	0	0	0	7.567840282532704e-4	0	0	0	0	0	0	0	0	0	0	0	0	0	0	0	0	0	0	0	0	0	0	0	0	0	0
ASV_3706	0	0	0	0	0	0	0	0	0	0	0	0	0	0	0	0	0	0	0	0	0	0	0	0	7.567840282532704e-4	0	0	0	0	0	0	0	0	0	0	0	0	0	0	0	0	0	0	0	0	0	0	0	0	0	0
ASV_3707	0	0	0	0	0	0	0	0	0	0	0	0	0	0	0	0	0	0	0	0	0	0	0	0	7.567840282532704e-4	0	0	0	0	0	0	0	0	0	0	0	0	0	0	0	0	0	0	0	0	0	0	0	0	0	0
ASV_3708	0	0	0	0	0	0	0	0	0	0	0	0	0	0	0	0	0	0	0	0	0	0	0	0	7.567840282532704e-4	0	0	0	0	0	0	0	0	0	0	0	0	0	0	0	0	0	0	0	0	0	0	0	0	0	0
ASV_3709	0	0	0	0	0	0	0	0	0	0	0	0	0	0	0	0	0	0	0	0	0	0	0	0	7.567840282532704e-4	0	0	0	0	0	0	0	0	0	0	0	0	0	0	0	0	0	0	0	0	0	0	0	0	0	0
ASV_3710	0	0	0	0	0	0	0	0	0	0	0	0	0	0	0	0	0	0	0	0	0	0	0	0	7.567840282532704e-4	0	0	0	0	0	0	0	0	0	0	0	0	0	0	0	0	0	0	0	0	0	0	0	0	0	0
ASV_3711	0	0	0	0	0	0	0	0	0	0	0	0	0	0	0	0	0	0	0	0	0	0	0	0	5.765973548596346e-4	0	0	0	0	0	0	0	0	0	0	0	0	0	0	0	0	0	0	0	0	0	0	0	0	0	0
ASV_3713	0	0	0	0	0	0	0	0	0	0	0	0	0	0	0	0	0	0	0	0	0	0	0	0	0	0	6.704338664878843e-4	0	0	0	0	0	0	0	0	0	0	0	0	0	0	0	0	0	0	0	0	0	0	0	0
ASV_3719	0	0	0	0	0	0	0	0	0	0	0	0	0	0	0	0	0	0	0	0	0	0	0	0	0	0	0	0	0	0	0	0	0	3.138403598702793e-4	0	0	0	0	0	0	0	0	0	0	0	0	0	0	0	0	0
ASV_3720	0	0	0	0	0	0	0	0	0	0	0	0	0	0	0	0	0	0	0	0	0	0	0	0	0	0	0	0	0	0	0	0	0	0	0	9.821804405780834e-4	0	0	0	0	0	0	0	0	0	0	0	0	0	0	0
ASV_3721	0	0	0	0	0	0	0	0	0	0	0	0	0	0	0	0	0	0	0	0	0	0	0	0	0	0	0	0	0	0	0	0	0	0	0	0	2.940960223512977e-4	0	0	0	0	0	0	0	0	0	0	0	0	0	0
ASV_3722	0	0	0	0	0	0	0	0	0	0	0	0	0	0	0	0	0	0	0	0	0	0	0	0	0	0	0	0	0	0	0	0	0	0	0	0	0	0	0	0	2.0437359493153485e-4	0	0	0	0	0	0	0	0	0	0
ASV_3723	0	0	0	0	0	0	0	0	0	0	0	0	0	0	0	0	0	0	0	0	0	0	0	0	0	0	0	0	0	0	0	0	0	0	0	0	0	0	0	0	2.0437359493153485e-4	0	0	0	0	0	0	0	0	0	0
ASV_3730	0	0	0	0	0	0	0	0	0	0	0	0	0	0	0	0	0	0	0	0	0	0	0	0	0	0	0	0	0	0	0	0	0	0	0	0	0	0	0	0	0	0	0	0	4.789818214994412e-4	0	0	0	0	0	0
ASV_3731	0	0	0	0	0	0	0	0	0	0	0	0	0	0	0	0	0	0	0	0	0	0	0	0	0	0	0	0	0	0	0	0	0	0	0	0	0	0	0	0	0	0	0	0	0	6.582040432534086e-4	0	0	0	0	0
ASV_3735	0	0	0	0	0	0	0	0	0	0	0	0	0	0	0	0	0	0	0	0	0	0	0	0	0	0	0	0	0	0	0	0	0	0	0	0	0	0	0	0	0	0	0	0	0	0	3.255359717248756e-4	0	0	0	0
ASV_3748	0	0	8.153060115229917e-4	0	0	0	0	0	0	0	0	0	0	0	0	0	0	0	0	0	0	0	0	0	0	0	0	0	0	0	0	0	0	0	0	0	0	0	0	0	0	0	0	0	0	0	0	0	0	0	0
ASV_3751	0	0	0	0	0	0	0	0	0	0	0	0	0	0	0	0	0	0	1.534466477809254e-4	0	0	0	0	0	0	0	0	0	0	0	0	0	0	0	0	0	0	0	0	0	0	0	0	0	0	0	0	0	0	0	0
ASV_3753	0	0	0	0	0	0	0.0012338062924120913	0	0	0	0	0	0	0	0	0	0	0	0	0	0	0	0	0	0	0	0	0	0	0	0	0	0	0	0	0	0	0	0	0	0	0	0	0	0	0	0	0	0	0	0
ASV_3757	0	0	0	0	0	0	0	0	0	0	0	0	0	0	0	0	0	0	0	0	0	0	0	0	0	0	0	0	0	0	0	0	0	7.472389520720936e-5	0	0	0	0	0	0	0	0	0	0	0	0	0	0	0	0	0
ASV_3758	0	0	0	0	0	0	0	0	0	0.005836008170411439	0	0	0	0	0	0	0	0	0	0	0	0	0	0	0	0	0	0	0	0	0	0	0	0	0	0	0	0	0	0	0	0	0	0	0	0	0	0	0	0	0
ASV_3760	0	0	0	0	0	0	0	0	0	0	0	0	6.964758322886195e-4	0	0	0	0	0	0	0	0	0	0	0	0	0	0	0	0	0	0	0	0	0	0	0	0	0	0	0	0	0	0	0	0	0	0	0	0	0	0
ASV_3764	0	0	0	0	0	0	0	0	0	0	0	0	0	7.292084442337843e-4	0	0	0	0	0	0	0	0	0	0	0	0	0	0	0	0	0	0	0	0	0	0	0	0	0	0	0	0	0	0	0	0	0	0	0	0	0
ASV_3765	0	0	0	0	0	0	0	0	0	0	0	0	0	3.281437999052029e-4	0	0	0	0	0	0	0	0	0	0	0	0	0	0	0	0	0	0	0	0	0	0	0	0	0	0	0	0	0	0	0	0	0	0	0	0	0
ASV_3766	0	0	0	0	0	0	0	0	0	0	0	0	0	2.9168337769351366e-4	0	0	0	0	0	0	0	0	0	0	0	0	0	0	0	0	0	0	0	0	0	0	0	0	0	0	0	0	0	0	0	0	0	0	0	0	0
ASV_3767	0	0	0	0	0	0	0	0	0	0	0	0	0	0	0	0	9.135757354284671e-4	0	0	0	0	0	0	0	0	0	0	0	0	0	0	0	0	0	0	0	0	0	0	0	0	0	0	0	0	0	0	0	0	0	0
ASV_3768	0	0	0	0	0	0	0	0	0	0	0	0	0	0	0	0	0	0	2.3607176581680832e-4	0	0	0	0	0	0	0	0	0	0	0	0	0	0	0	0	0	0	0	0	0	0	0	0	0	0	0	0	0	0	0	0
ASV_3769	0	0	0	0	0	0	0	0	0	0	0	0	0	0	0	0	0	0	2.3607176581680832e-4	0	0	0	0	0	0	0	0	0	0	0	0	0	0	0	0	0	0	0	0	0	0	0	0	0	0	0	0	0	0	0	0
ASV_3770	0	0	0	0	0	0	0	0	0	0	0	0	0	0	0	0	0	0	2.3607176581680832e-4	0	0	0	0	0	0	0	0	0	0	0	0	0	0	0	0	0	0	0	0	0	0	0	0	0	0	0	0	0	0	0	0
ASV_3771	0	0	0	0	0	0	0	0	0	0	0	0	0	0	0	0	0	0	2.3607176581680832e-4	0	0	0	0	0	0	0	0	0	0	0	0	0	0	0	0	0	0	0	0	0	0	0	0	0	0	0	0	0	0	0	0
ASV_3772	0	0	0	0	0	0	0	0	0	0	0	0	0	0	0	0	0	0	2.3607176581680832e-4	0	0	0	0	0	0	0	0	0	0	0	0	0	0	0	0	0	0	0	0	0	0	0	0	0	0	0	0	0	0	0	0
ASV_3773	0	0	0	0	0	0	0	0	0	0	0	0	0	0	0	0	0	0	2.3607176581680832e-4	0	0	0	0	0	0	0	0	0	0	0	0	0	0	0	0	0	0	0	0	0	0	0	0	0	0	0	0	0	0	0	0
ASV_3774	0	0	0	0	0	0	0	0	0	0	0	0	0	0	0	0	0	0	2.3607176581680832e-4	0	0	0	0	0	0	0	0	0	0	0	0	0	0	0	0	0	0	0	0	0	0	0	0	0	0	0	0	0	0	0	0
ASV_3775	0	0	0	0	0	0	0	0	0	0	0	0	0	0	0	0	0	0	2.3607176581680832e-4	0	0	0	0	0	0	0	0	0	0	0	0	0	0	0	0	0	0	0	0	0	0	0	0	0	0	0	0	0	0	0	0
ASV_3776	0	0	0	0	0	0	0	0	0	0	0	0	0	0	0	0	0	0	2.3607176581680832e-4	0	0	0	0	0	0	0	0	0	0	0	0	0	0	0	0	0	0	0	0	0	0	0	0	0	0	0	0	0	0	0	0
ASV_3777	0	0	0	0	0	0	0	0	0	0	0	0	0	0	0	0	0	0	0	0.0015938795027095952	0	0	0	0	0	0	0	0	0	0	0	0	0	0	0	0	0	0	0	0	0	0	0	0	0	0	0	0	0	0	0
ASV_3786	0	0	0	0	0	0	0	0	0	0	0	0	0	0	0	0	0	0	0	0	0	0	0	0	5.405600201809074e-4	0	0	0	0	0	0	0	0	0	0	0	0	0	0	0	0	0	0	0	0	0	0	0	0	0	0
ASV_3790	0	0	0	0	0	0	0	0	0	0	0	0	0	0	0	0	0	0	0	0	0	0	0	3.247491312960738e-4	0	0	0	0	0	0	0	0	0	0	0	0	0	0	0	0	0	0	0	0	0	0	0	0	0	0	0
ASV_3793	0	0	0	0	0	0	0	0	0	0	0	0	0	0	0	0	0	0	0	0	0	0	0	0	7.207466935745433e-4	0	0	0	0	0	0	0	0	0	0	0	0	0	0	0	0	0	0	0	0	0	0	0	0	0	0
ASV_3798	0	0	0	0	0	0	0	0	0	0	0	0	0	0	0	0	0	0	0	0	0	0	0	0	0	0	0	0	0	0	0	0	0	0	0	3.7416397736307936e-4	0	0	0	0	0	0	0	0	0	0	0	0	0	0.0012195121951219512	0
ASV_3802	0	0	0	0	0	0	0	0	0	0	0	0	0	0	0	0	0	0	0	0	0	0	0	0	0	0	0	0	0	0	0	0	0	0	0	0	0	0	0	0	0	0	0	0	3.421298724996008e-4	0	0	0	0	0	0
ASV_3806	0	0	0	0	0	0	0	0	0	0	0	0	0	0	0	0	0	0	0	0	0	0	0	0	0	0	0	0	0	0	0	0	0	0	0	0	0	0	0	0	0	0	0	0	0	6.268609935746748e-4	0	0	0	0	0
ASV_3808	0	0	0	0	0	0	0	0	0	0	0	0	0	0	0	0	0	0	0	0	0	0	0	0	0	0	0	0	0	0	0	0	0	0	0	0	0	0	0	0	0	0	0	0	0	2.8208744710860365e-4	0	7.572315614114796e-5	0	0	0
ASV_3811	0	0.0026967393969110076	0	0	0	0	0	0	0	0	0	0	0	0	0	0	0	0	0	0	0	0	0	0	0	0	0	0	0	0	0	0	0	0	0	0	0	0	0	0	0	0	0	0	0	0	0	0	0	0	0
ASV_3812	0	0	0	0	0	0	0	0	0	0	0	0	0	0	0	0	0	1.913829812683907e-4	0	0	0	0	0	0	0	0	0	0	0	0	0	0	0	0	0	0	0	7.455268389662028e-4	0	0	0	0	0	0	0	0	0	0	0	0	0
ASV_3813	0	0.004658004412846286	0	0	0	0	0	0	0	0	0	0	0	0	0	0	0	0	0	0	0	0	0	0	0	0	0	0	0	0	0	0	0	0	0	0	0	0	0	0	0	0	0	0	0	0	0	0	0	0	0
ASV_3822	0	0	0	0	0	0	0	0	0	0	0	0	0	0	0	0	0	0	3.5410764872521244e-5	0	0	0	0	0	0	0	2.554033777096702e-4	0	0	0	0	0	0	0	0	0	0	0	0	0	0	0	0	0	2.2808658166640057e-5	0	0	0	0	0	0
ASV_3824	0	0	0	0	0	0	0	0	0	0	0	0	0	4.0106464432858134e-4	0	0	0	0	0	0	0	0	0	0	0	0	0	0	0	0	0	0	0	0	0	0	0	0	0	0	0	0	0	0	0	0	0	0	0	0	0
ASV_3830	0	0	0	0	0	0	0	0	0	0	0	0	0	0	0	0	0	0	1.534466477809254e-4	0	0	0	0	0	0	0	0	0	0	0	0	0	0	0	0	0	0	0	0	0	0	0	0	0	0	0	0	0	0	0	0
ASV_3832	0	0	0	0	0	0	0.0011721159777914867	0	0	0	0	0	0	0	0	0	0	0	0	0	0	0	0	0	0	0	0	0	0	0	0	0	0	0	0	0	0	0	0	0	0	0	0	0	0	0	0	0	0	0	0
ASV_3833	0	0	0	0	0	0	7.402837754472548e-4	0	0	0	0	0	0	0	0	0	0	0	8.262511803588291e-5	0	0	0	0	0	0	0	0	0	0	0	0	0	0	0	0	0	0	0	0	0	0	0	0	0	0	0	0	0	0	0	0
ASV_3838	0	0	0	0	0	0	0	0	4.793259163954691e-4	0	0	0	0	0	0	0	0	0	0	0	0	0	0	0	0	0	0	0	0	0	0	0	0	0	0	0	0	0	0	0	0	0	0	0	0	0	0	0	0	0	0
ASV_3842	0	0	0	0	0	0	0	0	0	0	0	0	0	0	0	0	0	1.6746010860984188e-4	0	5.578578259483584e-4	0	0	0	0	0	0	0	0	0	0	0	0	0	0	0	0	0	0	0	0	0	0	0	0	0	0	0	0	0	0	0
ASV_3843	0	0	0	0	0	0	0	0	0	0	0	0	0	6.927480220220951e-4	0	0	0	0	0	0	0	0	0	0	0	0	0	0	0	0	0	0	0	0	0	0	0	0	0	0	0	0	0	0	0	0	0	0	0	0	0
ASV_3844	0	0	0	0	0	0	0	0	0	0	0	0	0	4.0106464432858134e-4	0	0	0	0	0	0	0	0	0	0	0	5.044136191677175e-5	0	0	0	0	0	0	0	0	0	0	0	0	0	0	0	0	0	0	0	0	0	0	0	0	0
ASV_3845	0	0	0	0	0	0	0	0	0	0	0	0	0	0	0	0	8.678969486570437e-4	0	0	0	0	0	0	0	0	0	0	0	0	0	0	0	0	0	0	0	0	0	0	0	0	0	0	0	0	0	0	0	0	0	0
ASV_3846	0	0	0	0	0	0	0	0	0	0	0	0	0	0	0	0	8.678969486570437e-4	0	0	0	0	0	0	0	0	0	0	0	0	0	0	0	0	0	0	0	0	0	0	0	0	0	0	0	0	0	0	0	0	0	0
ASV_3849	0	0	0	0	0	0	0	0	0	0	0	0	0	0	0	0	0	4.5453458051242793e-4	0	0	0	0	0	0	0	0	0	0	0	0	0	0	0	0	0	0	0	0	0	0	0	0	0	0	0	0	0	0	0	0	0
ASV_3850	0	0	0	0	0	0	0	0	0	0	0	0	0	0	0	0	0	0	2.242681775259679e-4	0	0	0	0	0	0	0	0	0	0	0	0	0	0	0	0	0	0	0	0	0	0	0	0	0	0	0	0	0	0	0	0
ASV_3851	0	0	0	0	0	0	0	0	0	0	0	0	0	0	0	0	0	0	2.242681775259679e-4	0	0	0	0	0	0	0	0	0	0	0	0	0	0	0	0	0	0	0	0	0	0	0	0	0	0	0	0	0	0	0	0
ASV_3852	0	0	0	0	0	0	0	0	0	0	0	0	0	0	0	0	0	0	2.242681775259679e-4	0	0	0	0	0	0	0	0	0	0	0	0	0	0	0	0	0	0	0	0	0	0	0	0	0	0	0	0	0	0	0	0
ASV_3853	0	0	0	0	0	0	0	0	0	0	0	0	0	0	0	0	0	0	2.242681775259679e-4	0	0	0	0	0	0	0	0	0	0	0	0	0	0	0	0	0	0	0	0	0	0	0	0	0	0	0	0	0	0	0	0
ASV_3854	0	0	0	0	0	0	0	0	0	0	0	0	0	0	0	0	0	0	2.242681775259679e-4	0	0	0	0	0	0	0	0	0	0	0	0	0	0	0	0	0	0	0	0	0	0	0	0	0	0	0	0	0	0	0	0
ASV_3855	0	0	0	0	0	0	0	0	0	0	0	0	0	0	0	0	0	0	2.242681775259679e-4	0	0	0	0	0	0	0	0	0	0	0	0	0	0	0	0	0	0	0	0	0	0	0	0	0	0	0	0	0	0	0	0
ASV_3856	0	0	0	0	0	0	0	0	0	0	0	0	0	0	0	0	0	0	0	0.0015141855275741154	0	0	0	0	0	0	0	0	0	0	0	0	0	0	0	0	0	0	0	0	0	0	0	0	0	0	0	0	0	0	0
ASV_3868	0	0	0	0	0	0	0	0	0	0	0	0	0	0	0	0	0	0	0	0	0	0	0	0	6.847093588958161e-4	0	0	0	0	0	0	0	0	0	0	0	0	0	0	0	0	0	0	0	0	0	0	0	0	0	0
ASV_3869	0	0	0	0	0	0	0	0	0	0	0	0	0	0	0	0	0	0	0	0	0	0	0	0	0	4.7919293820933165e-4	0	0	0	0	0	0	0	0	0	0	0	0	0	0	0	0	0	0	0	0	0	0	0	0	0
ASV_3871	0	0	0	0	0	0	0	0	0	0	0	0	0	0	0	0	0	0	0	0	0	0	0	0	0	0	2.2347795549596143e-4	0	0	0	0	0	0	0	0	0	0	0	0	0	1.1678491138944849e-4	0	0	0	0	0	0	0	0	0	0
ASV_3872	0	0	0	0	0	0	0	0	0	0	0	0	0	0	0	0	0	0	0	0	0	0	0	0	0	0	0	0	0	0	0	0	0	0	0	0	0	0	0	0	0	0	0	0	2.2808658166640058e-4	0	0	0	0	0	0
ASV_3873	0	0	0	0	0	0	0	0	0	0	0	0	0	0	0	0	0	0	0	0	0	0	0	0	0	0	0	0	7.477665394151679e-4	0	0	0	0	0	0	0	0	0	0	0	0	0	0	0	0	0	0	0	0	0	0
ASV_3874	0	0	0	0	0	0	0	0	0	0	0	0	0	0	0	0	0	0	0	0	0	0	0	0	0	0	0	0	1.1806840096028966e-4	0	0	0	0	0	0	0	0	0	0	0	0	0	0	0	0	0	0	0	0	0	0
ASV_3876	0	0	0	0	0	0	0	0	0	0	0	0	0	0	0	0	0	0	0	0	0	0	0	0	0	0	0	0	0	0	0	0	0	2.839508017873956e-4	0	0	0	0	0	0	0	0	0	0	0	0	0	0	0	0	0
ASV_3877	0	0	0	0	0	0	0	0	0	0	0	0	0	0	0	0	0	0	0	0	0	0	0	0	0	0	0	0	0	0	0	0	0	2.839508017873956e-4	0	0	0	0	0	0	0	0	0	0	0	0	0	0	0	0	0
ASV_3878	0	0	0	0	0	0	0	0	0	0	0	0	0	0	0	0	0	0	0	0	0	0	0	0	0	0	0	0	0	0	0	0	0	1.7933734849730248e-4	0	0	0	0	0	0	0	0	0	0	0	0	0	0	0	0	0
ASV_3879	0	0	0	0	0	0	0	0	0	0	0	0	0	0	0	0	0	0	0	0	0	0	0	0	0	0	0	0	0	0	0	0	0	0	3.354223673757613e-4	0	0	0	0	0	0	0	0	0	0	0	0	0	0	0	0
ASV_3880	0	0	0	0	0	0	0	0	0	0	0	0	0	0	0	0	0	0	0	0	0	0	0	0	0	0	0	0	0	0	0	0	0	0	0	8.886394462373135e-4	0	0	0	0	0	0	0	0	0	0	0	0	0	0	0
ASV_3881	0	0	0	0	0	0	0	0	0	0	0	0	0	0	0	0	0	0	0	0	0	0	0	0	0	0	0	0	0	0	0	0	0	0	0	0	0.0013969561061686641	0	0	0	0	0	0	0	0	0	0	0	0	0	0
ASV_3882	0	0	0	0	0	0	0	0	0	0	0	0	0	0	0	0	0	0	0	0	0	0	0	0	0	0	0	0	0	0	0	0	0	0	0	0	0	0	0	4.481026390887007e-4	0	0	0	0	0	0	0	0	0	0	0
ASV_3885	0	0	0	0	0	0	0	0	0	0	0	0	0	0	0	0	0	0	0	0	0	0	0	0	0	0	0	0	0	0	0	0	0	0	0	0	0	0	0	0	0	0.0023881347410759177	0	0	0	0	0	0	0	0	0
ASV_3889	0	0	0	0	0	0	0	0	0	0	0	0	0	0	0	0	0	0	0	0	0	0	0	0	0	0	0	0	0	0	0	0	0	0	0	0	0	0	0	0	0	0	0	0	0	5.955179438959411e-4	0	0	0	0	0
ASV_3893	0	0	0	0	0	0	0	0	0	0	0	0	0	0	0	0	0	0	0	0	0	0	0	0	0	0	0	0	0	0	0	0	0	0	0	0	0	0	0	0	0	0	0	0	0	0	0	0	4.2921363543949216e-4	0	0
ASV_3897	0	0	0	0	0	0	0	0	0	0	0	0	0	0	0	0	0	0	0	0	0	0	0	0	0	0	2.554033777096702e-4	0	0	0	0	0	0	0	0	0	0	0	0	0	0	0	0	0	0	0	0	0	0	0	0
ASV_3898	0	0	0	0	0	0	0	0	0	0	0	0	0	0	0	0	0	2.392287265854884e-5	0	0	0	0	0	0	0	0	0	0	0	0	0	0	0	0	0	0	0	2.4850894632206757e-4	0	0	0	0	0	0	0	0	0	0	0	0	0
ASV_3899	0	7.354743809757293e-4	0	0	0	0	0	0	0	0	0	0	0	0	0	0	0	0	0	0	0	0	4.786234788747562e-5	0	0	0	0	0	0	0	0	0	0	0	0	0	0	0	0	0	1.9464151898241413e-5	0	0	0	0	0	0	0	0	0	0
ASV_3912	0	0	0	0	6.013831813170291e-4	0	0	0	0	0	0	0	0	0	0	0	0	0	0	0	0	0	0	0	0	0	0	0	0	0	0	0	0	0	0	0	0	0	0	0	0	0	0	0	0	0	0	0	0	0	0
ASV_3913	0	0	0	0	6.013831813170291e-4	0	0	0	0	0	0	0	0	0	0	0	0	0	0	0	0	0	0	0	0	0	0	0	0	0	0	0	0	0	0	0	0	0	0	0	0	0	0	0	0	0	0	0	0	0	0
ASV_3914	0	0	0	0	0	0	0	0	0	0	0	0	0	0	0	0	0	0	4.721435316336166e-5	0	0	0	0	0	0	0	0	0	0	0	0	0	0	0	0	0	0	0	0	0	0	0	0	0	0	0	0	0	0	0	0
ASV_3917	0	0	0	0	0	0	0.001110425663170882	0	0	0	0	0	0	0	0	0	0	0	0	0	0	0	0	0	0	0	0	0	0	0	0	0	0	0	0	0	0	0	0	0	0	0	0	0	0	0	0	0	0	0	0
ASV_3918	0	0	0	0	0	0	5.55212831585441e-4	0	0	0	0	0	0	0	0	0	0	0	1.0623229461756374e-4	0	0	0	0	0	0	0	0	0	0	0	0	0	0	0	0	0	0	0	0	0	0	0	0	0	0	0	0	0	0	0	0
ASV_3921	0	0	0	0	0	0	0	0	4.5409823658518124e-4	0	0	0	0	0	0	0	0	0	0	0	0	0	0	0	0	0	0	0	0	0	0	0	0	0	0	0	0	0	0	0	0	0	0	0	0	0	0	0	0	0	0
ASV_3922	0	0	0	0	0	0	0	0	0	0	0	0	0	0	0	0	0	0	0	0	0	0	0	0	0	0	0	0	0	0	0	0	0	0	0	0	0	0	0	1.1792174712860545e-4	0	0	0	0	0	0	0	0	0	0	0
ASV_3923	0	0	0	0	0	0	0	0	0	0	0	0	0	0	0	0	0	0	0	0	0	0	2.393117394373781e-5	0	0	0	0	0	0	0	0	0	0	0	0	0	0	0	0	0	0	0	0	0	0	0	0	0	0	0	0
ASV_3924	0	0	0	0	0	0	0	0	0	0	0	0	0	0	0	0	0	0	0	0	0	0	1.4358704366242687e-4	0	0	0	0	0	0	0	0	0	0	0	0	0	0	0	0	0	0	0	0	0	0	0	0	0	0	0	0
ASV_3925	0	0	0	0	0	0	0	0	0	0	0	0	6.268282490597576e-4	0	0	0	0	0	0	0	0	0	0	0	0	0	0	0	0	0	0	0	0	0	0	0	0	0	0	0	0	0	0	0	0	0	0	0	0	0	0
ASV_3932	0	0	0	0	0	0	0	0	0	0	0	0	0	6.562875998104059e-4	0	0	0	0	0	0	0	0	0	0	0	0	0	0	0	0	0	0	0	0	0	0	0	0	0	0	0	0	0	0	0	0	0	0	0	0	0
ASV_3933	0	0	0	0	0	0	0	0	0	0	0	0	0	6.562875998104059e-4	0	0	0	0	0	0	0	0	0	0	0	0	0	0	0	0	0	0	0	0	0	0	0	0	0	0	0	0	0	0	0	0	0	0	0	0	0
ASV_3934	0	0	0	0	0	0	0	0	0	0	0	0	0	0	3.627935100272095e-4	0	0	0	0	0	0	0	0	0	0	0	0	0	0	0	0	0	0	0	0	0	0	0	0	0	0	0	0	0	0	0	0	0	0	0	0
ASV_3935	0	0	0	0	0	0	0	0	0	0	0	0	0	0	0	0	8.222181618856204e-4	0	0	0	0	0	0	0	0	0	0	0	0	0	0	0	0	0	0	0	0	0	0	0	0	0	0	0	0	0	0	0	0	0	0
ASV_3937	0	0	0	0	0	0	0	0	0	0	0	0	0	0	0	0	0	4.306117078538791e-4	0	0	0	0	0	0	0	0	0	0	0	0	0	0	0	0	0	0	0	0	0	0	0	0	0	0	0	0	0	0	0	0	0
ASV_3938	0	0	0	0	0	0	0	0	0	0	0	0	0	0	0	0	0	4.306117078538791e-4	0	0	0	0	0	0	0	0	0	0	0	0	0	0	0	0	0	0	0	0	0	0	0	0	0	0	0	0	0	0	0	0	0
ASV_3939	0	0	0	0	0	0	0	0	0	0	0	0	0	0	0	0	0	0	2.1246458923512748e-4	0	0	0	0	0	0	0	0	0	0	0	0	0	0	0	0	0	0	0	0	0	0	0	0	0	0	0	0	0	0	0	0
ASV_3940	0	0	0	0	0	0	0	0	0	0	0	0	0	0	0	0	0	0	2.1246458923512748e-4	0	0	0	0	0	0	0	0	0	0	0	0	0	0	0	0	0	0	0	0	0	0	0	0	0	0	0	0	0	0	0	0
ASV_3941	0	0	0	0	0	0	0	0	0	0	0	0	0	0	0	0	0	0	2.1246458923512748e-4	0	0	0	0	0	0	0	0	0	0	0	0	0	0	0	0	0	0	0	0	0	0	0	0	0	0	0	0	0	0	0	0
ASV_3942	0	0	0	0	0	0	0	0	0	0	0	0	0	0	0	0	0	0	2.1246458923512748e-4	0	0	0	0	0	0	0	0	0	0	0	0	0	0	0	0	0	0	0	0	0	0	0	0	0	0	0	0	0	0	0	0
ASV_3943	0	0	0	0	0	0	0	0	0	0	0	0	0	0	0	0	0	0	0	0	0	0	0	0	0	0	0	0	0	0	0	0	0	0	0	4.209344745334643e-4	0	0	0	0	0	0	0	0	0	0	0	0	0	0	0
ASV_3953	0	0	0	0	0	0	0	0	0	0	0	0	0	0	0	0	0	0	0	0	0	0	0	2.922742181664664e-4	0	0	0	0	0	0	0	0	0	0	0	0	0	0	0	0	0	0	0	0	0	0	0	0	0	0	0
ASV_3954	0	0	0	0	0	0	0	0	0	0	0	0	0	0	0	0	0	0	0	0	0	0	0	0	0	0	0	0	0	0	0	0	0	0	0	0	0	3.727634194831014e-4	0	0	0	0	0	0	0	0	0	0	0	0	0
ASV_3956	0	0	0	0	0	0	0	0	0	0	0	0	0	0	0	0	0	0	0	0	0	0	0	0	6.486720242170889e-4	0	0	0	0	0	0	0	0	0	0	0	0	0	0	0	0	0	0	0	0	0	0	0	0	0	0
ASV_3957	0	0	0	0	0	0	0	0	0	0	0	0	0	0	0	0	0	0	0	0	0	0	0	0	6.486720242170889e-4	0	0	0	0	0	0	0	0	0	0	0	0	0	0	0	0	0	0	0	0	0	0	0	0	0	0
ASV_3958	0	0	0	0	0	0	0	0	0	0	0	0	0	0	0	0	0	0	0	0	0	0	0	0	6.486720242170889e-4	0	0	0	0	0	0	0	0	0	0	0	0	0	0	0	0	0	0	0	0	0	0	0	0	0	0
ASV_3959	0	0	0	0	0	0	0	0	0	0	0	0	0	0	0	0	0	0	0	0	0	0	0	0	6.486720242170889e-4	0	0	0	0	0	0	0	0	0	0	0	0	0	0	0	0	0	0	0	0	0	0	0	0	0	0
ASV_3960	0	0	0	0	0	0	0	0	0	0	0	0	0	0	0	0	0	0	0	0	0	0	0	0	4.684853508234531e-4	0	0	0	0	0	0	0	0	0	0	0	0	0	0	0	0	0	0	0	0	0	0	0	0	0	0
ASV_3961	0	0	0	0	0	0	0	0	0	0	0	0	0	0	0	0	0	0	0	0	0	0	0	0	0	0	0	0	7.084104057617379e-4	0	0	0	0	0	0	0	0	0	0	0	0	0	0	0	0	0	0	0	0	0	0
ASV_3965	0	0	0	0	0	0	0	0	0	0	0	0	0	0	0	0	0	0	0	0	0	0	0	0	0	0	0	0	0	0	0	0	0	2.690060227459537e-4	0	0	0	0	0	0	0	0	0	0	0	0	0	0	0	0	0
ASV_3966	0	0	0	0	0	0	0	0	0	0	0	0	0	0	0	0	0	0	0	0	0	0	0	0	0	0	0	0	0	0	0	0	0	0	0	8.418689490669286e-4	0	0	0	0	0	0	0	0	0	0	0	0	0	0	0
ASV_3969	0	0	0	0	0	0	0	0	0	0	0	0	0	0	0	0	0	0	0	0	0	0	0	0	0	0	0	0	0	0	0	0	0	0	0	0	0	0	0	4.2451828966297967e-4	0	0	0	0	0	0	0	0	0	0	0
ASV_3971	0	0	0	0	0	0	0	0	0	0	0	0	0	0	0	0	0	0	0	0	0	0	0	0	0	0	0	0	0	0	0	0	0	0	0	0	0	0	0	0	0	0	0	0	0	0	0	0	0	8.130081300813008e-4	0
ASV_3974	0	0	0	0	0	0	0	0	0	0	0	0	0	0	0	0	0	0	0	0	0	0	0	0	0	0	0	0	0	0	0	0	0	0	0	0	0	0	0	0	0	0	2.4314467107929217e-4	0	0	0	0	0	0	0	0
ASV_3997	0	0	0	0	0	0	0	0	0	0	0	0	0	0	0	0	0	0	1.2983947119924458e-4	0	0	0	0	0	0	0	0	0	0	0	0	0	0	0	0	0	0	0	0	0	0	0	0	0	0	0	0	0	0	0	0
ASV_3998	0	0	0	0	0	0	0	0	0	0	0	0	0	0	0	0	0	0	0	0	0	0	0	0	0	0	1.5962711106854387e-4	0	0	0	0	0	0	0	0	0	0	0	0	0	0	0	0	0	6.842597449992017e-5	0	0	0	0	0	0
ASV_4002	0	0	0	0	0	0	0	0	0	0	0	0	0	0	0	0	0	0	0	0	0	0	0	0	0	0	0	0	5.509858711480185e-4	0	0	0	0	0	0	0	0	0	0	0	0	0	0	0	0	0	0	0	0	0	0
ASV_4007	0	0	0	0	0	0	6.169031462060457e-4	0	0	0	0	0	0	0	0	0	0	0	8.262511803588291e-5	0	0	0	0	0	0	0	0	0	0	0	0	0	0	0	0	0	0	0	0	0	0	0	0	0	0	0	0	0	0	0	0
ASV_4009	0	0	0	0	0	0	0	0	0	0	0	0	0	0	0	0	0	0	0	0	0	0	0	0	0	0	0	0	0	0	0	0	0	0	0	0	0	7.455268389662028e-4	0	0	0	0	0	0	0	0	0	0	0	0	0
ASV_4011	0	0	0	0	0	0	0	0	4.288705567748934e-4	0	0	0	0	0	0	0	0	0	0	0	0	0	0	0	0	0	0	0	0	0	0	0	0	0	0	0	0	0	0	0	0	0	0	0	0	0	0	0	0	0	0
ASV_4012	0	0	0	0	0	0	0	0	4.288705567748934e-4	0	0	0	0	0	0	0	0	0	0	0	0	0	0	0	0	0	0	0	0	0	0	0	0	0	0	0	0	0	0	0	0	0	0	0	0	0	0	0	0	0	0
ASV_4013	0	0	0	0	0	0	0	0	4.288705567748934e-4	0	0	0	0	0	0	0	0	0	0	0	0	0	0	0	0	0	0	0	0	0	0	0	0	0	0	0	0	0	0	0	0	0	0	0	0	0	0	0	0	0	0
ASV_4014	0	0	0	0	0	0	0	0	0	0.004960606944849723	0	0	0	0	0	0	0	0	0	0	0	0	0	0	0	0	0	0	0	0	0	0	0	0	0	0	0	0	0	0	0	0	0	0	0	0	0	0	0	0	0
ASV_4016	0	0	0	0	0	0	0	0	0	0	0	0	0	0	0	0	0	0	1.0623229461756374e-4	0	0	0	0	0	0	0	0	0	0	0	0	0	0	0	0	0	0	0	0	0	0	0	0	0	0	0	0	0	0	0	0
ASV_4019	0	0	0	0	0	0	0	0	0	0	0	0	0	0	0	0	0	0	0	0	0	0	0	0	0	0	0	0	1.1806840096028966e-4	1.384370457534436e-4	0	0	0	0	0	0	0	0	0	0	0	0	0	0	0	0	0	0	0	0	0
ASV_4020	0	0	0	0	0	0	0	0	0	0	0	0	0	6.198271775987166e-4	0	0	0	0	0	0	0	0	0	0	0	0	0	0	0	0	0	0	0	0	0	0	0	0	0	0	0	0	0	0	0	0	0	0	0	0	0
ASV_4021	0	0	0	0	0	0	0	0	0	0	0	0	0	4.7398548875195976e-4	0	0	0	0	0	0	0	0	0	0	0	0	0	0	1.5742453461371956e-4	0	0	0	0	0	0	0	0	0	0	0	0	0	0	0	0	0	0	0	0	0	0
ASV_4022	0	0	0	0	0	0	0	0	0	0	0	0	0	2.5522295548182446e-4	0	0	0	0	0	0	0	0	0	0	0	0	0	0	0	0	0	0	0	0	0	0	0	0	0	0	0	0	0	0	0	0	0	0	0	0	0
ASV_4023	0	0	0	0	0	0	0	0	0	0	0	0	0	1.4584168884675683e-4	0	0	0	0	0	0	0	0	0	0	0	0	0	0	0	0	0	0	0	0	0	0	0	0	0	0	0	0	0	0	0	0	0	0	0	0	0
ASV_4024	0	0	0	0	0	0	0	0	0	0	0	0	0	0	3.426383150256979e-4	0	0	0	0	0	0	0	0	0	0	0	0	0	0	0	0	0	0	0	0	0	0	0	0	0	0	0	0	0	0	0	0	0	0	0	0
ASV_4027	0	0	0	0	0	0	0	0	0	0	0	0	0	0	0	0	0	4.0668883519533026e-4	0	0	0	0	0	0	0	0	0	0	0	0	0	0	0	0	0	0	0	0	0	0	0	0	0	0	0	0	0	0	0	0	0
ASV_4028	0	0	0	0	0	0	0	0	0	0	0	0	0	0	0	0	0	4.0668883519533026e-4	0	0	0	0	0	0	0	0	0	0	0	0	0	0	0	0	0	0	0	0	0	0	0	0	0	0	0	0	0	0	0	0	0
ASV_4029	0	0	0	0	0	0	0	0	0	0	0	0	0	0	0	0	0	0	2.0066100094428706e-4	0	0	0	0	0	0	0	0	0	0	0	0	0	0	0	0	0	0	0	0	0	0	0	0	0	0	0	0	0	0	0	0
ASV_4030	0	0	0	0	0	0	0	0	0	0	0	0	0	0	0	0	0	0	2.0066100094428706e-4	0	0	0	0	0	0	0	0	0	0	0	0	0	0	0	0	0	0	0	0	0	0	0	0	0	0	0	0	0	0	0	0
ASV_4031	0	0	0	0	0	0	0	0	0	0	0	0	0	0	0	0	0	0	2.0066100094428706e-4	0	0	0	0	0	0	0	0	0	0	0	0	0	0	0	0	0	0	0	0	0	0	0	0	0	0	0	0	0	0	0	0
ASV_4032	0	0	0	0	0	0	0	0	0	0	0	0	0	0	0	0	0	0	2.0066100094428706e-4	0	0	0	0	0	0	0	0	0	0	0	0	0	0	0	0	0	0	0	0	0	0	0	0	0	0	0	0	0	0	0	0
ASV_4033	0	0	0	0	0	0	0	0	0	0	0	0	0	0	0	0	0	0	0	0.0013547975773031558	0	0	0	0	0	0	0	0	0	0	0	0	0	0	0	0	0	0	0	0	0	0	0	0	0	0	0	0	0	0	0
ASV_4035	0	0	0	0	0	0	0	0	0	0	0	0	0	0	0	0	0	0	0	0	0	0	0	0	2.1622400807236298e-4	0	0	0	0	0	0	0	0	0	0	0	0	0	0	0	0	0	0	0	0	0	0	0	0	0	0
ASV_4036	0	0	0	0	0	0	0	0	0	0	0	0	0	0	0	0	0	0	0	0	0	0	0	0	3.2433601210854447e-4	0	0	0	0	0	0	0	0	0	0	0	0	0	0	0	0	0	0	0	0	0	0	0	0	0	0
ASV_4037	0	0	0	0	0	0	0	0	0	0	0	0	0	0	0	0	0	0	0	0	0	0	0	0	3.964106814659988e-4	0	0	0	0	0	0	0	0	0	0	0	0	0	0	0	0	0	0	0	0	0	0	0	0	0	0
ASV_4051	0	0	0	0	0	0	0	0	0	0	0	0	0	0	0	0	0	0	0	0	0	0	0	0	6.126346895383618e-4	0	0	0	0	0	0	0	0	0	0	0	0	0	0	0	0	0	0	0	0	0	0	0	0	0	0
ASV_4052	0	0	0	0	0	0	0	0	0	0	0	0	0	0	0	0	0	0	0	0	0	0	0	0	6.126346895383618e-4	0	0	0	0	0	0	0	0	0	0	0	0	0	0	0	0	0	0	0	0	0	0	0	0	0	0
ASV_4053	0	0	0	0	0	0	0	0	0	0	0	0	0	0	0	0	0	0	0	0	0	0	0	0	6.126346895383618e-4	0	0	0	0	0	0	0	0	0	0	0	0	0	0	0	0	0	0	0	0	0	0	0	0	0	0
ASV_4054	0	0	0	0	0	0	0	0	0	0	0	0	0	0	0	0	0	0	0	0	0	0	0	0	4.3244801614472595e-4	0	0	0	0	0	0	0	0	0	0	0	0	0	0	0	0	0	0	0	0	0	0	0	0	0	0
ASV_4055	0	0	0	0	0	0	0	0	0	0	0	0	0	0	0	0	0	0	0	0	0	0	0	0	0	4.287515762925599e-4	0	0	0	0	0	0	0	0	0	0	0	0	0	0	0	0	0	0	0	0	0	0	0	0	0
ASV_4059	0	0	0	0	0	0	0	0	0	0	0	0	0	0	0	0	0	0	0	0	0	0	0	0	0	0	0	0.0010510046367851623	0	0	0	0	0	0	0	0	0	0	0	0	0	0	0	0	0	0	0	0	0	0	0
ASV_4063	0	0	0	0	0	0	0	0	0	0	0	0	0	0	0	0	0	0	0	0	0	0	0	0	0	0	0	0	0	0	0	0	0	0	0	7.950984518965437e-4	0	0	0	0	0	0	0	0	0	0	0	0	0	0	0
ASV_4064	0	0	0	0	0	0	0	0	0	0	0	0	0	0	0	0	0	0	0	0	0	0	0	0	0	0	0	0	0	0	0	0	0	0	0	7.950984518965437e-4	0	0	0	0	0	0	0	0	0	0	0	0	0	0	0
ASV_4065	0	0	0	0	0	0	0	0	0	0	0	0	0	0	0	0	0	0	0	0	0	0	0	0	0	0	0	0	0	0	0	0	0	0	0	0	0	0	0	0	4.866037974560353e-5	0	0	0	0	0	0	0	0	0	0
ASV_4066	0	0	0	0	0	0	0	0	0	0	0	0	0	0	0	0	0	0	0	0	0	0	0	0	0	0	0	0	0	0	0	0	0	0	0	0	0	0	0	4.0093394023725857e-4	0	0	0	0	0	0	0	0	0	0	0
ASV_4071	0	0	0	0	0	0	0	0	0	0	0	0	0	0	0	0	0	0	0	0	0	0	0	0	0	0	0	0	0	0	0	0	0	0	0	0	0	0	0	0	0	0	2.2963663379710927e-4	0	0	0	0	0	0	0	0
ASV_4073	0	0	0	0	0	0	0	0	0	0	0	0	0	0	0	0	0	0	0	0	0	0	0	0	0	0	0	0	0	0	0	0	0	0	0	0	0	0	0	0	0	0	0	0	3.8774718883288094e-4	0	0	0	0	0	0
ASV_4074	0	0	0	0	0	0	0	0	0	0	0	0	0	0	0	0	0	0	0	0	0	0	0	0	0	0	0	0	0	0	0	0	0	0	0	0	0	0	0	0	0	0	0	0	3.8774718883288094e-4	0	0	0	0	0	0
ASV_4076	0	0	0	0	0	0	0	0	0	0	0	0	0	0	0	0	0	0	0	0	0	0	0	0	0	0	0	0	0	0	0	0	0	0	0	0	0	0	0	0	0	0	0	0	0	5.328318445384735e-4	0	0	0	0	0
ASV_4087	0	0	0	0	0	0	0	0	0	0	0	0	0	0	0	0	0	0	4.721435316336166e-5	0	0	0	0	0	0	0	0	0	0	0	0	0	0	0	0	0	0	0	0	0	0	0	0	0	0	0	0	0	0	0	0
ASV_4100	0	0	0	0	0	0	0	0	0	0	0	0	0	0	0	0	0	0	0	0	0	0	0	0	0	0	0	0	0	0	0	0	0	0	0	0	0	0	0	0	0	0.001005530417295123	0	0	0	0	0	0	0	0	0
ASV_4104	0	0	0	0	0	5.359056806002144e-4	0	0	0	0	0	0	0	0	0	0	0	0	0	0	0	0	0	0	0	0	0	0	0	0	0	0	0	0	0	0	0	0	0	0	0	0	0	0	0	0	0	0	0	0	0
ASV_4105	0	0	0	0	0	5.359056806002144e-4	0	0	0	0	0	0	0	0	0	0	0	0	0	0	0	0	0	0	0	0	0	0	0	0	0	0	0	0	0	0	0	0	0	0	0	0	0	0	0	0	0	0	0	0	0
ASV_4110	0	0	0	0	0	0	0	0	0	0	0	0	0	0	0	0	0	0	0	0	0	0	0	0	0	0	0	0	0	0	0	0	0	0	0	0	0	0	0	0	0	0	0	0	2.2808658166640058e-4	0	0	0	0	0	0
ASV_4111	0	0	0	0	0	0	6.169031462060457e-4	0	0	0	0	0	0	0	0	0	0	0	0	0	0	0	0	0	0	0	0	0	0	0	0	0	0	0	0	0	0	0	0	0	0	0	0	0	1.3685194899984034e-4	0	0	0	0	0	0
ASV_4113	0	0	0	0	0	0	0	0	4.0364287696460554e-4	0	0	0	0	0	0	0	0	0	0	0	0	0	0	0	0	0	0	0	0	0	0	0	0	0	0	0	0	0	0	0	0	0	0	0	0	0	0	0	0	0	0
ASV_4114	0	0	0	0	0	0	0	0	4.0364287696460554e-4	0	0	0	0	0	0	0	0	0	0	0	0	0	0	0	0	0	0	0	0	0	0	0	0	0	0	0	0	0	0	0	0	0	0	0	0	0	0	0	0	0	0
ASV_4116	0	0	0	0	0	0	0	0	0	0	0	0	5.571806658308956e-4	0	0	0	0	0	0	0	0	0	0	0	0	0	0	0	0	0	0	0	0	0	0	0	0	0	0	0	0	0	0	0	0	0	0	0	0	0	0
ASV_4117	0	0	0	0	0	0	0	0	0	0	0	0	5.571806658308956e-4	0	0	0	0	0	0	0	0	0	0	0	0	0	0	0	0	0	0	0	0	0	0	0	0	0	0	0	0	0	0	0	0	0	0	0	0	0	0
ASV_4118	0	0	0	0	0	0	0	0	0	0	0	0	2.785903329154478e-4	0	0	0	0	0	0	0	0	0	0	0	0	0	0	0	0	0	0	0	0	0	0	0	0	0	0	0	0	0	0	0	0	0	0	0	0	0	0
ASV_4120	0	0	0	0	0	0	0	0	0	0	0	0	0	0	0	0	0	0	0	0	0	0	0	0	0	0	0	0	0	0	0	0	0	0	0	0	0	0	0	0	0	0	0	0	0	0	0	0	1.129509566946032e-4	0	0
ASV_4123	0	0	0	0	0	0	0	0	0	0	0	0	0	5.833667553870273e-4	0	0	0	0	0	0	0	0	0	0	0	0	0	0	0	0	0	0	0	0	0	0	0	0	0	0	0	0	0	0	0	0	0	0	0	0	0
ASV_4124	0	0	0	0	0	0	0	0	0	0	0	0	0	5.833667553870273e-4	0	0	0	0	0	0	0	0	0	0	0	0	0	0	0	0	0	0	0	0	0	0	0	0	0	0	0	0	0	0	0	0	0	0	0	0	0
ASV_4125	0	0	0	0	0	0	0	0	0	0	0	0	0	5.833667553870273e-4	0	0	0	0	0	0	0	0	0	0	0	0	0	0	0	0	0	0	0	0	0	0	0	0	0	0	0	0	0	0	0	0	0	0	0	0	0
ASV_4126	0	0	0	0	0	0	0	0	0	0	0	0	0	3.281437999052029e-4	0	0	0	0	0	0	0	0	0	0	0	0	0	0	0	0	0	0	0	0	0	0	0	0	0	0	0	0	0	0	0	0	0	0	0	0	0
ASV_4127	0	0	0	0	0	0	0	0	0	0	0	0	0	3.281437999052029e-4	0	0	0	0	0	0	0	0	0	0	0	0	0	0	0	0	0	0	0	0	0	0	0	0	0	0	0	0	0	0	0	0	0	0	0	0	0
ASV_4128	0	0	0	0	0	0	0	0	0	0	0	0	0	0	3.224831200241862e-4	0	0	0	0	0	0	0	0	0	0	0	0	0	0	0	0	0	0	0	0	0	0	0	0	0	0	0	0	0	0	0	0	0	0	0	0
ASV_4129	0	0	0	0	0	0	0	0	0	0	0	0	0	0	2.2170714501662804e-4	0	0	0	0	0	0	0	0	0	0	0	0	0	0	0	0	0	0	0	0	0	0	0	0	0	0	0	0	0	0	0	0	0	0	0	0
ASV_4130	0	0	0	0	0	0	0	0	0	0	0	0	0	0	1.007759750075582e-4	0	0	0	0	0	0	0	0	0	0	0	0	0	0	0	0	0	0	0	0	0	0	0	0	0	0	0	0	0	0	0	0	0	0	0	0
ASV_4132	0	0	0	0	0	0	0	0	0	0	0	0	0	0	0	0	0	3.827659625367814e-4	0	0	0	0	0	0	0	0	0	0	0	0	0	0	0	0	0	0	0	0	0	0	0	0	0	0	0	0	0	0	0	0	0
ASV_4133	0	0	0	0	0	0	0	0	0	0	0	0	0	0	0	0	0	3.827659625367814e-4	0	0	0	0	0	0	0	0	0	0	0	0	0	0	0	0	0	0	0	0	0	0	0	0	0	0	0	0	0	0	0	0	0
ASV_4134	0	0	0	0	0	0	0	0	0	0	0	0	0	0	0	0	0	0	1.8885741265344664e-4	0	0	0	0	0	0	0	0	0	0	0	0	0	0	0	0	0	0	0	0	0	0	0	0	0	0	0	0	0	0	0	0
ASV_4135	0	0	0	0	0	0	0	0	0	0	0	0	0	0	0	0	0	0	1.8885741265344664e-4	0	0	0	0	0	0	0	0	0	0	0	0	0	0	0	0	0	0	0	0	0	0	0	0	0	0	0	0	0	0	0	0
ASV_4136	0	0	0	0	0	0	0	0	0	0	0	0	0	0	0	0	0	0	1.8885741265344664e-4	0	0	0	0	0	0	0	0	0	0	0	0	0	0	0	0	0	0	0	0	0	0	0	0	0	0	0	0	0	0	0	0
ASV_4137	0	0	0	0	0	0	0	0	0	0	0	0	0	0	0	0	0	0	1.8885741265344664e-4	0	0	0	0	0	0	0	0	0	0	0	0	0	0	0	0	0	0	0	0	0	0	0	0	0	0	0	0	0	0	0	0
ASV_4138	0	0	0	0	0	0	0	0	0	0	0	0	0	0	0	0	0	0	1.8885741265344664e-4	0	0	0	0	0	0	0	0	0	0	0	0	0	0	0	0	0	0	0	0	0	0	0	0	0	0	0	0	0	0	0	0
ASV_4139	0	0	0	0	0	0	0	0	0	0	0	0	0	0	0	0	0	0	1.8885741265344664e-4	0	0	0	0	0	0	0	0	0	0	0	0	0	0	0	0	0	0	0	0	0	0	0	0	0	0	0	0	0	0	0	0
ASV_4140	0	0	0	0	0	0	0	0	0	0	0	0	0	0	0	0	0	0	1.8885741265344664e-4	0	0	0	0	0	0	0	0	0	0	0	0	0	0	0	0	0	0	0	0	0	0	0	0	0	0	0	0	0	0	0	0
ASV_4141	0	0	0	0	0	0	0	0	0	0	0	0	0	0	0	0	0	0	0	0.001275103602167676	0	0	0	0	0	0	0	0	0	0	0	0	0	0	0	0	0	0	0	0	0	0	0	0	0	0	0	0	0	0	0
ASV_4142	0	0	0	0	0	0	0	0	0	0	0	0	0	0	0	0	0	0	0	0.001275103602167676	0	0	0	0	0	0	0	0	0	0	0	0	0	0	0	0	0	0	0	0	0	0	0	0	0	0	0	0	0	0	0
ASV_4165	0	0	0	0	0	0	0	0	0	0	0	0	0	0	0	0	0	0	0	0	0	0	0	0	5.765973548596346e-4	0	0	0	0	0	0	0	0	0	0	0	0	0	0	0	0	0	0	0	0	0	0	0	0	0	0
ASV_4166	0	0	0	0	0	0	0	0	0	0	0	0	0	0	0	0	0	0	0	0	0	0	0	0	5.765973548596346e-4	0	0	0	0	0	0	0	0	0	0	0	0	0	0	0	0	0	0	0	0	0	0	0	0	0	0
ASV_4167	0	0	0	0	0	0	0	0	0	0	0	0	0	0	0	0	0	0	0	0	0	0	0	0	5.765973548596346e-4	0	0	0	0	0	0	0	0	0	0	0	0	0	0	0	0	0	0	0	0	0	0	0	0	0	0
ASV_4168	0	0	0	0	0	0	0	0	0	0	0	0	0	0	0	0	0	0	0	0	0	0	0	0	5.765973548596346e-4	0	0	0	0	0	0	0	0	0	0	0	0	0	0	0	0	0	0	0	0	0	0	0	0	0	0
ASV_4169	0	0	0	0	0	0	0	0	0	0	0	0	0	0	0	0	0	0	0	0	0	0	0	0	5.765973548596346e-4	0	0	0	0	0	0	0	0	0	0	0	0	0	0	0	0	0	0	0	0	0	0	0	0	0	0
ASV_4170	0	0	0	0	0	0	0	0	0	0	0	0	0	0	0	0	0	0	0	0	0	0	0	0	5.765973548596346e-4	0	0	0	0	0	0	0	0	0	0	0	0	0	0	0	0	0	0	0	0	0	0	0	0	0	0
ASV_4174	0	0	0	0	0	0	0	0	0	0	0	0	0	0	0	0	0	0	0	0	0	0	0	0	0	0	5.108067554193404e-4	0	0	0	0	0	0	0	0	0	0	0	0	0	0	0	0	0	0	0	0	0	0	0	0
ASV_4177	0	0	0	0	0	0	0	0	0	0	0	0	0	0	0	0	0	0	0	0	0	0	0	0	0	0	0	9.891808346213292e-4	0	0	0	0	0	0	0	0	0	0	0	0	0	0	0	0	0	0	0	0	0	0	0
ASV_4178	0	0	0	0	0	0	0	0	0	0	0	0	0	0	0	0	0	0	0	0	0	0	0	0	0	0	0	9.891808346213292e-4	0	0	0	0	0	0	0	0	0	0	0	0	0	0	0	0	0	0	0	0	0	0	0
ASV_4181	0	0	0	0	0	0	0	0	0	0	0	0	0	0	0	0	0	0	0	0	0	0	0	0	0	0	0	0	0	0	0	0	0	1.9428212753874434e-4	0	0	0	0	0	0	0	0	0	0	0	0	4.6505138817839374e-5	0	0	0	0
ASV_4183	0	0	0	0	0	0	0	0	0	0	0	0	0	0	0	0	0	0	0	0	0	0	0	0	0	0	0	0	0	0	0	0	0	0	0	7.483279547261587e-4	0	0	0	0	0	0	0	0	0	0	0	0	0	0	0
ASV_4188	0	0	0	0	0	0	0	0	0	0	0	0	0	0	0	0	0	0	0	0	0	0	0	0	0	0	0	0	0	0	0	0	0	0	0	0	0	0	0	3.7734959081153746e-4	0	0	0	0	0	0	0	0	0	0	0
ASV_4189	0	0	0	0	0	0	0	0	0	0	0	0	0	0	0	0	0	0	0	0	0	0	0	0	0	0	0	0	0	0	0	0	0	0	0	0	0	0	0	3.7734959081153746e-4	0	0	0	0	0	0	0	0	0	0	0
ASV_4196	0	0	0	0	0	0	0	0	0	0	0	0	0	0	0	0	0	0	0	0	0	0	0	0	0	0	0	0	0	0	0	0	0	0	0	0	0	0	0	0	0	0	2.1612859651492638e-4	0	0	0	0	0	0	0	0
ASV_4197	0	0	0	0	0	0	0	0	0	0	0	0	0	0	0	0	0	0	0	0	0	0	0	0	0	0	0	0	0	0	0	0	0	0	0	0	0	0	0	0	0	0	2.1612859651492638e-4	0	0	0	0	0	0	0	0
ASV_4198	0	0	0	0	0	0	0	0	0	0	0	0	0	0	0	0	0	0	0	0	0	0	0	0	0	0	0	0	0	0	0	0	0	0	0	0	0	0	0	0	0	0	0	0.0015232292460015233	0	0	0	0	0	0	0
ASV_4204	0	0	0	0	0	0	0	0	0	0	0	0	0	0	0	0	0	0	0	0	0	0	0	0	0	0	0	0	0	0	0	0	0	0	0	0	0	0	0	0	0	0	0	0	3.649385306662409e-4	0	0	0	0	0	0
ASV_4205	0	0	0	0	0	0	0	0	0	0	0	0	0	0	0	0	0	0	0	0	0	0	0	0	0	0	0	0	0	0	0	0	0	0	0	0	0	0	0	0	0	0	0	0	3.649385306662409e-4	0	0	0	0	0	0
ASV_4206	0	0	0	0	0	0	0	0	0	0	0	0	0	0	0	0	0	0	0	0	0	0	0	0	0	0	0	0	0	0	0	0	0	0	0	0	0	0	0	0	0	0	0	0	0	5.014887948597399e-4	0	0	0	0	0
ASV_4208	0	0	0	0	0	0	0	0	0	0	0	0	0	0	0	0	0	0	0	0	0	0	0	0	0	0	0	0	0	0	0	0	0	0	0	0	0	0	0	0	0	0	0	0	0	5.014887948597399e-4	0	0	0	0	0
ASV_4212	0	0	0	0	0	0	0	0	0	0	0	0	0	0	0	0	0	0	0	0	0	0	0	0	0	0	0	0	0	0	0	0	0	0	0	0	0	0	0	0	0	0	0	0	0	0	0	0	0	0.0016260162601626016	0
ASV_4233	0	0	0	0	0	0	0	0	0	0	0	0	0	0	0	0	0	0	0	0	0	0	0	0	0	0	0	0	0	0	0	0	0	0	0	0	0	0	0	0	0	0	0	0	2.2808658166640058e-4	0	0	0	0	0	0
ASV_4234	0	0	0	0	0	5.024115755627009e-4	0	0	0	0	0	0	0	0	0	0	0	0	0	0	0	0	0	0	0	0	0	0	0	0	0	0	0	0	0	0	0	0	0	0	0	0	0	0	0	0	0	0	0	0	0
ASV_4235	0	0	0	0	0	5.024115755627009e-4	0	0	0	0	0	0	0	0	0	0	0	0	0	0	0	0	0	0	0	0	0	0	0	0	0	0	0	0	0	0	0	0	0	0	0	0	0	0	0	0	0	0	0	0	0
ASV_4238	0	0	0	0	0	0	0	0	0	0	0	0	0	0	0	0	0	0	0	0	0	0	0	0	0	0	0	0	0	0	0	0	0	0	0	0	0	0	0	0	0	0	0	0	4.5617316333280114e-5	0	0	0	0	0	0
ASV_4241	0	0	0	0	0	0	0	0	0	0	0	0	0	0	0	0	0	0	9.442870632672332e-5	0	0	0	0	0	0	0	0	0	0	0	0	0	0	0	0	0	0	0	0	0	0	0	0	0	0	0	0	0	0	0	0
ASV_4242	0	0	0	0	0	0	9.253547193090684e-4	0	0	0	0	0	0	0	0	0	0	0	0	0	0	0	0	0	0	0	0	0	0	0	0	0	0	0	0	0	0	0	0	0	0	0	0	0	0	0	0	0	0	0	0
ASV_4243	0	0	0	0	0	0	9.253547193090684e-4	0	0	0	0	0	0	0	0	0	0	0	0	0	0	0	0	0	0	0	0	0	0	0	0	0	0	0	0	0	0	0	0	0	0	0	0	0	0	0	0	0	0	0	0
ASV_4246	0	0	0	0	0	0	0	0	0	0	0	0	0	0	0	0	0	0	0	0	0	0	0	0	0	0	0	0	0	0	0	0	0	0	0	0	0	0	0	1.4150609655432656e-4	0	0	0	0	0	0	0	0	0	0	0
ASV_4247	0	0	0	0	0	0	0	0	3.784151971543177e-4	0	0	0	0	0	0	0	0	0	0	0	0	0	0	0	0	0	0	0	0	0	0	0	0	0	0	0	0	0	0	0	0	0	0	0	0	0	0	0	0	0	0
ASV_4248	0	0	0	0	0	0	0	0	3.784151971543177e-4	0	0	0	0	0	0	0	0	0	0	0	0	0	0	0	0	0	0	0	0	0	0	0	0	0	0	0	0	0	0	0	0	0	0	0	0	0	0	0	0	0	0
ASV_4249	0	0	0	0	0	0	0	0	3.784151971543177e-4	0	0	0	0	0	0	0	0	0	0	0	0	0	0	0	0	0	0	0	0	0	0	0	0	0	0	0	0	0	0	0	0	0	0	0	0	0	0	0	0	0	0
ASV_4256	0	0	0	0	0	0	0	0	0	0	0	0	0	5.469063331753381e-4	0	0	0	0	0	0	0	0	0	0	0	0	0	0	0	0	0	0	0	0	0	0	0	0	0	0	0	0	0	0	0	0	0	0	0	0	0
ASV_4257	0	0	0	0	0	0	0	0	0	0	0	0	0	0	3.023279250226746e-4	0	0	0	0	0	0	0	0	0	0	0	0	0	0	0	0	0	0	0	0	0	0	0	0	0	0	0	0	0	0	0	0	0	0	0	0
ASV_4258	0	0	0	0	0	0	0	0	0	0	0	0	0	0	0	0	0	0	0	0	0	0	0	0	0	0	0	0	0	0	1.9326161180184241e-4	0	0	0	0	0	0	0	0	0	0	0	0	0	0	0	0	0	0	0	0
ASV_4259	0	0	0	0	0	0	0	0	0	0	0	0	0	0	0	0	0	3.588430898782326e-4	0	0	0	0	0	0	0	0	0	0	0	0	0	0	0	0	0	0	0	0	0	0	0	0	0	0	0	0	0	0	0	0	0
ASV_4260	0	0	0	0	0	0	0	0	0	0	0	0	0	0	0	0	0	0	1.7705382436260624e-4	0	0	0	0	0	0	0	0	0	0	0	0	0	0	0	0	0	0	0	0	0	0	0	0	0	0	0	0	0	0	0	0
ASV_4261	0	0	0	0	0	0	0	0	0	0	0	0	0	0	0	0	0	0	1.7705382436260624e-4	0	0	0	0	0	0	0	0	0	0	0	0	0	0	0	0	0	0	0	0	0	0	0	0	0	0	0	0	0	0	0	0
ASV_4262	0	0	0	0	0	0	0	0	0	0	0	0	0	0	0	0	0	0	1.7705382436260624e-4	0	0	0	0	0	0	0	0	0	0	0	0	0	0	0	0	0	0	0	0	0	0	0	0	0	0	0	0	0	0	0	0
ASV_4263	0	0	0	0	0	0	0	0	0	0	0	0	0	0	0	0	0	0	1.7705382436260624e-4	0	0	0	0	0	0	0	0	0	0	0	0	0	0	0	0	0	0	0	0	0	0	0	0	0	0	0	0	0	0	0	0
ASV_4264	0	0	0	0	0	0	0	0	0	0	0	0	0	0	0	0	0	0	1.7705382436260624e-4	0	0	0	0	0	0	0	0	0	0	0	0	0	0	0	0	0	0	0	0	0	0	0	0	0	0	0	0	0	0	0	0
ASV_4265	0	0	0	0	0	0	0	0	0	0	0	0	0	0	0	0	0	0	1.7705382436260624e-4	0	0	0	0	0	0	0	0	0	0	0	0	0	0	0	0	0	0	0	0	0	0	0	0	0	0	0	0	0	0	0	0
ASV_4266	0	0	0	0	0	0	0	0	0	0	0	0	0	0	0	0	0	0	0	0.0011954096270321963	0	0	0	0	0	0	0	0	0	0	0	0	0	0	0	0	0	0	0	0	0	0	0	0	0	0	0	0	0	0	0
ASV_4267	0	0	0	0	0	0	0	0	0	0	0	0	0	0	0	0	0	0	0	0.0011954096270321963	0	0	0	0	0	0	0	0	0	0	0	0	0	0	0	0	0	0	0	0	0	0	0	0	0	0	0	0	0	0	0
ASV_4268	0	0	0	0	0	0	0	0	0	0	0	0	0	0	0	0	0	0	0	0	0	0	0	6.494982625921475e-5	0	0	0	0	0	0	0	0	0	0	0	0	0	0	0	0	0	0	0	0	0	0	0	0	0	0	0
ASV_4284	0	0	0	0	0	0	0	0	0	0	0	0	0	0	0	0	0	0	0	0	0	0	0	0	5.405600201809074e-4	0	0	0	0	0	0	0	0	0	0	0	0	0	0	0	0	0	0	0	0	0	0	0	0	0	0
ASV_4285	0	0	0	0	0	0	0	0	0	0	0	0	0	0	0	0	0	0	0	0	0	0	0	0	5.405600201809074e-4	0	0	0	0	0	0	0	0	0	0	0	0	0	0	0	0	0	0	0	0	0	0	0	0	0	0
ASV_4286	0	0	0	0	0	0	0	0	0	0	0	0	0	0	0	0	0	0	0	0	0	0	0	0	5.405600201809074e-4	0	0	0	0	0	0	0	0	0	0	0	0	0	0	0	0	0	0	0	0	0	0	0	0	0	0
ASV_4287	0	0	0	0	0	0	0	0	0	0	0	0	0	0	0	0	0	0	0	0	0	0	0	0	5.405600201809074e-4	0	0	0	0	0	0	0	0	0	0	0	0	0	0	0	0	0	0	0	0	0	0	0	0	0	0
ASV_4288	0	0	0	0	0	0	0	0	0	0	0	0	0	0	0	0	0	0	0	0	0	0	0	0	5.405600201809074e-4	0	0	0	0	0	0	0	0	0	0	0	0	0	0	0	0	0	0	0	0	0	0	0	0	0	0
ASV_4289	0	0	0	0	0	0	0	0	0	0	0	0	0	0	0	0	0	0	0	0	0	0	0	0	5.405600201809074e-4	0	0	0	0	0	0	0	0	0	0	0	0	0	0	0	0	0	0	0	0	0	0	0	0	0	0
ASV_4290	0	0	0	0	0	0	0	0	0	0	0	0	0	0	0	0	0	0	0	0	0	0	0	0	5.405600201809074e-4	0	0	0	0	0	0	0	0	0	0	0	0	0	0	0	0	0	0	0	0	0	0	0	0	0	0
ASV_4291	0	0	0	0	0	0	0	0	0	0	0	0	0	0	0	0	0	0	0	0	0	0	0	0	5.405600201809074e-4	0	0	0	0	0	0	0	0	0	0	0	0	0	0	0	0	0	0	0	0	0	0	0	0	0	0
ASV_4292	0	0	0	0	0	0	0	0	0	0	0	0	0	0	0	0	0	0	0	0	0	0	0	0	5.405600201809074e-4	0	0	0	0	0	0	0	0	0	0	0	0	0	0	0	0	0	0	0	0	0	0	0	0	0	0
ASV_4293	0	0	0	0	0	0	0	0	0	0	0	0	0	0	0	0	0	0	0	0	0	0	0	0	0	3.7831021437578815e-4	0	0	0	0	0	0	0	0	0	0	0	0	0	0	0	0	0	0	0	0	0	0	0	0	0
ASV_4297	0	0	0	0	0	0	0	0	0	0	0	0	0	0	0	0	0	0	0	0	0	0	0	0	0	0	0	0	0	6.92185228767218e-5	0	0	0	0	0	0	0	0	0	2.1225914483148983e-4	0	0	0	0	0	0	0	0	0	0	0
ASV_4299	0	0	0	0	0	0	0	0	0	0	0	0	0	0	0	0	0	0	0	0	0	0	0	0	0	0	0	0	0	0	0	0	0	0	0	0	0	0	0	0	0	0	0	0	1.596606071664804e-4	0	0	0	0	0	0
ASV_4300	0	0	0	0	0	0	0	0	0	0	0	0	0	0	0	0	0	0	0	0	0	0	0	0	0	0	0	0	0	0	0	0.0037821482602118004	0	0	0	0	0	0	0	0	0	6.28456510809452e-4	0	0	0	0	0	0	1.129509566946032e-4	0	0
ASV_4302	0	0	0	0	0	0	0	0	0	0	0	0	0	0	0	0	0	0	0	0	0	0	0	0	0	0	0	0	0	0	0	0	0	0	0	7.015574575557738e-4	0	0	0	0	0	0	0	0	0	0	0	0	0	0	0
ASV_4306	0	0	0	0	0	0	0	0	0	0	0	0	0	0	0	0	0	0	0	0	0	0	0	0	0	0	0	0	0	0	0	0	0	0	0	0	0	0	0	0	5.8392455694724244e-5	0	0	0	0	0	0	0	0	0	0
ASV_4307	0	0	0	0	0	0	0	0	0	0	0	0	0	0	0	0	0	0	0	0	0	0	0	0	0	0	0	0	0	0	0	0	0	0	0	0	0	0	0	3.5376524138581636e-4	0	0	0	0	0	0	0	0	0	0	0
ASV_4308	0	0	0	0	0	0	0	0	0	0	0	0	0	0	0	0	0	0	0	0	0	0	0	0	0	0	0	0	0	0	0	0	0	0	0	0	0	0	0	0	1.459811392368106e-4	0	0	0	0	0	0	0	0	0	0
ASV_4318	0	0	0	0	0	0	0	0	0	0	0	0	0	0	0	0	0	0	0	0	0	0	0	0	0	0	0	0	0	0	0	0	0	0	0	0	0	0	0	0	0	0.001885369532428356	0	0	0	0	0	0	0	0	0
ASV_4319	0	0	0	0	0	0	0	0	0	0	0	0	0	0	0	0	0	0	0	0	0	0	0	0	0	0	0	0	0	0	0	0	0	0	0	0	0	0	0	0	0	0	2.0262055923274348e-4	0	0	0	0	0	0	0	0
ASV_4327	0	0	0	0	0	0	0	0	0	0	0	0	0	0	0	0	0	0	0	0	0	0	0	0	0	0	0	0	0	0	0	0	0	0	0	0	0	0	0	0	0	0	0	0	3.421298724996008e-4	0	0	0	0	0	0
ASV_4328	0	0	0	0	0	0	0	0	0	0	0	0	0	0	0	0	0	0	0	0	0	0	0	0	0	0	0	0	0	0	0	0	0	0	0	0	0	0	0	0	0	0	0	0	3.421298724996008e-4	0	0	0	0	0	0
ASV_4329	0	0	0	0	0	0	0	0	0	0	0	0	0	0	0	0	0	0	0	0	0	0	0	0	0	0	0	0	0	0	0	0	0	0	0	0	0	0	0	0	0	0	0	0	0	4.701457451810061e-4	0	0	0	0	0
ASV_4332	0	0	0	0	0	0	0	0	0	0	0	0	0	0	0	0	0	0	0	0	0	0	0	0	0	0	0	0	0	0	0	0	0	0	0	0	0	0	0	0	0	0	0	0	0	0	0	0	0	0	2.000311159513702e-4
ASV_4356	0	0	0	0	0	4.6891747052518756e-4	0	0	0	0	0	0	0	0	0	0	0	0	0	0	0	0	0	0	0	0	0	0	0	0	0	0	0	0	0	0	0	0	0	0	0	0	0	0	0	0	0	0	0	0	0
ASV_4358	0	0	0	0	0	0	0	0	0	0	0	0	0	0	0	0	0	0	1.2983947119924458e-4	0	0	0	0	0	0	0	0	0	0	0	0	0	0	0	0	0	0	0	0	0	0	0	0	0	0	0	0	0	0	0	0
ASV_4362	0	0	0	0	0	0	0	0	0	0	0	0	0	0	0	0	0	0	0	0	0	0	0	0	0	0	0	0	0	0	0	0	0	0	0	0	0	0	0	0	0	0	0	0	1.8246926533312046e-4	0	0	0	0	0	0
ASV_4363	0	0	0	0	0	0	6.785934608266502e-4	0	0	0	0	0	0	0	0	0	0	0	0	0	0	0	0	0	0	0	0	0	0	0	0	0	0	0	0	0	0	0	0	0	0	0	0	0	6.842597449992017e-5	0	0	0	0	0	0
ASV_4365	0	0	0	0	0	0	0	0	0	0	0	0	4.8753308260203373e-4	0	0	0	0	0	0	0	0	0	0	0	0	0	0	0	0	0	0	0	0	0	0	0	0	0	0	0	0	0	0	0	0	0	0	0	0	0	0
ASV_4366	0	0	0	0	0	0	0	0	0	0	0	0	4.8753308260203373e-4	0	0	0	0	0	0	0	0	0	0	0	0	0	0	0	0	0	0	0	0	0	0	0	0	0	0	0	0	0	0	0	0	0	0	0	0	0	0
ASV_4367	0	0	0	0	0	0	0	0	0	0	0	0	1.392951664577239e-4	0	0	0	0	0	0	0	0	0	0	0	0	0	0	0	0	0	0	0	0	0	0	0	0	0	0	0	0	0	0	0	0	0	0	0	0	0	0
ASV_4372	0	0	0	0	0	0	0	0	0	0	0	0	0	5.104459109636489e-4	0	0	0	0	0	0	0	0	0	0	0	0	0	0	0	0	0	0	0	0	0	0	0	0	0	0	0	0	0	0	0	0	0	0	0	0	0
ASV_4373	0	0	0	0	0	0	0	0	0	0	0	0	0	0	2.8217273002116295e-4	0	0	0	0	0	0	0	0	0	0	0	0	0	0	0	0	0	0	0	0	0	0	0	0	0	0	0	0	0	0	0	0	0	0	0	0
ASV_4375	0	0	0	0	0	0	0	0	0	0	0	0	0	0	0	0	0	0	0	3.18775900541919e-4	0	0	0	0	0	0	0	0	0	0	0	0	0	0	0	0	0	0	0	0	0	0	0	0	0	0	0	0	0	0	0
ASV_4376	0	0	0	0	0	0	0	0	0	0	0	0	0	0	0	0	0	3.3492021721968375e-4	0	0	0	0	0	0	0	0	0	0	0	0	0	0	0	0	0	0	0	0	0	0	0	0	0	0	0	0	0	0	0	0	0
ASV_4377	0	0	0	0	0	0	0	0	0	0	0	0	0	0	0	0	0	3.3492021721968375e-4	0	0	0	0	0	0	0	0	0	0	0	0	0	0	0	0	0	0	0	0	0	0	0	0	0	0	0	0	0	0	0	0	0
ASV_4378	0	0	0	0	0	0	0	0	0	0	0	0	0	0	0	0	0	0	1.6525023607176582e-4	0	0	0	0	0	0	0	0	0	0	0	0	0	0	0	0	0	0	0	0	0	0	0	0	0	0	0	0	0	0	0	0
ASV_4379	0	0	0	0	0	0	0	0	0	0	0	0	0	0	0	0	0	0	1.6525023607176582e-4	0	0	0	0	0	0	0	0	0	0	0	0	0	0	0	0	0	0	0	0	0	0	0	0	0	0	0	0	0	0	0	0
ASV_4380	0	0	0	0	0	0	0	0	0	0	0	0	0	0	0	0	0	0	1.6525023607176582e-4	0	0	0	0	0	0	0	0	0	0	0	0	0	0	0	0	0	0	0	0	0	0	0	0	0	0	0	0	0	0	0	0
ASV_4381	0	0	0	0	0	0	0	0	0	0	0	0	0	0	0	0	0	0	1.6525023607176582e-4	0	0	0	0	0	0	0	0	0	0	0	0	0	0	0	0	0	0	0	0	0	0	0	0	0	0	0	0	0	0	0	0
ASV_4382	0	0	0	0	0	0	0	0	0	0	0	0	0	0	0	0	0	0	1.6525023607176582e-4	0	0	0	0	0	0	0	0	0	0	0	0	0	0	0	0	0	0	0	0	0	0	0	0	0	0	0	0	0	0	0	0
ASV_4383	0	0	0	0	0	0	0	0	0	0	0	0	0	0	0	0	0	0	1.6525023607176582e-4	0	0	0	0	0	0	0	0	0	0	0	0	0	0	0	0	0	0	0	0	0	0	0	0	0	0	0	0	0	0	0	0
ASV_4384	0	0	0	0	0	0	0	0	0	0	0	0	0	0	0	0	0	0	1.6525023607176582e-4	0	0	0	0	0	0	0	0	0	0	0	0	0	0	0	0	0	0	0	0	0	0	0	0	0	0	0	0	0	0	0	0
ASV_4385	0	0	0	0	0	0	0	0	0	0	0	0	0	0	0	0	0	0	0	0.0011157156518967167	0	0	0	0	0	0	0	0	0	0	0	0	0	0	0	0	0	0	0	0	0	0	0	0	0	0	0	0	0	0	0
ASV_4402	0	0	0	0	0	0	0	0	0	0	0	0	0	0	0	0	0	0	0	0	0	0	0	2.2732439190725165e-4	0	0	0	0	0	0	0	0	0	0	0	0	0	0	0	0	0	0	0	0	0	0	0	0	0	0	0
ASV_4406	0	0	0	0	0	0	0	0	0	0	0	0	0	0	0	0	0	0	0	0	0	0	0	0	5.045226855021803e-4	0	0	0	0	0	0	0	0	0	0	0	0	0	0	0	0	0	0	0	0	0	0	0	0	0	0
ASV_4407	0	0	0	0	0	0	0	0	0	0	0	0	0	0	0	0	0	0	0	0	0	0	0	0	5.045226855021803e-4	0	0	0	0	0	0	0	0	0	0	0	0	0	0	0	0	0	0	0	0	0	0	0	0	0	0
ASV_4408	0	0	0	0	0	0	0	0	0	0	0	0	0	0	0	0	0	0	0	0	0	0	0	0	0	3.5308953341740227e-4	0	0	0	0	0	0	0	0	0	0	0	0	0	0	0	0	0	0	0	0	0	0	0	0	0
ASV_4409	0	0	0	0	0	0	0	0	0	0	0	0	0	0	0	0	0	0	0	0	0	0	0	0	0	3.5308953341740227e-4	0	0	0	0	0	0	0	0	0	0	0	0	0	0	0	0	0	0	0	0	0	0	0	0	0
ASV_4410	0	0	0	0	0	0	0	0	0	0	0	0	0	0	0	0	0	0	0	0	0	0	0	0	0	3.5308953341740227e-4	0	0	0	0	0	0	0	0	0	0	0	0	0	0	0	0	0	0	0	0	0	0	0	0	0
ASV_4411	0	0	0	0	0	0	0	0	0	0	0	0	0	0	0	0	0	0	0	0	0	0	0	0	0	3.5308953341740227e-4	0	0	0	0	0	0	0	0	0	0	0	0	0	0	0	0	0	0	0	0	0	0	0	0	0
ASV_4415	0	0	0	0	0	0	0	0	0	0	0	0	0	0	0	0	0	0	0	0	0	0	0	0	0	0	4.4695591099192287e-4	0	0	0	0	0	0	0	0	0	0	0	0	0	0	0	0	0	0	0	0	0	0	0	0
ASV_4416	0	0	0	0	0	0	0	0	0	0	0	0	0	0	0	0	0	0	0	0	0	0	0	0	0	0	4.4695591099192287e-4	0	0	0	0	0	0	0	0	0	0	0	0	0	0	0	0	0	0	0	0	0	0	0	0
ASV_4417	0	0	0	0	0	0	0	0	0	0	0	0	0	0	0	0	0	0	0	0	0	0	0	0	0	0	4.4695591099192287e-4	0	0	0	0	0	0	0	0	0	0	0	0	0	0	0	0	0	0	0	0	0	0	0	0
ASV_4418	0	0	0	0	0	0	0	0	0	0	0	0	0	0	0	0	0	0	0	0	0	0	0	0	0	0	4.4695591099192287e-4	0	0	0	0	0	0	0	0	0	0	0	0	0	0	0	0	0	0	0	0	0	0	0	0
ASV_4420	0	0	0	0	0	0	0	0	0	0	0	0	0	0	0	0	0	0	0	0	0	0	0	0	0	0	0	8.655332302936631e-4	0	0	0	0	0	0	0	0	0	0	0	0	0	0	0	0	0	0	0	0	0	0	0
ASV_4421	0	0	0	0	0	0	0	0	0	0	0	0	0	0	0	0	0	0	0	0	0	0	0	0	0	0	0	0	5.509858711480185e-4	0	0	0	0	0	0	0	0	0	0	0	0	0	0	0	0	0	0	0	0	0	0
ASV_4427	0	0	0	0	0	0	0	0	0	0	0	0	0	0	0	0	0	0	0	0	0	0	0	0	0	0	0	0	0	0	0	0	0	2.092269065801862e-4	0	0	0	0	0	0	0	0	0	0	0	0	0	0	0	0	0
ASV_4428	0	0	0	0	0	0	0	0	0	0	0	0	0	0	0	0	0	0	0	0	0	0	0	0	0	0	0	0	0	0	0	0	0	2.092269065801862e-4	0	0	0	0	0	0	0	0	0	0	0	0	0	0	0	0	0
ASV_4429	0	0	0	0	0	0	0	0	0	0	0	0	0	0	0	0	0	0	0	0	0	0	0	0	0	0	0	0	0	0	0	0	0	0	0	6.547869603853889e-4	0	0	0	0	0	0	0	0	0	0	0	0	0	0	0
ASV_4430	0	0	0	0	0	0	0	0	0	0	0	0	0	0	0	0	0	0	0	0	0	0	0	0	0	0	0	0	0	0	0	0	0	0	0	6.547869603853889e-4	0	0	0	0	0	0	0	0	0	0	0	0	0	0	0
ASV_4432	0	0	0	0	0	0	0	0	0	0	0	0	0	0	0	0	0	0	0	0	0	0	0	0	0	0	0	0	0	0	0	0	0	0	0	0	0.001029336078229542	0	0	0	0	0	0	0	0	0	0	0	0	0	0
ASV_4433	0	0	0	0	0	0	0	0	0	0	0	0	0	0	0	0	0	0	0	0	0	0	0	0	0	0	0	0	0	0	0	0	0	0	0	0	0.001029336078229542	0	0	0	0	0	0	0	0	0	0	0	0	0	0
ASV_4434	0	0	0	0	0	0	0	0	0	0	0	0	0	0	0	0	0	0	0	0	0	0	0	0	0	0	0	0	0	0	0	0	0	0	0	0	0	0	0	3.3018089196009526e-4	0	0	0	0	0	0	0	0	0	0	0
ASV_4435	0	0	0	0	0	0	0	0	0	0	0	0	0	0	0	0	0	0	0	0	0	0	0	0	0	0	0	0	0	0	0	0	0	0	0	0	0	0	0	0	1.3624906328768988e-4	0	0	0	0	0	0	0	0	0	0
ASV_4436	0	0	0	0	0	0	0	0	0	0	0	0	0	0	0	0	0	0	0	0	0	0	0	0	0	0	0	0	0	0	0	0	0	0	0	0	0	0	0	0	1.3624906328768988e-4	0	0	0	0	0	0	0	0	0	0
ASV_4439	0	0	0	0	0	0	0	0	0	0	0	0	0	0	0	0	0	0	0	0	0	0	0	0	0	0	0	0	0	0	0	0	0	0	0	0	0	0	0	0	0	0	1.891125219505606e-4	0	0	0	0	0	0	0	0
ASV_4440	0	0	0	0	0	0	0	0	0	0	0	0	0	0	0	0	0	0	0	0	0	0	0	0	0	0	0	0	0	0	0	0	0	0	0	0	0	0	0	0	0	0	1.891125219505606e-4	0	0	0	0	0	0	0	0
ASV_4451	0	0	0	0	0	0	0	0	0	0	0	0	0	0	0	0	0	0	0	0	0	0	0	0	0	0	0	0	0	0	0	0	0	0	0	0	0	0	0	0	0	0	0	0	0	0	2.1702398114991706e-4	0	0	0	0
ASV_4452	0	0	0	0	0	0	0	0	0	0	0	0	0	0	0	0	0	0	0	0	0	0	0	0	0	0	0	0	0	0	0	0	0	0	0	0	0	0	0	0	0	0	0	0	0	0	2.1702398114991706e-4	0	0	0	0
ASV_4453	0	0	0	0	0	0	0	0	0	0	0	0	0	0	0	0	0	0	0	0	0	0	0	0	0	0	0	0	0	0	0	0	0	0	0	0	0	0	0	0	0	0	0	0	0	0	0	0	3.1626267874488895e-4	0	0
ASV_4468	0	0	0	6.354792980397908e-4	0	0	0	0	0	0	0	0	0	0	0	0	0	0	0	0	0	0	0	0	0	0	0	0	0	0	0	0	0	0	0	0	0	0	0	0	0	0	0	0	0	0	0	0	0	0	0
ASV_4469	0	0	0	6.354792980397908e-4	0	0	0	0	0	0	0	0	0	0	0	0	0	0	0	0	0	0	0	0	0	0	0	0	0	0	0	0	0	0	0	0	0	0	0	0	0	0	0	0	0	0	0	0	0	0	0
ASV_4472	0	0	0	0	0	0	0	0	0	0	0	0	1.392951664577239e-4	0	0	0	0	0	0	0	0	0	0	0	0	0	0	0	0	0	0	0	0	0	0	0	0	0	0	0	0	0	0	0	0	0	0	0	0	0	0
ASV_4473	0	0	0	0	4.343322976178544e-4	0	0	0	0	0	0	0	0	0	0	0	0	0	0	0	0	0	0	0	0	0	0	0	0	0	0	0	0	0	0	0	0	0	0	0	0	0	0	0	0	0	0	0	0	0	0
ASV_4474	0	0	0	0	0	4.354233654876742e-4	0	0	0	0	0	0	0	0	0	0	0	0	0	0	0	0	0	0	0	0	0	0	0	0	0	0	0	0	0	0	0	0	0	0	0	0	0	0	0	0	0	0	0	0	0
ASV_4482	0	0	0	0	0	0	8.019740900678593e-4	0	0	0	0	0	0	0	0	0	0	0	0	0	0	0	0	0	0	0	0	0	0	0	0	0	0	0	0	0	0	0	0	0	0	0	0	0	0	0	0	0	0	0	0
ASV_4483	0	0	0	0	0	0	8.019740900678593e-4	0	0	0	0	0	0	0	0	0	0	0	0	0	0	0	0	0	0	0	0	0	0	0	0	0	0	0	0	0	0	0	0	0	0	0	0	0	0	0	0	0	0	0	0
ASV_4484	0	0	0	0	0	0	4.3183220234423197e-4	0	0	0	0	0	0	0	0	0	0	0	7.082152974504249e-5	0	0	0	0	0	0	0	0	0	0	0	0	0	0	0	0	0	0	0	0	0	0	0	0	0	0	0	0	0	0	0	0
ASV_4487	0	0	0	0	0	0	0	0	0	0.003793405310767435	0	0	0	0	0	0	0	0	0	0	0	0	0	0	0	0	0	0	0	0	0	0	0	0	0	0	0	0	0	0	0	0	0	0	0	0	0	0	0	0	0
ASV_4490	0	0	0	0	0	0	0	0	0	0	0	0	4.5270929098760275e-4	0	0	0	0	0	0	0	0	0	0	0	0	0	0	0	0	0	0	0	0	0	0	0	0	0	0	0	0	0	0	0	0	0	0	0	0	0	0
ASV_4491	0	0	0	0	0	0	0	0	0	0	0	0	1.0447137484329294e-4	0	2.015519500151164e-4	0	0	0	0	0	0	0	0	0	0	0	0	0	0	0	0	0	0	0	0	0	0	0	0	0	0	0	0	0	0	0	0	0	0	0	0
ASV_4493	0	0	0	0	0	0	0	0	0	0	0	0	0	0	0	0	0	0	1.0623229461756374e-4	0	0	0	0	0	0	0	0	0	0	0	0	0	0	0	0	0	0	0	0	0	0	0	0	0	0	0	0	0	0	0	0
ASV_4495	0	0	0	0	0	0	0	0	0	0	0	0	0	0	0	0	0	0	0	0	0	0	0	0	0	0	0	0	0	0	0	0	0	0	0	0	0	0	0	0	0	0	0	0	1.596606071664804e-4	0	0	0	0	0	0
ASV_4496	0	0	0	0	0	0	0	0	0	0	0	0	0	2.1876253327013527e-4	0	0	0	0	0	0	0	0	0	0	0	0	0	0	0	0	0	0	0	0	0	0	0	0	0	1.6509044598004763e-4	0	0	0	0	0	0	0	0	0	0	0
ASV_4497	0	0	0	0	0	0	0	0	0	0	0	0	0	1.0938126663506764e-4	0	0	0	0	0	0	0	0	0	0	0	0	0	0	0	0	0	0	0	0	0	0	0	0	0	1.8867479540576873e-4	0	0	0	0	0	0	0	0	0	0	0
ASV_4498	0	0	0	0	0	0	0	0	0	0	0	0	0	0	0	0	5.938242280285036e-4	0	0	0	0	0	0	0	0	0	0	0	0	0	0	0	0	0	0	0	0	0	0	0	0	0	0	0	0	0	0	0	0	0	0
ASV_4499	0	0	0	0	0	0	0	0	0	0	0	0	0	0	0	0	5.938242280285036e-4	0	0	0	0	0	0	0	0	0	0	0	0	0	0	0	0	0	0	0	0	0	0	0	0	0	0	0	0	0	0	0	0	0	0
ASV_4500	0	0	0	0	0	0	0	0	0	0	0	0	0	0	0	0	5.938242280285036e-4	0	0	0	0	0	0	0	0	0	0	0	0	0	0	0	0	0	0	0	0	0	0	0	0	0	0	0	0	0	0	0	0	0	0
ASV_4502	0	0	0	0	0	0	0	0	0	0	0	0	0	0	0	0	0	3.109973445611349e-4	0	0	0	0	0	0	0	0	0	0	0	0	0	0	0	0	0	0	0	0	0	0	0	0	0	0	0	0	0	0	0	0	0
ASV_4503	0	0	0	0	0	0	0	0	0	0	0	0	0	0	0	0	0	0	1.534466477809254e-4	0	0	0	0	0	0	0	0	0	0	0	0	0	0	0	0	0	0	0	0	0	0	0	0	0	0	0	0	0	0	0	0
ASV_4504	0	0	0	0	0	0	0	0	0	0	0	0	0	0	0	0	0	0	1.534466477809254e-4	0	0	0	0	0	0	0	0	0	0	0	0	0	0	0	0	0	0	0	0	0	0	0	0	0	0	0	0	0	0	0	0
ASV_4527	0	0	0	0	0	0	0	0	0	0	0	0	0	0	0	0	0	0	0	0	0	0	0	2.1108693534244795e-4	0	0	0	0	0	0	0	0	0	0	0	0	0	0	0	0	0	0	0	0	0	0	0	0	0	0	0
ASV_4534	0	0	0	0	0	0	0	0	0	0	0	0	0	0	0	0	0	0	0	0	0	0	0	0	4.684853508234531e-4	0	0	0	0	0	0	0	0	0	0	0	0	0	0	0	0	0	0	0	0	0	0	0	0	0	0
ASV_4535	0	0	0	0	0	0	0	0	0	0	0	0	0	0	0	0	0	0	0	0	0	0	0	0	4.684853508234531e-4	0	0	0	0	0	0	0	0	0	0	0	0	0	0	0	0	0	0	0	0	0	0	0	0	0	0
ASV_4536	0	0	0	0	0	0	0	0	0	0	0	0	0	0	0	0	0	0	0	0	0	0	0	0	4.684853508234531e-4	0	0	0	0	0	0	0	0	0	0	0	0	0	0	0	0	0	0	0	0	0	0	0	0	0	0
ASV_4537	0	0	0	0	0	0	0	0	0	0	0	0	0	0	0	0	0	0	0	0	0	0	0	0	4.684853508234531e-4	0	0	0	0	0	0	0	0	0	0	0	0	0	0	0	0	0	0	0	0	0	0	0	0	0	0
ASV_4538	0	0	0	0	0	0	0	0	0	0	0	0	0	0	0	0	0	0	0	0	0	0	0	0	4.684853508234531e-4	0	0	0	0	0	0	0	0	0	0	0	0	0	0	0	0	0	0	0	0	0	0	0	0	0	0
ASV_4545	0	0	0	0	0	0	0	0	0	0	0	0	0	0	0	0	0	0	0	0	0	0	0	0	0	0	0	0	0	4.4992039869869177e-4	0	0	0	0	0	0	0	0	0	0	0	0	0	0	0	0	0	0	0	0	0
ASV_4549	0	0	0	0	0	0	0	0	0	0	0	0	0	0	0	0	0	0	0	0	0	0	0	0	0	0	0	0	0	0	0	0	0	1.9428212753874434e-4	0	0	0	0	0	0	0	0	0	0	0	0	0	0	0	0	0
ASV_4550	0	0	0	0	0	0	0	0	0	0	0	0	0	0	0	0	0	0	0	0	0	0	0	0	0	0	0	0	0	0	0	0	0	1.9428212753874434e-4	0	0	0	0	0	0	0	0	0	0	0	0	0	0	0	0	0
ASV_4551	0	0	0	0	0	0	0	0	0	0	0	0	0	0	0	0	0	0	0	0	0	0	0	0	0	0	0	0	0	0	0	0	0	1.9428212753874434e-4	0	0	0	0	0	0	0	0	0	0	0	0	0	0	0	0	0
ASV_4552	0	0	0	0	0	0	0	0	0	0	0	0	0	0	0	0	0	0	0	0	0	0	0	0	0	0	0	0	0	0	0	0	0	1.9428212753874434e-4	0	0	0	0	0	0	0	0	0	0	0	0	0	0	0	0	0
ASV_4554	0	0	0	0	0	0	0	0	0	0	0	0	0	0	0	0	0	0	0	0	0	0	0	0	0	0	0	0	0	0	0	0	0	0	0	0	9.558120726417175e-4	0	0	0	0	0	0	0	0	0	0	0	0	0	0
ASV_4556	0	0	0	0	0	0	0	0	0	0	0	0	0	0	0	0	0	0	0	0	0	0	0	0	0	0	0	0	0	0	0	0	0	0	0	0	0	0	0	3.065965425343742e-4	0	0	0	0	0	0	0	0	0	0	0
ASV_4557	0	0	0	0	0	0	0	0	0	0	0	0	0	0	0	0	0	0	0	0	0	0	0	0	0	0	0	0	0	0	0	0	0	0	0	0	0	0	0	3.065965425343742e-4	0	0	0	0	0	0	0	0	0	0	0
ASV_4558	0	0	0	0	0	0	0	0	0	0	0	0	0	0	0	0	0	0	0	0	0	0	0	0	0	0	0	0	0	0	0	0	0	0	0	0	0	0	0	0	1.2651698733856919e-4	0	0	0	0	0	0	0	0	0	0
ASV_4570	0	0	0	0	0	0	0	0	0	0	0	0	0	0	0	0	0	0	0	0	0	0	0	0	0	0	0	0	0	0	0	0	0	0	0	0	0	0	0	0	0	0	1.756044846683777e-4	0	0	0	0	0	0	0	0
ASV_4577	0	0	0	0	0	0	0	0	0	0	0	0	0	0	0	0	0	0	0	0	0	0	0	0	0	0	0	0	0	0	0	0	0	0	0	0	0	0	0	0	0	0	0	0	2.9651255616632076e-4	0	0	0	0	0	0
ASV_4585	0	0	0	0	0	0	0	0	0	0	0	0	0	0	0	0	0	0	0	0	0	0	0	0	0	0	0	0	0	0	0	0	0	0	0	0	0	0	0	0	0	0	0	0	0	0	2.0152226821063728e-4	0	0	0	0
ASV_4586	0	0	0	0	0	0	0	0	0	0	0	0	0	0	0	0	0	0	0	0	0	0	0	0	0	0	0	0	0	0	0	0	0	0	0	0	0	0	0	0	0	0	0	0	0	0	2.0152226821063728e-4	0	0	0	0
ASV_4587	0	0	0	0	0	0	0	0	0	0	0	0	0	0	0	0	0	0	0	0	0	0	0	0	0	0	0	0	0	0	0	0	0	0	0	0	0	0	0	0	0	0	0	0	0	0	2.0152226821063728e-4	0	0	0	0
ASV_4589	0	0	0	0	0	0	0	0	0	0	0	0	0	0	0	0	0	0	0	0	0	0	0	0	0	0	0	0	0	0	0	0	0	0	0	0	0	0	0	0	0	0	0	0	0	0	2.0152226821063728e-4	0	0	0	0
ASV_4595	0	0	0	0	0	0	0	0	0	0	0	0	0	0	0	0	0	0	0	0	0	0	0	0	0	0	0	0	0	0	0	0	0	0	0	0	0	0	0	0	0	0	0	0	1.596606071664804e-4	0	0	0	0	0	0
ASV_4596	0	0.0029418975239029173	0	0	0	0	0	0	0	0	0	0	0	0	0	0	0	0	0	0	0	0	0	0	0	0	0	0	0	0	0	0	0	0	0	0	0	0	0	0	0	0	0	0	0	0	0	0	0	0	0
ASV_4597	0	0.002206423142927188	0	0	0	0	0	0	0	0	0	0	0	0	0	0	0	0	0	0	0	0	0	0	0	0	0	0	0	0	0	0	0	0	0	0	0	0	0	0	0	0	0	0	0	0	0	0	0	0	0
ASV_4611	0	0	0	5.86596275113653e-4	0	0	0	0	0	0	0	0	0	0	0	0	0	0	0	0	0	0	0	0	0	0	0	0	0	0	0	0	0	0	0	0	0	0	0	0	0	0	0	0	0	0	0	0	0	0	0
ASV_4613	0	0	0	0	0	0	0	0	0	0	0	0	0	0	0	0	0	0	0	0	0	0	0	0	0	2.01765447667087e-4	0	0	0	0	0	0	0	0	0	0	0	0	0	0	0	0	0	0	0	0	0	0	0	0	0
ASV_4619	0	0	0	0	0	1.0048231511254019e-4	0	0	0	0	0	0	0	0	0	0	0	0	0	0	0	0	0	0	1.0811200403618149e-4	0	0	0	0	0	0	0	0	0	0	0	0	0	0	0	0	0	0	0	0	0	0	0	0	0	0
ASV_4621	0	0	0	0	0	0	0	0	0	0	0	0	0	0	0	0	0	0	8.262511803588291e-5	0	0	0	0	0	0	0	0	0	0	0	0	0	0	0	0	0	0	0	0	0	0	0	0	0	0	0	0	0	0	0	0
ASV_4624	0	0	0	0	0	0	7.402837754472548e-4	0	0	0	0	0	0	0	0	0	0	0	0	0	0	0	0	0	0	0	0	0	0	0	0	0	0	0	0	0	0	0	0	0	0	0	0	0	0	0	0	0	0	0	0
ASV_4625	0	0	0	0	0	0	3.0845157310302283e-4	0	0	0	0	0	0	0	0	0	0	0	8.262511803588291e-5	0	0	0	0	0	0	0	0	0	0	0	0	0	0	0	0	0	0	0	0	0	0	0	0	0	0	0	0	0	0	0	0
ASV_4628	0	0	0	0	0	0	0	0	3.027321577234542e-4	0	0	0	0	0	0	0	0	0	0	0	0	0	0	0	0	0	0	0	0	0	0	0	0	0	0	0	0	0	0	0	0	0	0	0	0	0	0	0	0	0	0
ASV_4632	0	0	0	0	0	0	0	0	0	0	0	0	4.178854993731718e-4	0	0	0	0	0	0	0	0	0	0	0	0	0	0	0	0	0	0	0	0	0	0	0	0	0	0	0	0	0	0	0	0	0	0	0	0	0	0
ASV_4647	0	0	0	0	0	0	0	0	0	0	0	0	0	0	0	0	0	0	0	0	0	0	0	0	0	2.5220680958385876e-5	0	1.8547140649149922e-4	0	0	0	0	0	0	0	0	0	0	0	0	0	0	0	0	0	0	0	0	0	0	0
ASV_4648	0	0	0	0	0	0	0	0	0	0	0	0	0	4.3752506654027055e-4	0	0	0	0	0	0	0	0	0	0	0	0	0	0	0	0	0	0	0	0	0	0	0	0	0	0	0	0	0	0	0	0	0	0	0	0	0
ASV_4649	0	0	0	0	0	0	0	0	0	0	0	0	0	4.3752506654027055e-4	0	0	0	0	0	0	0	0	0	0	0	0	0	0	0	0	0	0	0	0	0	0	0	0	0	0	0	0	0	0	0	0	0	0	0	0	0
ASV_4650	0	0	0	0	0	0	0	0	0	0	0	0	0	4.3752506654027055e-4	0	0	0	0	0	0	0	0	0	0	0	0	0	0	0	0	0	0	0	0	0	0	0	0	0	0	0	0	0	0	0	0	0	0	0	0	0
ASV_4651	0	0	0	0	0	0	0	0	0	0	0	0	0	0	2.4186234001813967e-4	0	0	0	0	0	0	0	0	0	0	0	0	0	0	0	0	0	0	0	0	0	0	0	0	0	0	0	0	0	0	0	0	0	0	0	0
ASV_4652	0	0	0	0	0	0	0	0	0	0	0	0	0	0	2.4186234001813967e-4	0	0	0	0	0	0	0	0	0	0	0	0	0	0	0	0	0	0	0	0	0	0	0	0	0	0	0	0	0	0	0	0	0	0	0	0
ASV_4653	0	0	0	0	0	0	0	0	0	0	0	0	0	0	0	0	5.481454412570802e-4	0	0	0	0	0	0	0	0	0	0	0	0	0	0	0	0	0	0	0	0	0	0	0	0	0	0	0	0	0	0	0	0	0	0
ASV_4655	0	0	0	0	0	0	0	0	0	0	0	0	0	0	0	0	0	2.870744719025861e-4	0	0	0	0	0	0	0	0	0	0	0	0	0	0	0	0	0	0	0	0	0	0	0	0	0	0	0	0	0	0	0	0	0
ASV_4656	0	0	0	0	0	0	0	0	0	0	0	0	0	0	0	0	0	2.870744719025861e-4	0	0	0	0	0	0	0	0	0	0	0	0	0	0	0	0	0	0	0	0	0	0	0	0	0	0	0	0	0	0	0	0	0
ASV_4657	0	0	0	0	0	0	0	0	0	0	0	0	0	0	0	0	0	2.3922872658548838e-4	0	0	0	0	0	0	0	0	0	0	0	0	0	0	0	0	0	0	0	2.4850894632206757e-4	0	0	0	0	0	0	0	0	0	0	0	0	0
ASV_4658	0	0	0	0	0	0	0	0	0	0	0	0	0	0	0	0	0	0	1.4164305949008498e-4	0	0	0	0	0	0	0	0	0	0	0	0	0	0	0	0	0	0	0	0	0	0	0	0	0	0	0	0	0	0	0	0
ASV_4659	0	0	0	0	0	0	0	0	0	0	0	0	0	0	0	0	0	0	1.4164305949008498e-4	0	0	0	0	0	0	0	0	0	0	0	0	0	0	0	0	0	0	0	0	0	0	0	0	0	0	0	0	0	0	0	0
ASV_4660	0	0	0	0	0	0	0	0	0	0	0	0	0	0	0	0	0	0	1.4164305949008498e-4	0	0	0	0	0	0	0	0	0	0	0	0	0	0	0	0	0	0	0	0	0	0	0	0	0	0	0	0	0	0	0	0
ASV_4661	0	0	0	0	0	0	0	0	0	0	0	0	0	0	0	0	0	0	1.4164305949008498e-4	0	0	0	0	0	0	0	0	0	0	0	0	0	0	0	0	0	0	0	0	0	0	0	0	0	0	0	0	0	0	0	0
ASV_4662	0	0	0	0	0	0	0	0	0	0	0	0	0	0	0	0	0	0	1.4164305949008498e-4	0	0	0	0	0	0	0	0	0	0	0	0	0	0	0	0	0	0	0	0	0	0	0	0	0	0	0	0	0	0	0	0
ASV_4663	0	0	0	0	0	0	0	0	0	0	0	0	0	0	0	0	0	0	1.4164305949008498e-4	0	0	0	0	0	0	0	0	0	0	0	0	0	0	0	0	0	0	0	0	0	0	0	0	0	0	0	0	0	0	0	0
ASV_4664	0	0	0	0	0	0	0	0	0	0	0	0	0	0	0	0	0	0	1.4164305949008498e-4	0	0	0	0	0	0	0	0	0	0	0	0	0	0	0	0	0	0	0	0	0	0	0	0	0	0	0	0	0	0	0	0
ASV_4665	0	0	0	0	0	0	0	0	0	0	0	0	0	0	0	0	0	0	0	9.56327701625757e-4	0	0	0	0	0	0	0	0	0	0	0	0	0	0	0	0	0	0	0	0	0	0	0	0	0	0	0	0	0	0	0
ASV_4666	0	0	0	0	0	0	0	0	0	0	0	0	0	0	0	0	0	0	0	9.56327701625757e-4	0	0	0	0	0	0	0	0	0	0	0	0	0	0	0	0	0	0	0	0	0	0	0	0	0	0	0	0	0	0	0
ASV_4667	0	0	0	0	0	0	0	0	0	0	0	0	0	0	0	0	0	0	0	9.56327701625757e-4	0	0	0	0	0	0	0	0	0	0	0	0	0	0	0	0	0	0	0	0	0	0	0	0	0	0	0	0	0	0	0
ASV_4668	0	0	0	0	0	0	0	0	0	0	0	0	0	0	0	0	0	0	0	5.578578259483584e-4	0	0	0	0	0	0	0	0	0	0	0	0	0	0	0	0	0	0	0	0	0	0	0	0	0	0	0	0	0	0	0
ASV_4703	0	0	0	0	0	0	0	0	0	0	0	0	0	0	0	0	0	0	0	0	0	0	0	0	0	0	0	0	0	0	2.576821490691232e-4	0	0	0	0	0	0	0	0	0	0	0	0	0	0	0	0	0	0	0	0
ASV_4705	0	0	0	0	0	0	0	0	0	0	0	0	0	0	0	0	0	0	0	0	0	0	0	0	4.3244801614472595e-4	0	0	0	0	0	0	0	0	0	0	0	0	0	0	0	0	0	0	0	0	0	0	0	0	0	0
ASV_4706	0	0	0	0	0	0	0	0	0	0	0	0	0	0	0	0	0	0	0	0	0	0	0	0	4.3244801614472595e-4	0	0	0	0	0	0	0	0	0	0	0	0	0	0	0	0	0	0	0	0	0	0	0	0	0	0
ASV_4707	0	0	0	0	0	0	0	0	0	0	0	0	0	0	0	0	0	0	0	0	0	0	0	0	4.3244801614472595e-4	0	0	0	0	0	0	0	0	0	0	0	0	0	0	0	0	0	0	0	0	0	0	0	0	0	0
ASV_4708	0	0	0	0	0	0	0	0	0	0	0	0	0	0	0	0	0	0	0	0	0	0	0	0	4.3244801614472595e-4	0	0	0	0	0	0	0	0	0	0	0	0	0	0	0	0	0	0	0	0	0	0	0	0	0	0
ASV_4709	0	0	0	0	0	0	0	0	0	0	0	0	0	0	0	0	0	0	0	0	0	0	0	0	4.3244801614472595e-4	0	0	0	0	0	0	0	0	0	0	0	0	0	0	0	0	0	0	0	0	0	0	0	0	0	0
ASV_4710	0	0	0	0	0	0	0	0	0	0	0	0	0	0	0	0	0	0	0	0	0	0	0	0	4.3244801614472595e-4	0	0	0	0	0	0	0	0	0	0	0	0	0	0	0	0	0	0	0	0	0	0	0	0	0	0
ASV_4711	0	0	0	0	0	0	0	0	0	0	0	0	0	0	0	0	0	0	0	0	0	0	0	0	4.3244801614472595e-4	0	0	0	0	0	0	0	0	0	0	0	0	0	0	0	0	0	0	0	0	0	0	0	0	0	0
ASV_4712	0	0	0	0	0	0	0	0	0	0	0	0	0	0	0	0	0	0	0	0	0	0	0	0	4.3244801614472595e-4	0	0	0	0	0	0	0	0	0	0	0	0	0	0	0	0	0	0	0	0	0	0	0	0	0	0
ASV_4713	0	0	0	0	0	0	0	0	0	0	0	0	0	0	0	0	0	0	0	0	0	0	0	0	4.3244801614472595e-4	0	0	0	0	0	0	0	0	0	0	0	0	0	0	0	0	0	0	0	0	0	0	0	0	0	0
ASV_4714	0	0	0	0	0	0	0	0	0	0	0	0	0	0	0	0	0	0	0	0	0	0	0	0	4.3244801614472595e-4	0	0	0	0	0	0	0	0	0	0	0	0	0	0	0	0	0	0	0	0	0	0	0	0	0	0
ASV_4715	0	0	0	0	0	0	0	0	0	0	0	0	0	0	0	0	0	0	0	0	0	0	0	0	0	3.026481715006305e-4	0	0	0	0	0	0	0	0	0	0	0	0	0	0	0	0	0	0	0	0	0	0	0	0	0
ASV_4717	0	0	0	0	0	0	0	0	0	0	0	0	0	0	0	0	0	0	0	0	0	0	0	0	0	0	1.5962711106854387e-4	0	0	0	0	0	0	0	0	0	0	0	0	0	0	0	0	0	0	0	0	0	0	0	0
ASV_4718	0	0	0	0	0	0	0	0	0	0	0	0	0	0	0	0	0	0	0	0	0	0	0	0	0	0	0	4.945904173106646e-4	0	0	0	0	0	0	0	0	0	0	0	0	0	0	0	0	0	0	0	0	0	0	0
ASV_4719	0	0	0	0	0	0	0	0	0	0	0	0	0	0	0	0	0	0	0	0	0	0	0	0	0	0	0	0	4.7227360384115866e-4	0	0	0	0	0	0	0	0	0	0	0	0	0	0	0	0	0	0	0	0	0	0
ASV_4720	0	0	0	0	0	0	0	0	0	0	0	0	0	0	0	0	0	0	0	0	0	0	0	0	0	0	0	0	0	4.153111372603309e-4	0	0	0	0	0	0	0	0	0	0	0	0	0	0	0	0	0	0	0	0	0
ASV_4724	0	0	0	0	0	0	0	0	0	0	0	0	0	0	0	0	0	0	0	0	0	0	0	0	0	0	0	0	0	0	0	0	0	1.7933734849730248e-4	0	0	0	0	0	0	0	0	0	0	0	0	0	0	0	0	0
ASV_4725	0	0	0	0	0	0	0	0	0	0	0	0	0	0	0	0	0	0	0	0	0	0	0	0	0	0	0	0	0	0	0	0	0	8.966867424865124e-5	0	0	0	0	0	0	0	0	0	0	0	0	0	0	0	0	0
ASV_4727	0	0	0	0	0	0	0	0	0	0	0	0	0	0	0	0	0	0	0	0	0	0	0	0	0	0	0	0	0	0	0	0	0	0	0	5.61245966044619e-4	0	0	0	0	0	0	0	0	0	0	0	0	0	0	0
ASV_4733	0	0	0	0	0	0	0	0	0	0	0	0	0	0	0	0	0	0	0	0	0	0	0	0	0	0	0	0	0	0	0	0	0	0	0	0	0	0	0	2.830121931086531e-4	0	0	0	0	0	0	0	0	0	0	0
ASV_4734	0	0	0	0	0	0	0	0	0	0	0	0	0	0	0	0	0	0	0	0	0	0	0	0	0	0	0	0	0	0	0	0	0	0	0	0	0	0	0	2.830121931086531e-4	0	0	0	0	0	0	0	0	0	0	0
ASV_4741	0	0	0	0	0	0	0	0	0	0	0	0	0	0	0	0	0	0	0	0	0	0	0	0	0	0	0	0	0	0	0	0	0	0	0	0	0	0	0	0	0	0	1.620964473861948e-4	0	0	0	0	0	0	0	0
ASV_4754	0	0	0	0	0	0	0	0	0	0	0	0	0	0	0	0	0	0	0	0	0	0	0	0	0	0	0	0	0	0	0	0	0	0	0	0	0	0	0	0	0	0	0	0	2.7370389799968067e-4	0	0	0	0	0	0
ASV_4755	0	0	0	0	0	0	0	0	0	0	0	0	0	0	0	0	0	0	0	0	0	0	0	0	0	0	0	0	0	0	0	0	0	0	0	0	0	0	0	0	0	0	0	0	2.7370389799968067e-4	0	0	0	0	0	0
ASV_4756	0	0	0	0	0	0	0	0	0	0	0	0	0	0	0	0	0	0	0	0	0	0	0	0	0	0	0	0	0	0	0	0	0	0	0	0	0	0	0	0	0	0	0	0	0	3.7611659614480487e-4	0	0	0	0	0
ASV_4757	0	0	0	0	0	0	0	0	0	0	0	0	0	0	0	0	0	0	0	0	0	0	0	0	0	0	0	0	0	0	0	0	0	0	0	0	0	0	0	0	0	0	0	0	0	3.7611659614480487e-4	0	0	0	0	0
ASV_4762	0	0	0	0	0	0	0	0	0	0	0	0	0	0	0	0	0	0	0	0	0	0	0	0	0	0	0	0	0	0	0	0	0	0	0	0	0	0	0	0	0	0	0	0	0	0	1.860205552713575e-4	0	0	0	0
ASV_4763	0	0	0	0	0	0	0	0	0	0	0	0	0	0	0	0	0	0	0	0	0	0	0	0	0	0	0	0	0	0	0	0	0	0	0	0	0	0	0	0	0	0	0	0	0	0	1.860205552713575e-4	0	0	0	0
ASV_4778	0	0.0026967393969110076	0	0	0	0	0	0	0	0	0	0	0	0	0	0	0	0	0	0	0	0	0	0	0	0	0	0	0	0	0	0	0	0	0	0	0	0	0	0	0	0	0	0	0	0	0	0	0	0	0
ASV_4779	0	0.0026967393969110076	0	0	0	0	0	0	0	0	0	0	0	0	0	0	0	0	0	0	0	0	0	0	0	0	0	0	0	0	0	0	0	0	0	0	0	0	0	0	0	0	0	0	0	0	0	0	0	0	0
ASV_4791	0	0	0	0	0	0	0	0	0	0	0	0	0	0	0	0	0	0	1.1803588290840415e-5	0	0	0	0	0	0	0	0	0	0	0	0	0	0	0	0	0	0	0	0	0	0	0	0	0	0	0	0	0	0	0	0
ASV_4792	0	0	0	0	0	0	0	0	0	0	0	0	0	0	0	0	0	0	8.262511803588291e-5	0	0	0	0	0	0	0	0	0	0	0	0	0	0	0	0	0	0	0	0	0	0	0	0	0	0	0	0	0	0	0	0
ASV_4794	0	0	5.978910751168606e-4	0	0	0	0	0	0	0	0	0	0	0	0	0	0	0	0	0	0	0	0	0	0	0	0	0	0	0	0	0	0	0	0	0	0	0	0	0	0	0	0	0	0	0	0	0	0	0	0
ASV_4797	0	0	0	0	0	3.684351554126474e-4	0	0	0	0	0	0	0	0	0	0	0	0	0	0	0	0	0	0	0	0	0	0	0	0	0	0	0	0	0	0	0	0	0	0	0	0	0	0	0	0	0	0	0	0	0
ASV_4799	0	0	0	0	0	1.0048231511254019e-4	0	0	0	0	0	0	0	0	0	0	0	0	0	0	0	0	0	0	0	0	0	0	0	0	0	0	0	0	0	0	0	0	0	0	0	0	0	0	0	0	0	0	0	0	0
ASV_4802	0	0	0	0	0	0	6.785934608266502e-4	0	0	0	0	0	0	0	0	0	0	0	0	0	0	0	0	0	0	0	0	0	0	0	0	0	0	0	0	0	0	0	0	0	0	0	0	0	0	0	0	0	0	0	0
ASV_4809	0	0	0	0	0	0	0	0	0	0.0032098044937262913	0	0	0	0	0	0	0	0	0	0	0	0	0	0	0	0	0	0	0	0	0	0	0	0	0	0	0	0	0	0	0	0	0	0	0	0	0	0	0	0	0
ASV_4811	0	0	0	0	0	0	0	0	0	0	0	0	3.8306170775874074e-4	0	0	0	0	0	0	0	0	0	0	0	0	0	0	0	0	0	0	0	0	0	0	0	0	0	0	0	0	0	0	0	0	0	0	0	0	0	0
ASV_4821	0	0	0	0	0	0	0	0	0	0	0	0	0	0	0	0	0	9.569149063419536e-5	0	0	0	0	0	0	0	0	0	0	0	0	0	0	0	0	0	0	0	0	0	0	0	0	0	0	0	0	0	0	0	0	0
ASV_4822	0	0	0	0	0	0	0	0	0	0	0	0	0	4.0106464432858134e-4	0	0	0	0	0	0	0	0	0	0	0	0	0	0	0	0	0	0	0	0	0	0	0	0	0	0	0	0	0	0	0	0	0	0	0	0	0
ASV_4823	0	0	0	0	0	0	0	0	0	0	0	0	0	4.0106464432858134e-4	0	0	0	0	0	0	0	0	0	0	0	0	0	0	0	0	0	0	0	0	0	0	0	0	0	0	0	0	0	0	0	0	0	0	0	0	0
ASV_4824	0	0	0	0	0	0	0	0	0	0	0	0	0	1.4584168884675683e-4	0	0	0	0	0	0	0	0	0	0	0	0	0	0	0	0	0	0	0	0	0	0	0	0	0	0	0	0	0	0	0	0	0	0	0	0	0
ASV_4825	0	0	0	0	0	0	0	0	0	0	0	0	0	0	2.2170714501662804e-4	0	0	0	0	0	0	0	0	0	0	0	0	0	0	0	0	0	0	0	0	0	0	0	0	0	0	0	0	0	0	0	0	0	0	0	0
ASV_4826	0	0	0	0	0	0	0	0	0	0	0	0	0	0	2.2170714501662804e-4	0	0	0	0	0	0	0	0	0	0	0	0	0	0	0	0	0	0	0	0	0	0	0	0	0	0	0	0	0	0	0	0	0	0	0	0
ASV_4827	0	0	0	0	0	0	0	0	0	0	0	0	0	0	0	0	5.024666544856569e-4	0	0	0	0	0	0	0	0	0	0	0	0	0	0	0	0	0	0	0	0	0	0	0	0	0	0	0	0	0	0	0	0	0	0
ASV_4828	0	0	0	0	0	0	0	0	0	0	0	0	0	0	0	0	5.024666544856569e-4	0	0	0	0	0	0	0	0	0	0	0	0	0	0	0	0	0	0	0	0	0	0	0	0	0	0	0	0	0	0	0	0	0	0
ASV_4830	0	0	0	0	0	0	0	0	0	0	0	0	0	0	0	0	0	0	0	0	0	0	0	0	0	0	0	0	0	0	0	0	0	0	0	0	0	0	0	0	0	0	5.4032149128731594e-5	0	0	0	0	0	0	0	0
ASV_4831	0	0	0	0	0	0	0	0	0	0	0	0	0	0	0	0	0	2.6315159924403725e-4	0	0	0	0	0	0	0	0	0	0	0	0	0	0	0	0	0	0	0	0	0	0	0	0	0	0	0	0	0	0	0	0	0
ASV_4832	0	0	0	0	0	0	0	0	0	0	0	0	0	0	0	0	0	2.6315159924403725e-4	0	0	0	0	0	0	0	0	0	0	0	0	0	0	0	0	0	0	0	0	0	0	0	0	0	0	0	0	0	0	0	0	0
ASV_4833	0	0	0	0	0	0	0	0	0	0	0	0	0	0	0	0	0	0	1.2983947119924458e-4	0	0	0	0	0	0	0	0	0	0	0	0	0	0	0	0	0	0	0	0	0	0	0	0	0	0	0	0	0	0	0	0
ASV_4834	0	0	0	0	0	0	0	0	0	0	0	0	0	0	0	0	0	0	1.2983947119924458e-4	0	0	0	0	0	0	0	0	0	0	0	0	0	0	0	0	0	0	0	0	0	0	0	0	0	0	0	0	0	0	0	0
ASV_4835	0	0	0	0	0	0	0	0	0	0	0	0	0	0	0	0	0	0	1.2983947119924458e-4	0	0	0	0	0	0	0	0	0	0	0	0	0	0	0	0	0	0	0	0	0	0	0	0	0	0	0	0	0	0	0	0
ASV_4836	0	0	0	0	0	0	0	0	0	0	0	0	0	0	0	0	0	0	1.2983947119924458e-4	0	0	0	0	0	0	0	0	0	0	0	0	0	0	0	0	0	0	0	0	0	0	0	0	0	0	0	0	0	0	0	0
ASV_4837	0	0	0	0	0	0	0	0	0	0	0	0	0	0	0	0	0	0	1.2983947119924458e-4	0	0	0	0	0	0	0	0	0	0	0	0	0	0	0	0	0	0	0	0	0	0	0	0	0	0	0	0	0	0	0	0
ASV_4838	0	0	0	0	0	0	0	0	0	0	0	0	0	0	0	0	0	0	1.2983947119924458e-4	0	0	0	0	0	0	0	0	0	0	0	0	0	0	0	0	0	0	0	0	0	0	0	0	0	0	0	0	0	0	0	0
ASV_4839	0	0	0	0	0	0	0	0	0	0	0	0	0	0	0	0	0	0	1.2983947119924458e-4	0	0	0	0	0	0	0	0	0	0	0	0	0	0	0	0	0	0	0	0	0	0	0	0	0	0	0	0	0	0	0	0
ASV_4840	0	0	0	0	0	0	0	0	0	0	0	0	0	0	0	0	0	0	0	5.578578259483584e-4	0	0	0	0	0	0	0	0	0	0	0	0	0	0	0	0	0	0	0	0	0	0	0	0	0	0	0	0	0	0	0
ASV_4846	0	0	0	0	0	0	0	0	0	0	0	0	0	0	0	0	0	0	0	0	0	0	0	0	1.8018667339363581e-4	0	0	0	0	0	0	0	0	0	0	0	0	0	0	0	0	0	0	0	0	0	0	0	0	0	0
ASV_4856	0	0	0	0	0	0	0	0	0	0	0	0	0	0	0	0	0	0	0	0	0	0	0	1.786120222128406e-4	0	0	0	0	0	0	0	0	0	0	0	0	0	0	0	0	0	0	0	0	0	0	0	0	0	0	0
ASV_4857	0	0	0	0	0	0	0	0	0	0	0	0	0	0	0	0	0	0	0	0	0	0	0	1.786120222128406e-4	0	0	0	0	0	0	0	0	0	0	0	0	0	0	0	0	0	0	0	0	0	0	0	0	0	0	0
ASV_4858	0	0	0	0	0	0	0	0	0	0	0	0	0	0	0	0	0	0	0	0	0	0	0	1.786120222128406e-4	0	0	0	0	0	0	0	0	0	0	0	0	0	0	0	0	0	0	0	0	0	0	0	0	0	0	0
ASV_4865	0	0	0	0	0	0	0	0	0	0	0	0	0	0	0	0	0	0	0	0	0	0	0	0	3.964106814659988e-4	0	0	0	0	0	0	0	0	0	0	0	0	0	0	0	0	0	0	0	0	0	0	0	0	0	0
ASV_4866	0	0	0	0	0	0	0	0	0	0	0	0	0	0	0	0	0	0	0	0	0	0	0	0	3.964106814659988e-4	0	0	0	0	0	0	0	0	0	0	0	0	0	0	0	0	0	0	0	0	0	0	0	0	0	0
ASV_4867	0	0	0	0	0	0	0	0	0	0	0	0	0	0	0	0	0	0	0	0	0	0	0	0	3.964106814659988e-4	0	0	0	0	0	0	0	0	0	0	0	0	0	0	0	0	0	0	0	0	0	0	0	0	0	0
ASV_4868	0	0	0	0	0	0	0	0	0	0	0	0	0	0	0	0	0	0	0	0	0	0	0	0	3.964106814659988e-4	0	0	0	0	0	0	0	0	0	0	0	0	0	0	0	0	0	0	0	0	0	0	0	0	0	0
ASV_4869	0	0	0	0	0	0	0	0	0	0	0	0	0	0	0	0	0	0	0	0	0	0	0	0	3.964106814659988e-4	0	0	0	0	0	0	0	0	0	0	0	0	0	0	0	0	0	0	0	0	0	0	0	0	0	0
ASV_4870	0	0	0	0	0	0	0	0	0	0	0	0	0	0	0	0	0	0	0	0	0	0	0	0	3.964106814659988e-4	0	0	0	0	0	0	0	0	0	0	0	0	0	0	0	0	0	0	0	0	0	0	0	0	0	0
ASV_4871	0	0	0	0	0	0	0	0	0	0	0	0	0	0	0	0	0	0	0	0	0	0	0	0	3.964106814659988e-4	0	0	0	0	0	0	0	0	0	0	0	0	0	0	0	0	0	0	0	0	0	0	0	0	0	0
ASV_4872	0	0	0	0	0	0	0	0	0	0	0	0	0	0	0	0	0	0	0	0	0	0	0	0	3.964106814659988e-4	0	0	0	0	0	0	0	0	0	0	0	0	0	0	0	0	0	0	0	0	0	0	0	0	0	0
ASV_4873	0	0	0	0	0	0	0	0	0	0	0	0	0	0	0	0	0	0	0	0	0	0	0	0	3.964106814659988e-4	0	0	0	0	0	0	0	0	0	0	0	0	0	0	0	0	0	0	0	0	0	0	0	0	0	0
ASV_4874	0	0	0	0	0	0	0	0	0	0	0	0	0	0	0	0	0	0	0	0	0	0	0	0	3.964106814659988e-4	0	0	0	0	0	0	0	0	0	0	0	0	0	0	0	0	0	0	0	0	0	0	0	0	0	0
ASV_4875	0	0	0	0	0	0	0	0	0	0	0	0	0	0	0	0	0	0	0	0	0	0	0	0	3.964106814659988e-4	0	0	0	0	0	0	0	0	0	0	0	0	0	0	0	0	0	0	0	0	0	0	0	0	0	0
ASV_4876	0	0	0	0	0	0	0	0	0	0	0	0	0	0	0	0	0	0	0	0	0	0	0	0	0	2.7742749054224464e-4	0	0	0	0	0	0	0	0	0	0	0	0	0	0	0	0	0	0	0	0	0	0	0	0	0
ASV_4877	0	0	0	0	0	0	0	0	0	0	0	0	0	0	0	0	0	0	0	0	0	0	0	0	0	1.008827238335435e-4	0	0	0	0	0	0	0	0	0	0	0	0	0	0	0	0	0	0	0	0	0	0	0	0	0
ASV_4886	0	0	0	0	0	0	0	0	0	0	0	0	0	0	0	0	0	0	0	0	0	0	0	0	0	0	0	4.945904173106646e-4	0	0	0	0	0	0	0	0	0	0	0	0	0	3.770739064856712e-4	0	0	0	0	0	0	0	0	0
ASV_4893	0	0	0	0	0	0	0	0	0	0	0	0	0	0	0	0	0	0	0	0	0	0	0	0	0	0	0	0	0	0	0	0	0	0	0	0	0	0	0	0	3.892830379648283e-5	0	0	0	0	0	0	0	0	0	0
ASV_4897	0	0	0	0	0	0	0	0	0	0	0	0	0	0	0	0	0	0	0	0	0	0	0	0	0	0	0	0	0	0	0	0	0	0	0	0	0	0	0	0	0	0	6.754018641091449e-5	0	0	0	0	0	0	0	0
ASV_4898	0	0	0	0	0	0	0	0	0	0	0	0	0	0	0	0	0	0	0	0	0	0	0	0	0	0	0	0	0	0	0	0	0	0	0	5.144754688742342e-4	0	0	0	0	0	0	0	0	0	0	0	0	0	0	0
ASV_4903	0	0	0	0	0	0	0	0	0	0	0	0	0	0	0	0	0	0	0	0	0	0	0	0	0	0	0	0	0	0	0	0	0	0	0	0	0	0	0	2.59427843682932e-4	0	0	0	0	0	0	0	0	0	0	0
ASV_4904	0	0	0	0	0	0	0	0	0	0	0	0	0	0	0	0	0	0	0	0	0	0	0	0	0	0	0	0	0	0	0	0	0	0	0	0	0	0	0	2.59427843682932e-4	0	0	0	0	0	0	0	0	0	0	0
ASV_4905	0	0	0	0	0	0	0	0	0	0	0	0	0	0	0	0	0	0	0	0	0	0	0	0	0	0	0	0	0	0	0	0	0	0	0	0	0	0	0	2.59427843682932e-4	0	0	0	0	0	0	0	0	0	0	0
ASV_4920	0	0	0	0	0	0	0	0	0	0	0	0	0	0	0	0	0	0	0	0	0	0	0	0	0	0	0	0	0	0	0	0	0	0	0	0	0	0	0	0	0	0	1.4858841010401187e-4	0	0	0	0	0	0	0	0
ASV_4932	0	0	0	0	0	0	0	0	0	0	0	0	0	0	0	0	0	0	0	0	0	0	0	0	0	0	0	0	0	0	0	0	0	0	0	0	0	0	0	0	0	0	0	0	2.5089523983304064e-4	0	0	0	0	0	0
ASV_4933	0	0	0	0	0	0	0	0	0	0	0	0	0	0	0	0	0	0	0	0	0	0	0	0	0	0	0	0	0	0	0	0	0	0	0	0	0	0	0	0	0	0	0	0	2.5089523983304064e-4	0	0	0	0	0	0
ASV_4937	0	0	0	0	0	0	0	0	0	0	0	0	0	0	0	0	0	0	0	0	0	0	0	0	0	0	0	0	0	0	0	0	0	0	0	0	0	0	0	0	0	0	0	0	0	0	1.705188423320777e-4	0	0	0	0
ASV_4938	0	0	0	0	0	0	0	0	0	0	0	0	0	0	0	0	0	0	0	0	0	0	0	0	0	0	0	0	0	0	0	0	0	0	0	0	0	0	0	0	0	0	0	0	0	0	1.705188423320777e-4	0	0	0	0
ASV_4939	0	0	0	0	0	0	0	0	0	0	0	0	0	0	0	0	0	0	0	0	0	0	0	0	0	0	0	0	0	0	0	0	0	0	0	0	0	0	0	0	0	0	0	0	0	0	0	0	1.3554114803352384e-4	0	0
ASV_4942	0	0	0	0	0	0	0	0	0	0	0	0	0	0	0	0	0	0	0	0	0	0	0	0	0	0	0	0	0	0	0	0	0	0	0	0	0	0	0	0	0	0	0	0	0	0	0	0	0	0.0011178861788617887	0
ASV_4943	0	0	0	0	0	0	0	0	0	0	0	0	0	0	0	0	0	0	0	0	0	0	0	0	0	0	0	0	0	0	0	0	0	0	0	0	0	0	0	0	0	0	0	0	0	0	0	0	0	0.0011178861788617887	0
ASV_4944	0	0	0	0	0	0	0	0	0	0	0	0	0	0	0	0	0	0	0	0	0	0	0	0	0	0	0	0	0	0	0	0	0	0	0	0	0	0	0	0	0	0	0	0	0	0	0	0	0	0.0011178861788617887	0
ASV_4953	0	0.002451581269919098	0	0	0	0	0	0	0	0	0	0	0	0	0	0	0	0	0	0	0	0	0	0	0	0	0	0	0	0	0	0	0	0	0	0	0	0	0	0	0	0	0	0	0	0	0	0	0	0	0
ASV_4965	0	0	0	0	0	0	0	0	0	0	0	0	0	0	0	0	0	0	0	0	0	0	0	0	0	0	0	0	0	0	0	0	0	2.9889558082883744e-5	0	0	0	0	0	0	0	0	0	0	0	0	0	0	0	0	0
ASV_4966	0	0	5.435373410153277e-4	0	0	0	0	0	0	0	0	0	0	0	0	0	0	0	0	0	0	0	0	0	0	0	0	0	0	0	0	0	0	0	0	0	0	0	0	0	0	0	0	0	0	0	0	0	0	0	0
ASV_4977	0	0	0	0	0	0	6.169031462060457e-4	0	0	0	0	0	0	0	0	0	0	0	0	0	0	0	0	0	0	0	0	0	0	0	0	0	0	0	0	0	0	0	0	0	0	0	0	0	0	0	0	0	0	0	0
ASV_4978	0	0	0	0	0	0	6.169031462060457e-4	0	0	0	0	0	0	0	0	0	0	0	0	0	0	0	0	0	0	0	0	0	0	0	0	0	0	0	0	0	0	0	0	0	0	0	0	0	0	0	0	0	0	0	0
ASV_4979	0	0	0	0	0	0	6.169031462060457e-4	0	0	0	0	0	0	0	0	0	0	0	0	0	0	0	0	0	0	0	0	0	0	0	0	0	0	0	0	0	0	0	0	0	0	0	0	0	0	0	0	0	0	0	0
ASV_4980	0	0	0	0	0	0	6.169031462060457e-4	0	0	0	0	0	0	0	0	0	0	0	0	0	0	0	0	0	0	0	0	0	0	0	0	0	0	0	0	0	0	0	0	0	0	0	0	0	0	0	0	0	0	0	0
ASV_4981	0	0	0	0	0	0	6.169031462060457e-4	0	0	0	0	0	0	0	0	0	0	0	0	0	0	0	0	0	0	0	0	0	0	0	0	0	0	0	0	0	0	0	0	0	0	0	0	0	0	0	0	0	0	0	0
ASV_4982	0	0	0	0	0	0	6.169031462060457e-4	0	0	0	0	0	0	0	0	0	0	0	0	0	0	0	0	0	0	0	0	0	0	0	0	0	0	0	0	0	0	0	0	0	0	0	0	0	0	0	0	0	0	0	0
ASV_4984	0	0	0	0	0	0	0	0	0	0	0	0	0	0	0	0	2.740727206285401e-4	0	0	0	0	0	0	0	0	0	0	0	0	0	0	0	0	0	0	0	0	0	0	0	0	0	0	0	0	0	0	0	0	0	0
ASV_4985	0	0	0	0	0	0	0	0	2.522767981028785e-4	0	0	0	0	0	0	0	0	0	0	0	0	0	0	0	0	0	0	0	0	0	0	0	0	0	0	0	0	0	0	0	0	0	0	0	0	0	0	0	0	0	0
ASV_4987	0	0	0	0	0	0	0	0	0	0.0017508024511234317	0	0	0	0	0	0	0	0	0	0	0	0	0	0	0	0	0	0	0	0	0	0	0	0	0	0	0	0	0	0	0	0	0	0	0	0	0	0	0	0	0
ASV_4992	0	0	0	0	0	0	0	0	0	0	0	0.003303600925008259	0	0	0	0	0	0	0	0	0	0	0	0	0	0	0	0	0	0	0	0	0	0	0	0	0	0	0	0	0	0	0	0	0	0	0	0	0	0	0
ASV_4993	0	0	0	0	0	0	0	0	0	0	0	0	3.4823791614430977e-4	0	0	0	0	0	0	0	0	0	0	0	0	0	0	0	0	0	0	0	0	0	0	0	0	0	0	0	0	0	0	0	0	0	0	0	0	0	0
ASV_4994	0	0	0	0	0	0	0	0	0	0	0	0	2.785903329154478e-4	0	4.0310390003023276e-5	0	0	0	0	0	0	0	0	0	0	0	0	0	0	0	0	0	0	0	0	0	0	0	0	0	0	0	0	0	0	0	0	0	0	0	0
ASV_4999	0	0	0	0	0	0	0	0	0	0	0	0	0	0	0	0	0	0	0	0	0	0	0	0	0	0	0	0	0	0	0	0	0	2.9889558082883744e-5	0	0	0	0	0	0	0	0	0	0	0	0	0	0	0	0	0
ASV_5006	0	0	0	0	0	0	0	0	0	0	0	0	0	0	0	0	0	0	0	0	0	0	0	0	0	0	0	0	0	0	0	0	0	0	0	0	0	0	0	0	0	0	0	0	1.8246926533312046e-4	0	0	0	0	0	0
ASV_5007	0	0	0	0	0	0	0	0	0	0	0	0	0	3.6460422211689213e-4	0	0	0	0	0	0	0	0	0	0	0	0	0	0	0	0	0	0	0	0	0	0	0	0	0	0	0	0	0	0	0	0	0	0	0	0	0
ASV_5008	0	0	0	0	0	0	0	0	0	0	0	0	0	3.6460422211689213e-4	0	0	0	0	0	0	0	0	0	0	0	0	0	0	0	0	0	0	0	0	0	0	0	0	0	0	0	0	0	0	0	0	0	0	0	0	0
ASV_5009	0	0	0	0	0	0	0	0	0	0	0	0	0	3.6460422211689213e-4	0	0	0	0	0	0	0	0	0	0	0	0	0	0	0	0	0	0	0	0	0	0	0	0	0	0	0	0	0	0	0	0	0	0	0	0	0
ASV_5010	0	0	0	0	0	0	0	0	0	0	0	0	0	2.9168337769351366e-4	0	0	0	0	0	0	0	0	0	0	0	0	0	0	0	0	0	0	0	0	0	0	0	0	0	0	0	0	0	0	0	0	0	0	0	0	0
ASV_5011	0	0	0	0	0	0	0	0	0	0	0	0	0	0	2.015519500151164e-4	0	0	0	0	0	0	0	0	0	0	0	0	0	0	0	0	0	0	0	0	0	0	0	0	0	0	0	0	0	0	0	0	0	0	0	0
ASV_5012	0	0	0	0	0	0	0	0	0	0	0	0	0	0	2.015519500151164e-4	0	0	0	0	0	0	0	0	0	0	0	0	0	0	0	0	0	0	0	0	0	0	0	0	0	0	0	0	0	0	0	0	0	0	0	0
ASV_5013	0	0	0	0	0	0	0	0	0	0	0	0	0	0	2.015519500151164e-4	0	0	0	0	0	0	0	0	0	0	0	0	0	0	0	0	0	0	0	0	0	0	0	0	0	0	0	0	0	0	0	0	0	0	0	0
ASV_5014	0	0	0	0	0	0	0	0	0	0	0	0	0	0	2.015519500151164e-4	0	0	0	0	0	0	0	0	0	0	0	0	0	0	0	0	0	0	0	0	0	0	0	0	0	0	0	0	0	0	0	0	0	0	0	0
ASV_5015	0	0	0	0	0	0	0	0	0	0	0	0	0	0	0	0	4.5678786771423353e-4	0	0	0	0	0	0	0	0	0	0	0	0	0	0	0	0	0	0	0	0	0	0	0	0	0	0	0	0	0	0	0	0	0	0
ASV_5016	0	0	0	0	0	0	0	0	0	0	0	0	0	0	0	0	4.5678786771423353e-4	0	0	0	0	0	0	0	0	0	0	0	0	0	0	0	0	0	0	0	0	0	0	0	0	0	0	0	0	0	0	0	0	0	0
ASV_5020	0	0	0	0	0	0	0	0	0	0	0	0	0	0	0	0	0	2.3922872658548838e-4	0	0	0	0	0	0	0	0	0	0	0	0	0	0	0	0	0	0	0	0	0	0	0	0	0	0	0	0	0	0	0	0	0
ASV_5021	0	0	0	0	0	0	0	0	0	0	0	0	0	0	0	0	0	0	1.1803588290840416e-4	0	0	0	0	0	0	0	0	0	0	0	0	0	0	0	0	0	0	0	0	0	0	0	0	0	0	0	0	0	0	0	0
ASV_5022	0	0	0	0	0	0	0	0	0	0	0	0	0	0	0	0	0	0	1.1803588290840416e-4	0	0	0	0	0	0	0	0	0	0	0	0	0	0	0	0	0	0	0	0	0	0	0	0	0	0	0	0	0	0	0	0
ASV_5023	0	0	0	0	0	0	0	0	0	0	0	0	0	0	0	0	0	0	1.1803588290840416e-4	0	0	0	0	0	0	0	0	0	0	0	0	0	0	0	0	0	0	0	0	0	0	0	0	0	0	0	0	0	0	0	0
ASV_5024	0	0	0	0	0	0	0	0	0	0	0	0	0	0	0	0	0	0	1.1803588290840416e-4	0	0	0	0	0	0	0	0	0	0	0	0	0	0	0	0	0	0	0	0	0	0	0	0	0	0	0	0	0	0	0	0
ASV_5025	0	0	0	0	0	0	0	0	0	0	0	0	0	0	0	0	0	0	1.1803588290840416e-4	0	0	0	0	0	0	0	0	0	0	0	0	0	0	0	0	0	0	0	0	0	0	0	0	0	0	0	0	0	0	0	0
ASV_5026	0	0	0	0	0	0	0	0	0	0	0	0	0	0	0	0	0	0	1.1803588290840416e-4	0	0	0	0	0	0	0	0	0	0	0	0	0	0	0	0	0	0	0	0	0	0	0	0	0	0	0	0	0	0	0	0
ASV_5027	0	0	0	0	0	0	0	0	0	0	0	0	0	0	0	0	0	0	1.1803588290840416e-4	0	0	0	0	0	0	0	0	0	0	0	0	0	0	0	0	0	0	0	0	0	0	0	0	0	0	0	0	0	0	0	0
ASV_5028	0	0	0	0	0	0	0	0	0	0	0	0	0	0	0	0	0	0	1.1803588290840416e-4	0	0	0	0	0	0	0	0	0	0	0	0	0	0	0	0	0	0	0	0	0	0	0	0	0	0	0	0	0	0	0	0
ASV_5029	0	0	0	0	0	0	0	0	0	0	0	0	0	0	0	0	0	0	1.1803588290840416e-4	0	0	0	0	0	0	0	0	0	0	0	0	0	0	0	0	0	0	0	0	0	0	0	0	0	0	0	0	0	0	0	0
ASV_5030	0	0	0	0	0	0	0	0	0	0	0	0	0	0	0	0	0	0	1.1803588290840416e-4	0	0	0	0	0	0	0	0	0	0	0	0	0	0	0	0	0	0	0	0	0	0	0	0	0	0	0	0	0	0	0	0
ASV_5031	0	0	0	0	0	0	0	0	0	0	0	0	0	0	0	0	0	0	9.442870632672332e-5	0	0	0	0	0	0	0	0	0	0	0	0	0	0	0	0	0	0	0	0	0	0	0	0	0	0	0	0	0	0	0	0
ASV_5032	0	0	0	0	0	0	0	0	0	0	0	0	0	0	0	0	0	0	0	7.969397513547976e-4	0	0	0	0	0	0	0	0	0	0	0	0	0	0	0	0	0	0	0	0	0	0	0	0	0	0	0	0	0	0	0
ASV_5033	0	0	0	0	0	0	0	0	0	0	0	0	0	0	0	0	0	0	0	7.969397513547976e-4	0	0	0	0	0	0	0	0	0	0	0	0	0	0	0	0	0	0	0	0	0	0	0	0	0	0	0	0	0	0	0
ASV_5036	0	0	0	0	0	0	0	0	0	0	0	0	0	0	0	0	0	0	0	0	0	0	0	0	0	0	0	0	0	0	0	0	0	0	0	0	0	0	0	0	0	0	0	0	0	0	0	0	0	4.065040650406504e-4	0
ASV_5044	0	0	0	0	0	0	0	0	0	0	0	0	0	0	0	0	0	0	0	0	0	0	1.1965586971868905e-4	0	0	0	0	0	0	0	0	0	0	0	0	0	0	0	0	0	0	0	0	0	0	0	0	0	0	0	0
ASV_5054	0	0	0	0	0	0	0	0	0	0	0	0	0	0	0	0	0	0	0	0	0	0	0	1.623745656480369e-4	0	0	0	0	0	0	0	0	0	0	0	0	0	0	0	0	0	0	0	0	0	0	0	0	0	0	0
ASV_5063	0	0	0	0	0	0	0	0	0	0	0	0	0	0	0	0	0	0	0	0	0	0	0	0	3.6037334678727163e-4	0	0	0	0	0	0	0	0	0	0	0	0	0	0	0	0	0	0	0	0	0	0	0	0	0	0
ASV_5064	0	0	0	0	0	0	0	0	0	0	0	0	0	0	0	0	0	0	0	0	0	0	0	0	3.6037334678727163e-4	0	0	0	0	0	0	0	0	0	0	0	0	0	0	0	0	0	0	0	0	0	0	0	0	0	0
ASV_5065	0	0	0	0	0	0	0	0	0	0	0	0	0	0	0	0	0	0	0	0	0	0	0	0	3.6037334678727163e-4	0	0	0	0	0	0	0	0	0	0	0	0	0	0	0	0	0	0	0	0	0	0	0	0	0	0
ASV_5066	0	0	0	0	0	0	0	0	0	0	0	0	0	0	0	0	0	0	0	0	0	0	0	0	3.6037334678727163e-4	0	0	0	0	0	0	0	0	0	0	0	0	0	0	0	0	0	0	0	0	0	0	0	0	0	0
ASV_5067	0	0	0	0	0	0	0	0	0	0	0	0	0	0	0	0	0	0	0	0	0	0	0	0	3.6037334678727163e-4	0	0	0	0	0	0	0	0	0	0	0	0	0	0	0	0	0	0	0	0	0	0	0	0	0	0
ASV_5068	0	0	0	0	0	0	0	0	0	0	0	0	0	0	0	0	0	0	0	0	0	0	0	0	3.6037334678727163e-4	0	0	0	0	0	0	0	0	0	0	0	0	0	0	0	0	0	0	0	0	0	0	0	0	0	0
ASV_5069	0	0	0	0	0	0	0	0	0	0	0	0	0	0	0	0	0	0	0	0	0	0	0	0	3.6037334678727163e-4	0	0	0	0	0	0	0	0	0	0	0	0	0	0	0	0	0	0	0	0	0	0	0	0	0	0
ASV_5070	0	0	0	0	0	0	0	0	0	0	0	0	0	0	0	0	0	0	0	0	0	0	0	0	3.6037334678727163e-4	0	0	0	0	0	0	0	0	0	0	0	0	0	0	0	0	0	0	0	0	0	0	0	0	0	0
ASV_5071	0	0	0	0	0	0	0	0	0	0	0	0	0	0	0	0	0	0	0	0	0	0	0	0	3.6037334678727163e-4	0	0	0	0	0	0	0	0	0	0	0	0	0	0	0	0	0	0	0	0	0	0	0	0	0	0
ASV_5072	0	0	0	0	0	0	0	0	0	0	0	0	0	0	0	0	0	0	0	0	0	0	0	0	3.6037334678727163e-4	0	0	0	0	0	0	0	0	0	0	0	0	0	0	0	0	0	0	0	0	0	0	0	0	0	0
ASV_5073	0	0	0	0	0	0	0	0	0	0	0	0	0	0	0	0	0	0	0	0	0	0	0	0	3.6037334678727163e-4	0	0	0	0	0	0	0	0	0	0	0	0	0	0	0	0	0	0	0	0	0	0	0	0	0	0
ASV_5074	0	0	0	0	0	0	0	0	0	0	0	0	0	0	0	0	0	0	0	0	0	0	0	0	3.6037334678727163e-4	0	0	0	0	0	0	0	0	0	0	0	0	0	0	0	0	0	0	0	0	0	0	0	0	0	0
ASV_5075	0	0	0	0	0	0	0	0	0	0	0	0	0	0	0	0	0	0	0	0	0	0	0	0	0	2.5220680958385876e-4	0	0	0	0	0	0	0	0	0	0	0	0	0	0	0	0	0	0	0	0	0	0	0	0	0
ASV_5076	0	0	0	0	0	0	0	0	0	0	0	0	0	0	0	0	0	0	0	0	0	0	0	0	0	2.5220680958385876e-4	0	0	0	0	0	0	0	0	0	0	0	0	0	0	0	0	0	0	0	0	0	0	0	0	0
ASV_5080	0	0	0	0	0	0	0	0	0	0	0	0	0	0	0	0	0	0	0	0	0	0	0	0	0	0	3.1925422213708774e-4	0	0	0	0	0	0	0	0	0	0	0	0	0	0	0	0	0	0	0	0	0	0	0	0
ASV_5085	0	0	0	0	0	0	0	0	0	0	0	0	0	0	0	0	0	0	0	0	0	0	0	0	0	0	0	6.182380216383308e-4	0	0	0	0	0	0	0	0	0	0	0	0	0	0	0	0	0	0	0	0	0	0	0
ASV_5086	0	0	0	0	0	0	0	0	0	0	0	0	0	0	0	0	0	0	0	0	0	0	0	0	0	0	0	6.182380216383308e-4	0	0	0	0	0	0	0	0	0	0	0	0	0	0	0	0	0	0	0	0	0	0	0
ASV_5087	0	0	0	0	0	0	0	0	0	0	0	0	0	0	0	0	0	0	0	0	0	0	0	0	0	0	0	0	3.9356133653429886e-4	0	0	0	0	0	0	0	0	0	0	0	0	0	0	0	0	0	0	0	0	0	0
ASV_5088	0	0	0	0	0	0	0	0	0	0	0	0	0	0	0	0	0	0	0	0	0	0	0	0	0	0	0	0	0	3.4609261438360903e-4	0	0	0	0	0	0	0	0	0	0	0	0	0	0	0	0	0	0	0	0	0
ASV_5094	0	0	0	0	0	0	0	0	0	0	0	0	0	0	0	0	0	0	0	0	0	0	0	0	0	0	0	0	0	0	0	0	0	1.494477904144187e-4	0	0	0	0	0	0	0	0	0	0	0	0	0	0	0	0	0
ASV_5095	0	0	0	0	0	0	0	0	0	0	0	0	0	0	0	0	0	0	0	0	0	0	0	0	0	0	0	0	0	0	0	0	0	1.494477904144187e-4	0	0	0	0	0	0	0	0	0	0	0	0	0	0	0	0	0
ASV_5096	0	0	0	0	0	0	0	0	0	0	0	0	0	0	0	0	0	0	0	0	0	0	0	0	0	0	0	0	0	0	0	0	0	0	0	4.677049717038492e-4	0	0	0	0	0	0	0	0	0	0	0	0	0	0	0
ASV_5097	0	0	0	0	0	0	0	0	0	0	0	0	0	0	0	0	0	0	0	0	0	0	0	0	0	0	0	0	0	0	0	0	0	0	0	4.677049717038492e-4	0	0	0	0	0	0	0	0	0	0	0	0	0	0	0
ASV_5098	0	0	0	0	0	0	0	0	0	0	0	0	0	0	0	0	0	0	0	0	0	0	0	0	0	0	0	0	0	0	0	0	0	0	0	4.677049717038492e-4	0	0	0	0	0	0	0	0	0	0	0	0	0	0	0
ASV_5106	0	0	0	0	0	0	0	0	0	0	0	0	0	0	0	0	0	0	0	0	0	0	0	0	0	0	0	0	0	0	0	0	0	0	0	0	0	0	0	2.358434942572109e-4	0	0	0	0	0	0	0	0	0	0	0
ASV_5107	0	0	0	0	0	0	0	0	0	0	0	0	0	0	0	0	0	0	0	0	0	0	0	0	0	0	0	0	0	0	0	0	0	0	0	0	0	0	0	2.358434942572109e-4	0	0	0	0	0	0	0	0	0	0	0
ASV_5108	0	0	0	0	0	0	0	0	0	0	0	0	0	0	0	0	0	0	0	0	0	0	0	0	0	0	0	0	0	0	0	0	0	0	0	0	0	0	0	2.358434942572109e-4	0	0	0	0	0	0	0	0	0	0	0
ASV_5125	0	0	0	0	0	0	0	0	0	0	0	0	0	0	0	0	0	0	0	0	0	0	0	0	0	0	0	0	0	0	0	0	0	0	0	0	0	0	0	0	0	0	1.3508037282182898e-4	0	0	0	0	0	0	0	0
ASV_5126	0	0	0	0	0	0	0	0	0	0	0	0	0	0	0	0	0	0	0	0	0	0	0	0	0	0	0	0	0	0	0	0	0	0	0	0	0	0	0	0	0	0	0	9.52018278750952e-4	0	0	0	0	0	0	0
ASV_5139	0	0	0	0	0	0	0	0	0	0	0	0	0	0	0	0	0	0	0	0	0	0	0	0	0	0	0	0	0	0	0	0	0	0	0	0	0	0	0	0	0	0	0	0	2.2808658166640058e-4	0	0	0	0	0	0
ASV_5140	0	0	0	0	0	0	0	0	0	0	0	0	0	0	0	0	0	0	0	0	0	0	0	0	0	0	0	0	0	0	0	0	0	0	0	0	0	0	0	0	0	0	0	0	2.2808658166640058e-4	0	0	0	0	0	0
ASV_5141	0	0	0	0	0	0	0	0	0	0	0	0	0	0	0	0	0	0	0	0	0	0	0	0	0	0	0	0	0	0	0	0	0	0	0	0	0	0	0	0	0	0	0	0	2.2808658166640058e-4	0	0	0	0	0	0
ASV_5142	0	0	0	0	0	0	0	0	0	0	0	0	0	0	0	0	0	0	0	0	0	0	0	0	0	0	0	0	0	0	0	0	0	0	0	0	0	0	0	0	0	0	0	0	0	3.134304967873374e-4	0	0	0	0	0
ASV_5145	0	0	0	0	0	0	0	0	0	0	0	0	0	0	0	0	0	0	0	0	0	0	0	0	0	0	0	0	0	0	0	0	0	0	0	0	0	0	0	0	0	0	0	0	0	0	0	0	2.259019133892064e-4	0	0
ASV_5146	0	0	0	0	0	0	0	0	0	0	0	0	0	0	0	0	0	0	0	0	0	0	0	0	0	0	0	0	0	0	0	0	0	0	0	0	0	0	0	0	0	0	0	0	0	0	0	0	0	0.0010162601626016261	0
ASV_5147	0	0	0	0	0	0	0	0	0	0	0	0	0	0	0	0	0	0	0	0	0	0	0	0	0	0	0	0	0	0	0	0	0	0	0	0	0	0	0	0	0	0	0	0	0	0	0	0	0	0.0010162601626016261	0
ASV_5148	0	0	0	0	0	0	0	0	0	0	0	0	0	0	0	0	0	0	0	0	0	0	0	0	0	0	0	0	0	0	0	0	0	0	0	0	0	0	0	0	0	0	0	0	0	0	0	0	0	0.0010162601626016261	0
ASV_5149	0	0	0	0	0	0	0	0	0	0	0	0	0	0	0	0	0	0	0	0	0	0	0	0	0	0	0	0	0	0	0	0	0	0	0	0	0	0	0	0	0	0	0	0	0	0	0	0	0	0.0010162601626016261	0
ASV_5181	0	0	0	0	0	0	0	0	0	0	0	0	0	0	0	0	0	0	0	0	0	0	0	0	0	0	0	0	0	0	0	0	0	0	0	0	0	0	0	0	0	0	0	0	6.842597449992017e-5	0	0	0	0	0	0
ASV_5184	0	0	0	0	0	0	0	0	0	0	0	0	0	0	0	0	0	0	7.082152974504249e-5	0	0	0	0	0	0	0	0	0	0	0	0	0	0	0	0	0	0	0	0	0	0	0	0	0	0	0	0	0	0	0	0
ASV_5196	0	0	0	0	0	3.014469453376206e-4	0	0	0	0	0	0	0	0	0	0	0	0	0	0	0	0	0	0	0	0	0	0	0	0	0	0	0	0	0	0	0	0	0	0	0	0	0	0	0	0	0	0	0	0	0
ASV_5197	0	0	0	0	0	3.014469453376206e-4	0	0	0	0	0	0	0	0	0	0	0	0	0	0	0	0	0	0	0	0	0	0	0	0	0	0	0	0	0	0	0	0	0	0	0	0	0	0	0	0	0	0	0	0	0
ASV_5205	0	0	0	0	0	0	0	0	0	0	0	0	0	0	0	0	0	0	5.901794145420208e-5	0	0	0	0	0	0	0	0	0	0	0	0	0	0	0	0	0	0	0	0	0	0	0	0	0	0	0	0	0	0	0	0
ASV_5206	0	0	0	0	0	0	3.701418877236274e-4	0	0	0	0	0	0	0	0	0	0	0	0	0	0	0	0	0	0	0	0	0	0	0	0	0	0	0	0	0	0	0	0	0	0	0	0	0	0	0	0	0	0	0	0
ASV_5207	0	0	0	0	0	0	5.55212831585441e-4	0	0	0	0	0	0	0	0	0	0	0	0	0	0	0	0	0	0	0	0	0	0	0	0	0	0	0	0	0	0	0	0	0	0	0	0	0	0	0	0	0	0	0	0
ASV_5210	0	0	0	0	0	0	0	0	2.2704911829259062e-4	0	0	0	0	0	0	0	0	0	0	0	0	0	0	0	0	0	0	0	0	0	0	0	0	0	0	0	0	0	0	0	0	0	0	0	0	0	0	0	0	0	0
ASV_5211	0	0	0	0	0	0	0	0	2.2704911829259062e-4	0	0	0	0	0	0	0	0	0	0	0	0	0	0	0	0	0	0	0	0	0	0	0	0	0	0	0	0	0	0	0	0	0	0	0	0	0	0	0	0	0	0
ASV_5212	0	0	0	0	0	0	0	0	2.2704911829259062e-4	0	0	0	0	0	0	0	0	0	0	0	0	0	0	0	0	0	0	0	0	0	0	0	0	0	0	0	0	0	0	0	0	0	0	0	0	0	0	0	0	0	0
ASV_5218	0	0	0	0	0	0	0	0	0	0	0	0	3.134141245298788e-4	0	0	0	0	0	0	0	0	0	0	0	0	0	0	0	0	0	0	0	0	0	0	0	0	0	0	0	0	0	0	0	0	0	0	0	0	0	0
ASV_5219	0	0	0	0	0	0	0	0	0	0	0	0	3.134141245298788e-4	0	0	0	0	0	0	0	0	0	0	0	0	0	0	0	0	0	0	0	0	0	0	0	0	0	0	0	0	0	0	0	0	0	0	0	0	0	0
ASV_5232	0	0	0	0	0	0	0	0	0	0	0	0	0	0	0	0	0	0	0	0	0	0	0	0	0	0	0	0	0	0	0	0	0	1.4944779041441872e-5	0	0	1.4704801117564886e-4	0	0	0	0	0	0	0	0	0	0	0	0	0	0
ASV_5233	0	0	0	0	0	0	0	0	0	0	0	0	0	3.281437999052029e-4	0	0	0	0	0	0	0	0	0	0	0	0	0	0	0	0	0	0	0	0	0	0	0	0	0	0	0	0	0	0	0	0	0	0	0	0	0
ASV_5234	0	0	0	0	0	0	0	0	0	0	0	0	0	3.281437999052029e-4	0	0	0	0	0	0	0	0	0	0	0	0	0	0	0	0	0	0	0	0	0	0	0	0	0	0	0	0	0	0	0	0	0	0	0	0	0
ASV_5235	0	0	0	0	0	0	0	0	0	0	0	0	0	3.281437999052029e-4	0	0	0	0	0	0	0	0	0	0	0	0	0	0	0	0	0	0	0	0	0	0	0	0	0	0	0	0	0	0	0	0	0	0	0	0	0
ASV_5236	0	0	0	0	0	0	0	0	0	0	0	0	0	7.292084442337842e-5	0	0	0	0	0	0	0	0	0	0	0	0	0	0	0	0	0	0	0	0	0	0	0	0	0	0	0	0	0	0	0	0	0	0	0	0	0
ASV_5237	0	0	0	0	0	0	0	0	0	0	0	0	0	0	1.8139675501360476e-4	0	0	0	0	0	0	0	0	0	0	0	0	0	0	0	0	0	0	0	0	0	0	0	0	0	0	0	0	0	0	0	0	0	0	0	0
ASV_5238	0	0	0	0	0	0	0	0	0	0	0	0	0	0	1.8139675501360476e-4	0	0	0	0	0	0	0	0	0	0	0	0	0	0	0	0	0	0	0	0	0	0	0	0	0	0	0	0	0	0	0	0	0	0	0	0
ASV_5239	0	0	0	0	0	0	0	0	0	0	0	0	0	0	0	0	4.111090809428102e-4	0	0	0	0	0	0	0	0	0	0	0	0	0	0	0	0	0	0	0	0	0	0	0	0	0	0	0	0	0	0	0	0	0	0
ASV_5242	0	0	0	0	0	0	0	0	0	0	0	0	0	0	0	0	0	2.1530585392693955e-4	0	0	0	0	0	0	0	0	0	0	0	0	0	0	0	0	0	0	0	0	0	0	0	0	0	0	0	0	0	0	0	0	0
ASV_5243	0	0	0	0	0	0	0	0	0	0	0	0	0	0	0	0	0	0	1.0623229461756374e-4	0	0	0	0	0	0	0	0	0	0	0	0	0	0	0	0	0	0	0	0	0	0	0	0	0	0	0	0	0	0	0	0
ASV_5244	0	0	0	0	0	0	0	0	0	0	0	0	0	0	0	0	0	0	1.0623229461756374e-4	0	0	0	0	0	0	0	0	0	0	0	0	0	0	0	0	0	0	0	0	0	0	0	0	0	0	0	0	0	0	0	0
ASV_5245	0	0	0	0	0	0	0	0	0	0	0	0	0	0	0	0	0	0	1.0623229461756374e-4	0	0	0	0	0	0	0	0	0	0	0	0	0	0	0	0	0	0	0	0	0	0	0	0	0	0	0	0	0	0	0	0
ASV_5246	0	0	0	0	0	0	0	0	0	0	0	0	0	0	0	0	0	0	1.0623229461756374e-4	0	0	0	0	0	0	0	0	0	0	0	0	0	0	0	0	0	0	0	0	0	0	0	0	0	0	0	0	0	0	0	0
ASV_5247	0	0	0	0	0	0	0	0	0	0	0	0	0	0	0	0	0	0	1.0623229461756374e-4	0	0	0	0	0	0	0	0	0	0	0	0	0	0	0	0	0	0	0	0	0	0	0	0	0	0	0	0	0	0	0	0
ASV_5248	0	0	0	0	0	0	0	0	0	0	0	0	0	0	0	0	0	0	1.0623229461756374e-4	0	0	0	0	0	0	0	0	0	0	0	0	0	0	0	0	0	0	0	0	0	0	0	0	0	0	0	0	0	0	0	0
ASV_5249	0	0	0	0	0	0	0	0	0	0	0	0	0	0	0	0	0	0	1.0623229461756374e-4	0	0	0	0	0	0	0	0	0	0	0	0	0	0	0	0	0	0	0	0	0	0	0	0	0	0	0	0	0	0	0	0
ASV_5250	0	0	0	0	0	0	0	0	0	0	0	0	0	0	0	0	0	0	1.0623229461756374e-4	0	0	0	0	0	0	0	0	0	0	0	0	0	0	0	0	0	0	0	0	0	0	0	0	0	0	0	0	0	0	0	0
ASV_5251	0	0	0	0	0	0	0	0	0	0	0	0	0	0	0	0	0	0	1.0623229461756374e-4	0	0	0	0	0	0	0	0	0	0	0	0	0	0	0	0	0	0	0	0	0	0	0	0	0	0	0	0	0	0	0	0
ASV_5252	0	0	0	0	0	0	0	0	0	0	0	0	0	0	0	0	0	0	0	7.172457762193178e-4	0	0	0	0	0	0	0	0	0	0	0	0	0	0	0	0	0	0	0	0	0	0	0	0	0	0	0	0	0	0	0
ASV_5254	0	0	0	0	0	0	0	0	0	0	0	0	0	0	0	0	0	0	0	7.172457762193178e-4	0	0	0	0	0	0	0	0	0	0	0	0	0	0	0	0	0	0	0	0	0	0	0	0	0	0	0	0	0	0	0
ASV_5282	0	0	0	0	0	0	0	0	0	0	0	0	0	0	0	0	0	0	0	0	0	0	0	1.461371090832332e-4	0	0	0	0	0	0	0	0	0	0	0	0	0	0	0	0	0	0	0	0	0	0	0	0	0	0	0
ASV_5283	0	0	0	0	0	0	0	0	0	0	0	0	0	0	0	0	0	0	0	0	0	0	0	1.461371090832332e-4	0	0	0	0	0	0	0	0	0	0	0	0	0	0	0	0	0	0	0	0	0	0	0	0	0	0	0
ASV_5284	0	0	0	0	0	0	0	0	0	0	0	0	0	0	0	0	0	0	0	0	0	0	0	1.461371090832332e-4	0	0	0	0	0	0	0	0	0	0	0	0	0	0	0	0	0	0	0	0	0	0	0	0	0	0	0
ASV_5285	0	0	0	0	0	0	0	0	0	0	0	0	0	0	0	0	0	0	0	0	0	0	0	1.461371090832332e-4	0	0	0	0	0	0	0	0	0	0	0	0	0	0	0	0	0	0	0	0	0	0	0	0	0	0	0
ASV_5287	0	0	0	0	0	0	0	0	0	0	0	0	0	0	0	0	0	0	0	0	0	0	0	0	3.2433601210854447e-4	0	0	0	0	0	0	0	0	0	0	0	0	0	0	0	0	0	0	0	0	0	0	0	0	0	0
ASV_5288	0	0	0	0	0	0	0	0	0	0	0	0	0	0	0	0	0	0	0	0	0	0	0	0	3.2433601210854447e-4	0	0	0	0	0	0	0	0	0	0	0	0	0	0	0	0	0	0	0	0	0	0	0	0	0	0
ASV_5289	0	0	0	0	0	0	0	0	0	0	0	0	0	0	0	0	0	0	0	0	0	0	0	0	3.2433601210854447e-4	0	0	0	0	0	0	0	0	0	0	0	0	0	0	0	0	0	0	0	0	0	0	0	0	0	0
ASV_5290	0	0	0	0	0	0	0	0	0	0	0	0	0	0	0	0	0	0	0	0	0	0	0	0	3.2433601210854447e-4	0	0	0	0	0	0	0	0	0	0	0	0	0	0	0	0	0	0	0	0	0	0	0	0	0	0
ASV_5291	0	0	0	0	0	0	0	0	0	0	0	0	0	0	0	0	0	0	0	0	0	0	0	0	3.2433601210854447e-4	0	0	0	0	0	0	0	0	0	0	0	0	0	0	0	0	0	0	0	0	0	0	0	0	0	0
ASV_5292	0	0	0	0	0	0	0	0	0	0	0	0	0	0	0	0	0	0	0	0	0	0	0	0	3.2433601210854447e-4	0	0	0	0	0	0	0	0	0	0	0	0	0	0	0	0	0	0	0	0	0	0	0	0	0	0
ASV_5293	0	0	0	0	0	0	0	0	0	0	0	0	0	0	0	0	0	0	0	0	0	0	0	0	3.2433601210854447e-4	0	0	0	0	0	0	0	0	0	0	0	0	0	0	0	0	0	0	0	0	0	0	0	0	0	0
ASV_5294	0	0	0	0	0	0	0	0	0	0	0	0	0	0	0	0	0	0	0	0	0	0	0	0	3.2433601210854447e-4	0	0	0	0	0	0	0	0	0	0	0	0	0	0	0	0	0	0	0	0	0	0	0	0	0	0
ASV_5295	0	0	0	0	0	0	0	0	0	0	0	0	0	0	0	0	0	0	0	0	0	0	0	0	0	2.269861286254729e-4	0	0	0	0	0	0	0	0	0	0	0	0	0	0	0	0	0	0	0	0	0	0	0	0	0
ASV_5296	0	0	0	0	0	0	0	0	0	0	0	0	0	0	0	0	0	0	0	0	0	0	0	0	0	2.269861286254729e-4	0	0	0	0	0	0	0	0	0	0	0	0	0	0	0	0	0	0	0	0	0	0	0	0	0
ASV_5297	0	0	0	0	0	0	0	0	0	0	0	0	0	0	0	0	0	0	0	0	0	0	0	0	0	2.269861286254729e-4	0	0	0	0	0	0	0	0	0	0	0	0	0	0	0	0	0	0	0	0	0	0	0	0	0
ASV_5298	0	0	0	0	0	0	0	0	0	0	0	0	0	0	0	0	0	0	0	0	0	0	0	0	0	2.269861286254729e-4	0	0	0	0	0	0	0	0	0	0	0	0	0	0	0	0	0	0	0	0	0	0	0	0	0
ASV_5302	0	0	0	0	0	0	0	0	0	0	0	0	0	0	0	0	0	0	0	0	0	0	0	0	0	0	0	0	0	3.1148335294524815e-4	0	0	0	0	0	0	0	0	0	0	0	0	0	0	0	0	0	0	0	0	0
ASV_5303	0	0	0	0	0	0	0	0	0	0	0	0	0	0	0	0	0	0	0	0	0	0	0	0	0	0	0	0	0	2.0765556863016545e-4	0	0	0	0	0	1.4031149151115475e-4	0	0	0	0	0	0	0	0	0	0	0	0	0	0	0
ASV_5307	0	0	0	0	0	0	0	0	0	0	0	0	0	0	0	0	0	0	0	0	0	0	0	0	0	0	0	0	0	0	5.797848354055273e-4	0	0	0	0	0	0	0	0	0	0	0	0	0	0	0	0	0	0	0	0
ASV_5314	0	0	0	0	0	0	0	0	0	0	0	0	0	0	0	0	0	0	0	0	0	0	0	0	0	0	0	0	0	0	0	0	0	1.3450301137297684e-4	0	0	0	0	0	0	0	0	0	0	0	0	0	0	0	0	0
ASV_5315	0	0	0	0	0	0	0	0	0	0	0	0	0	0	0	0	0	0	0	0	0	0	0	0	0	0	0	0	0	0	0	0	0	1.3450301137297684e-4	0	0	0	0	0	0	0	0	0	0	0	0	0	0	0	0	0
ASV_5316	0	0	0	0	0	0	0	0	0	0	0	0	0	0	0	0	0	0	0	0	0	0	0	0	0	0	0	0	0	0	0	0	0	1.3450301137297684e-4	0	0	0	0	0	0	0	0	0	0	0	0	0	0	0	0	0
ASV_5317	0	0	0	0	0	0	0	0	0	0	0	0	0	0	0	0	0	0	0	0	0	0	0	0	0	0	0	0	0	0	0	0	0	1.3450301137297684e-4	0	0	0	0	0	0	0	0	0	0	0	0	0	0	0	0	0
ASV_5319	0	0	0	0	0	0	0	0	0	0	0	0	0	0	0	0	0	0	0	0	0	0	0	0	0	0	0	0	0	0	0	0	0	0	0	4.209344745334643e-4	0	0	0	0	0	0	0	0	0	0	0	0	0	0	0
ASV_5320	0	0	0	0	0	0	0	0	0	0	0	0	0	0	0	0	0	0	0	0	0	0	0	0	0	0	0	0	0	0	0	0	0	0	0	4.209344745334643e-4	0	0	0	0	0	0	0	0	0	0	0	0	0	0	0
ASV_5332	0	0	0	0	0	0	0	0	0	0	0	0	0	0	0	0	0	0	0	0	0	0	0	0	0	0	0	0	0	0	0	0	0	0	0	0	0	0	0	2.1225914483148983e-4	0	0	0	0	0	0	0	0	0	0	0
ASV_5333	0	0	0	0	0	0	0	0	0	0	0	0	0	0	0	0	0	0	0	0	0	0	0	0	0	0	0	0	0	0	0	0	0	0	0	0	0	0	0	2.1225914483148983e-4	0	0	0	0	0	0	0	0	0	0	0
ASV_5342	0	0	0	0	0	0	0	0	0	0	0	0	0	0	0	0	0	0	0	0	0	0	0	0	0	0	0	0	0	0	0	0	0	0	0	0	0	0	0	0	0	0.0011312217194570137	0	0	0	0	0	0	0	0	0
ASV_5343	0	0	0	0	0	0	0	0	0	0	0	0	0	0	0	0	0	0	0	0	0	0	0	0	0	0	0	0	0	0	0	0	0	0	0	0	0	0	0	0	0	0	1.2157233553964608e-4	0	0	0	0	0	0	0	0
ASV_5362	0	0	0	0	0	0	0	0	0	0	0	0	0	0	0	0	0	0	0	0	0	0	0	0	0	0	0	0	0	0	0	0	0	0	0	0	0	0	0	0	0	0	0	0	2.0527792349976052e-4	0	0	0	0	0	0
ASV_5363	0	0	0	0	0	0	0	0	0	0	0	0	0	0	0	0	0	0	0	0	0	0	0	0	0	0	0	0	0	0	0	0	0	0	0	0	0	0	0	0	0	0	0	0	2.0527792349976052e-4	0	0	0	0	0	0
ASV_5364	0	0	0	0	0	0	0	0	0	0	0	0	0	0	0	0	0	0	0	0	0	0	0	0	0	0	0	0	0	0	0	0	0	0	0	0	0	0	0	0	0	0	0	0	2.0527792349976052e-4	0	0	0	0	0	0
ASV_5365	0	0	0	0	0	0	0	0	0	0	0	0	0	0	0	0	0	0	0	0	0	0	0	0	0	0	0	0	0	0	0	0	0	0	0	0	0	0	0	0	0	0	0	0	0	2.8208744710860365e-4	0	0	0	0	0
ASV_5376	0	0	0	0	0	0	0	0	0	0	0	0	0	0	0	0	0	0	0	0	0	0	0	0	0	0	0	0	0	0	0	0	0	0	0	0	0	0	0	0	0	0	0	0	0	0	1.3951541645351812e-4	0	0	0	0
ASV_5377	0	0	0	0	0	0	0	0	0	0	0	0	0	0	0	0	0	0	0	0	0	0	0	0	0	0	0	0	0	0	0	0	0	0	0	0	0	0	0	0	0	0	0	0	0	0	1.3951541645351812e-4	0	0	0	0
ASV_5378	0	0	0	0	0	0	0	0	0	0	0	0	0	0	0	0	0	0	0	0	0	0	0	0	0	0	0	0	0	0	0	0	0	0	0	0	0	0	0	0	0	0	0	0	0	0	1.3951541645351812e-4	0	0	0	0
ASV_5382	0	0	0	0	0	0	0	0	0	0	0	0	0	0	0	0	0	0	0	0	0	0	0	0	0	0	0	0	0	0	0	0	0	0	0	0	0	0	0	0	0	0	0	0	0	0	0	0	0	9.146341463414635e-4	0
ASV_5383	0	0	0	0	0	0	0	0	0	0	0	0	0	0	0	0	0	0	0	0	0	0	0	0	0	0	0	0	0	0	0	0	0	0	0	0	0	0	0	0	0	0	0	0	0	0	0	0	0	9.146341463414635e-4	0
ASV_5384	0	0	0	0	0	0	0	0	0	0	0	0	0	0	0	0	0	0	0	0	0	0	0	0	0	0	0	0	0	0	0	0	0	0	0	0	0	0	0	0	0	0	0	0	0	0	0	0	0	9.146341463414635e-4	0
ASV_5385	0	0	0	0	0	0	0	0	0	0	0	0	0	0	0	0	0	0	0	0	0	0	0	0	0	0	0	0	0	0	0	0	0	0	0	0	0	0	0	0	0	0	0	0	0	0	0	0	0	9.146341463414635e-4	0
ASV_5418	0	0	0	0	0	0	0	0	0	0.0017508024511234317	0	0	0	0	0	0	0	0	0	0	0	0	0	0	0	0	0	0	0	0	0	0	0	0	0	0	0	0	0	0	0	0	0	0	0	0	0	0	0	0	0
ASV_5419	0	0	1.6306120230459833e-4	0	0	0	0	0	0	0	0	0	0	0	0	0	0	0	0	0	0	0	0	0	0	0	0	0	0	0	0	0	0	0	0	2.338524858519246e-4	0	0	0	0	0	0	0	0	0	0	0	0	0	0	0
ASV_5426	0	0	0	0	0	0	0	0	0	0	0	0	0	0	0	0	0	0	0	0	0	0	0	0	0	0	0	0	0	0	0	0	0	0	0	0	0	0	0	0	0	0	0	0	9.123463266656023e-5	0	0	0	0	0	0
ASV_5431	0	0	0	0	2.672814139186796e-4	0	0	0	0	0	0	0	0	0	0	0	0	0	0	0	0	0	0	0	0	0	0	0	0	0	0	0	0	0	0	0	0	0	0	0	0	0	0	0	0	0	0	0	0	0	0
ASV_5433	0	0	0	0	0	2.679528403001072e-4	0	0	0	0	0	0	0	0	0	0	0	0	0	0	0	0	0	0	0	0	0	0	0	0	0	0	0	0	0	0	0	0	0	0	0	0	0	0	0	0	0	0	0	0	0
ASV_5434	0	0	0	0	0	2.679528403001072e-4	0	0	0	0	0	0	0	0	0	0	0	0	0	0	0	0	0	0	0	0	0	0	0	0	0	0	0	0	0	0	0	0	0	0	0	0	0	0	0	0	0	0	0	0	0
ASV_5444	0	0	0	0	0	0	0	0	0	0	0	0	0	0	0	0	0	0	4.721435316336166e-5	0	0	0	0	0	0	0	0	0	0	0	0	0	0	0	0	0	0	0	0	0	0	0	0	0	0	0	0	0	0	0	0
ASV_5445	0	0	0	0	0	0	4.935225169648365e-4	0	0	0	0	0	0	0	0	0	0	0	0	0	0	0	0	0	0	0	0	0	0	0	0	0	0	0	0	0	0	0	0	0	0	0	0	0	0	0	0	0	0	0	0
ASV_5448	0	0	0	0	0	0	0	0	2.0182143848230277e-4	0	0	0	0	0	0	0	0	0	0	0	0	0	0	0	0	0	0	0	0	0	0	0	0	0	0	0	0	0	0	0	0	0	0	0	0	0	0	0	0	0	0
ASV_5452	0	0	0	0	0	0	0	0	0	0.0023344032681645753	0	0	0	0	0	0	0	0	0	0	0	0	0	0	0	0	0	0	0	0	0	0	0	0	0	0	0	0	0	0	0	0	0	0	0	0	0	0	0	0	0
ASV_5454	0	0	0	0	0	0	0	0	0	0	0	0	2.785903329154478e-4	0	0	0	0	0	0	0	0	0	0	0	0	0	0	0	0	0	0	0	0	0	0	0	0	0	0	0	0	0	0	0	0	0	0	0	0	0	0
ASV_5455	0	0	0	0	0	0	0	0	0	0	0	0	2.785903329154478e-4	0	0	0	0	0	0	0	0	0	0	0	0	0	0	0	0	0	0	0	0	0	0	0	0	0	0	0	0	0	0	0	0	0	0	0	0	0	0
ASV_5466	0	0	0	0	0	0	0	0	0	0	0	0	0	2.1876253327013527e-4	0	0	0	0	0	0	0	0	0	0	0	0	0	0	0	0	0	0	0	0	0	0	0	0	0	0	0	0	0	0	0	0	0	0	0	0	0
ASV_5467	0	0	0	0	0	0	0	0	0	0	0	0	0	2.9168337769351366e-4	0	0	0	0	0	0	0	0	0	0	0	0	0	0	0	0	0	0	0	0	0	0	0	0	0	0	0	0	0	0	0	0	0	0	0	0	0
ASV_5468	0	0	0	0	0	0	0	0	0	0	0	0	0	2.9168337769351366e-4	0	0	0	0	0	0	0	0	0	0	0	0	0	0	0	0	0	0	0	0	0	0	0	0	0	0	0	0	0	0	0	0	0	0	0	0	0
ASV_5469	0	0	0	0	0	0	0	0	0	0	0	0	0	2.9168337769351366e-4	0	0	0	0	0	0	0	0	0	0	0	0	0	0	0	0	0	0	0	0	0	0	0	0	0	0	0	0	0	0	0	0	0	0	0	0	0
ASV_5470	0	0	0	0	0	0	0	0	0	0	0	0	0	2.9168337769351366e-4	0	0	0	0	0	0	0	0	0	0	0	0	0	0	0	0	0	0	0	0	0	0	0	0	0	0	0	0	0	0	0	0	0	0	0	0	0
ASV_5471	0	0	0	0	0	0	0	0	0	0	0	0	0	2.9168337769351366e-4	0	0	0	0	0	0	0	0	0	0	0	0	0	0	0	0	0	0	0	0	0	0	0	0	0	0	0	0	0	0	0	0	0	0	0	0	0
ASV_5472	0	0	0	0	0	0	0	0	0	0	0	0	0	2.9168337769351366e-4	0	0	0	0	0	0	0	0	0	0	0	0	0	0	0	0	0	0	0	0	0	0	0	0	0	0	0	0	0	0	0	0	0	0	0	0	0
ASV_5473	0	0	0	0	0	0	0	0	0	0	0	0	0	2.9168337769351366e-4	0	0	0	0	0	0	0	0	0	0	0	0	0	0	0	0	0	0	0	0	0	0	0	0	0	0	0	0	0	0	0	0	0	0	0	0	0
ASV_5474	0	0	0	0	0	0	0	0	0	0	0	0	0	1.0938126663506764e-4	0	0	0	0	0	7.969397513547975e-5	0	0	0	0	0	0	0	0	0	0	0	0	0	0	0	0	0	0	0	0	0	0	0	0	0	0	0	0	0	0	0
ASV_5475	0	0	0	0	0	0	0	0	0	0	0	0	0	0	6.046558500453492e-5	0	0	0	0	0	0	0	0	0	0	0	0	0	0	0	0	0	0	0	0	0	0	0	0	0	0	0	0	0	0	0	0	0	0	0	0
ASV_5478	0	0	0	0	0	0	0	0	0	0	0	0	0	0	0	0	0	0	0	0	0	0	0	3.2474913129607376e-5	0	0	0	0	0	0	0	0	0	0	0	0	0	0	0	0	0	0	0	0	0	0	0	0	0	0	0
ASV_5479	0	0	0	0	0	0	0	0	0	0	0	0	0	0	0	0	0	1.913829812683907e-4	0	0	0	0	0	0	0	0	0	0	0	0	0	0	0	0	0	0	0	0	0	0	0	0	0	0	0	0	0	0	0	0	0
ASV_5480	0	0	0	0	0	0	0	0	0	0	0	0	0	0	0	0	0	1.913829812683907e-4	0	0	0	0	0	0	0	0	0	0	0	0	0	0	0	0	0	0	0	0	0	0	0	0	0	0	0	0	0	0	0	0	0
ASV_5481	0	0	0	0	0	0	0	0	0	0	0	0	0	0	0	0	0	1.913829812683907e-4	0	0	0	0	0	0	0	0	0	0	0	0	0	0	0	0	0	0	0	0	0	0	0	0	0	0	0	0	0	0	0	0	0
ASV_5482	0	0	0	0	0	0	0	0	0	0	0	0	0	0	0	0	0	4.784574531709768e-5	0	0	0	0	0	0	0	0	0	0	0	0	0	0	0	0	0	0	0	0	0	0	0	0	0	0	0	0	9.301027763567875e-5	0	0	0	0
ASV_5483	0	0	0	0	0	0	0	0	0	0	0	0	0	0	0	0	0	0	9.442870632672332e-5	0	0	0	0	0	0	0	0	0	0	0	0	0	0	0	0	0	0	0	0	0	0	0	0	0	0	0	0	0	0	0	0
ASV_5484	0	0	0	0	0	0	0	0	0	0	0	0	0	0	0	0	0	0	9.442870632672332e-5	0	0	0	0	0	0	0	0	0	0	0	0	0	0	0	0	0	0	0	0	0	0	0	0	0	0	0	0	0	0	0	0
ASV_5485	0	0	0	0	0	0	0	0	0	0	0	0	0	0	0	0	0	0	9.442870632672332e-5	0	0	0	0	0	0	0	0	0	0	0	0	0	0	0	0	0	0	0	0	0	0	0	0	0	0	0	0	0	0	0	0
ASV_5486	0	0	0	0	0	0	0	0	0	0	0	0	0	0	0	0	0	0	9.442870632672332e-5	0	0	0	0	0	0	0	0	0	0	0	0	0	0	0	0	0	0	0	0	0	0	0	0	0	0	0	0	0	0	0	0
ASV_5487	0	0	0	0	0	0	0	0	0	0	0	0	0	0	0	0	0	0	9.442870632672332e-5	0	0	0	0	0	0	0	0	0	0	0	0	0	0	0	0	0	0	0	0	0	0	0	0	0	0	0	0	0	0	0	0
ASV_5488	0	0	0	0	0	0	0	0	0	0	0	0	0	0	0	0	0	0	9.442870632672332e-5	0	0	0	0	0	0	0	0	0	0	0	0	0	0	0	0	0	0	0	0	0	0	0	0	0	0	0	0	0	0	0	0
ASV_5489	0	0	0	0	0	0	0	0	0	0	0	0	0	0	0	0	0	0	9.442870632672332e-5	0	0	0	0	0	0	0	0	0	0	0	0	0	0	0	0	0	0	0	0	0	0	0	0	0	0	0	0	0	0	0	0
ASV_5490	0	0	0	0	0	0	0	0	0	0	0	0	0	0	0	0	0	0	0	6.37551801083838e-4	0	0	0	0	0	0	0	0	0	0	0	0	0	0	0	0	0	0	0	0	0	0	0	0	0	0	0	0	0	0	0
ASV_5491	0	0	0	0	0	0	0	0	0	0	0	0	0	0	0	0	0	0	0	6.37551801083838e-4	0	0	0	0	0	0	0	0	0	0	0	0	0	0	0	0	0	0	0	0	0	0	0	0	0	0	0	0	0	0	0
ASV_5495	0	0	0	0	0	0	0	0	0	0	0	0	0	0	0	0	0	0	0	0	0	0	0	0	1.8018667339363581e-4	0	0	0	0	0	0	0	0	0	0	0	0	0	0	0	0	0	0	0	0	0	0	0	0	0	0
ASV_5507	0	0	0	0	0	0	0	0	0	0	0	0	0	0	0	0	0	0	0	0	0	0	0	0	1.4414933871490865e-4	0	0	0	0	0	0	0	0	0	0	0	0	0	0	0	0	0	0	0	0	0	0	0	0	0	0
ASV_5521	0	0	0	0	0	0	0	0	0	0	0	0	0	0	0	0	0	0	0	0	0	0	0	0	0	0	0	0	0	0	0	0	0	0	0	0	0	0	0	0	0	0	0	0	1.1404329083320029e-4	0	0	0	0	0	0
ASV_5522	0	0	0	0	0	0	0	0	0	0	0	0	0	0	0	0	0	0	0	0	0	0	0	1.298996525184295e-4	0	0	0	0	0	0	0	0	0	0	0	0	0	0	0	0	0	0	0	0	0	0	0	0	0	0	0
ASV_5528	0	0	0	0	0	0	0	0	0	0	0	0	0	0	0	0	0	0	0	0	0	0	0	0	2.882986774298173e-4	0	0	0	0	0	0	0	0	0	0	0	0	0	0	0	0	0	0	0	0	0	0	0	0	0	0
ASV_5529	0	0	0	0	0	0	0	0	0	0	0	0	0	0	0	0	0	0	0	0	0	0	0	0	2.882986774298173e-4	0	0	0	0	0	0	0	0	0	0	0	0	0	0	0	0	0	0	0	0	0	0	0	0	0	0
ASV_5530	0	0	0	0	0	0	0	0	0	0	0	0	0	0	0	0	0	0	0	0	0	0	0	0	2.882986774298173e-4	0	0	0	0	0	0	0	0	0	0	0	0	0	0	0	0	0	0	0	0	0	0	0	0	0	0
ASV_5531	0	0	0	0	0	0	0	0	0	0	0	0	0	0	0	0	0	0	0	0	0	0	0	0	2.882986774298173e-4	0	0	0	0	0	0	0	0	0	0	0	0	0	0	0	0	0	0	0	0	0	0	0	0	0	0
ASV_5532	0	0	0	0	0	0	0	0	0	0	0	0	0	0	0	0	0	0	0	0	0	0	0	0	2.882986774298173e-4	0	0	0	0	0	0	0	0	0	0	0	0	0	0	0	0	0	0	0	0	0	0	0	0	0	0
ASV_5533	0	0	0	0	0	0	0	0	0	0	0	0	0	0	0	0	0	0	0	0	0	0	0	0	2.882986774298173e-4	0	0	0	0	0	0	0	0	0	0	0	0	0	0	0	0	0	0	0	0	0	0	0	0	0	0
ASV_5534	0	0	0	0	0	0	0	0	0	0	0	0	0	0	0	0	0	0	0	0	0	0	0	0	2.882986774298173e-4	0	0	0	0	0	0	0	0	0	0	0	0	0	0	0	0	0	0	0	0	0	0	0	0	0	0
ASV_5535	0	0	0	0	0	0	0	0	0	0	0	0	0	0	0	0	0	0	0	0	0	0	0	0	2.882986774298173e-4	0	0	0	0	0	0	0	0	0	0	0	0	0	0	0	0	0	0	0	0	0	0	0	0	0	0
ASV_5536	0	0	0	0	0	0	0	0	0	0	0	0	0	0	0	0	0	0	0	0	0	0	0	0	2.882986774298173e-4	0	0	0	0	0	0	0	0	0	0	0	0	0	0	0	0	0	0	0	0	0	0	0	0	0	0
ASV_5537	0	0	0	0	0	0	0	0	0	0	0	0	0	0	0	0	0	0	0	0	0	0	0	0	2.882986774298173e-4	0	0	0	0	0	0	0	0	0	0	0	0	0	0	0	0	0	0	0	0	0	0	0	0	0	0
ASV_5538	0	0	0	0	0	0	0	0	0	0	0	0	0	0	0	0	0	0	0	0	0	0	0	0	2.882986774298173e-4	0	0	0	0	0	0	0	0	0	0	0	0	0	0	0	0	0	0	0	0	0	0	0	0	0	0
ASV_5545	0	0	0	0	0	0	0	0	0	0	0	0	0	0	0	0	0	0	0	0	0	0	0	0	0	0	0	4.945904173106646e-4	0	0	0	0	0	0	0	0	0	0	0	0	0	0	0	0	0	0	0	0	0	0	0
ASV_5546	0	0	0	0	0	0	0	0	0	0	0	0	0	0	0	0	0	0	0	0	0	0	0	0	0	0	0	4.945904173106646e-4	0	0	0	0	0	0	0	0	0	0	0	0	0	0	0	0	0	0	0	0	0	0	0
ASV_5547	0	0	0	0	0	0	0	0	0	0	0	0	0	0	0	0	0	0	0	0	0	0	0	0	0	0	0	4.945904173106646e-4	0	0	0	0	0	0	0	0	0	0	0	0	0	0	0	0	0	0	0	0	0	0	0
ASV_5548	0	0	0	0	0	0	0	0	0	0	0	0	0	0	0	0	0	0	0	0	0	0	0	0	0	0	0	0	3.148490692274391e-4	0	0	0	0	0	0	0	0	0	0	0	0	0	0	0	0	0	0	0	0	0	0
ASV_5549	0	0	0	0	0	0	0	0	0	0	0	0	0	0	0	0	0	0	0	0	0	0	0	0	0	0	0	0	3.148490692274391e-4	0	0	0	0	0	0	0	0	0	0	0	0	0	0	0	0	0	0	0	0	0	0
ASV_5550	0	0	0	0	0	0	0	0	0	0	0	0	0	0	0	0	0	0	0	0	0	0	0	0	0	0	0	0	3.148490692274391e-4	0	0	0	0	0	0	0	0	0	0	0	0	0	0	0	0	0	0	0	0	0	0
ASV_5551	0	0	0	0	0	0	0	0	0	0	0	0	0	0	0	0	0	0	0	0	0	0	0	0	0	0	0	0	3.148490692274391e-4	0	0	0	0	0	0	0	0	0	0	0	0	0	0	0	0	0	0	0	0	0	0
ASV_5552	0	0	0	0	0	0	0	0	0	0	0	0	0	0	0	0	0	0	0	0	0	0	0	0	0	0	0	0	0	2.768740915068872e-4	0	0	0	0	0	0	0	0	0	0	0	0	0	0	0	0	0	0	0	0	0
ASV_5562	0	0	0	0	0	0	0	0	0	0	0	0	0	0	0	0	0	0	0	0	0	0	0	0	0	0	0	0	0	0	0	0	0	1.1955823233153497e-4	0	0	0	0	0	0	0	0	0	0	0	0	0	0	0	0	0
ASV_5563	0	0	0	0	0	0	0	0	0	0	0	0	0	0	0	0	0	0	0	0	0	0	0	0	0	0	0	0	0	0	0	0	0	1.1955823233153497e-4	0	0	0	0	0	0	0	0	0	0	0	0	0	0	0	0	0
ASV_5564	0	0	0	0	0	0	0	0	0	0	0	0	0	0	0	0	0	0	0	0	0	0	0	0	0	0	0	0	0	0	0	0	0	1.1955823233153497e-4	0	0	0	0	0	0	0	0	0	0	0	0	0	0	0	0	0
ASV_5565	0	0	0	0	0	0	0	0	0	0	0	0	0	0	0	0	0	0	0	0	0	0	0	0	0	0	0	0	0	0	0	0	0	1.1955823233153497e-4	0	0	0	0	0	0	0	0	0	0	0	0	0	0	0	0	0
ASV_5566	0	0	0	0	0	0	0	0	0	0	0	0	0	0	0	0	0	0	0	0	0	0	0	0	0	0	0	0	0	0	0	0	0	1.1955823233153497e-4	0	0	0	0	0	0	0	0	0	0	0	0	0	0	0	0	0
ASV_5567	0	0	0	0	0	0	0	0	0	0	0	0	0	0	0	0	0	0	0	0	0	0	0	0	0	0	0	0	0	0	0	0	0	0	0	3.7416397736307936e-4	0	0	0	0	0	0	0	0	0	0	0	0	0	0	0
ASV_5577	0	0	0	0	0	0	0	0	0	0	0	0	0	0	0	0	0	0	0	0	0	0	0	0	0	0	0	0	0	0	0	0	0	0	0	0	0	0	0	1.8867479540576873e-4	0	0	0	0	0	0	0	0	0	0	0
ASV_5578	0	0	0	0	0	0	0	0	0	0	0	0	0	0	0	0	0	0	0	0	0	0	0	0	0	0	0	0	0	0	0	0	0	0	0	0	0	0	0	1.8867479540576873e-4	0	0	0	0	0	0	0	0	0	0	0
ASV_5579	0	0	0	0	0	0	0	0	0	0	0	0	0	0	0	0	0	0	0	0	0	0	0	0	0	0	0	0	0	0	0	0	0	0	0	0	0	0	0	0	7.785660759296565e-5	0	0	0	0	0	0	0	0	0	0
ASV_5600	0	0	0	0	0	0	0	0	0	0	0	0	0	0	0	0	0	0	0	0	0	0	0	0	0	0	0	0	0	0	0	0	0	0	0	0	0	0	0	0	0	0	0	7.616146230007616e-4	0	0	0	0	0	0	0
ASV_5608	0	0	0	0	0	0	0	0	0	0	0	0	0	0	0	0	0	0	0	0	0	0	0	0	0	0	0	0	0	0	0	0	0	0	0	0	0	0	0	0	0	0	0	0	1.8246926533312046e-4	0	0	0	0	0	0
ASV_5609	0	0	0	0	0	0	0	0	0	0	0	0	0	0	0	0	0	0	0	0	0	0	0	0	0	0	0	0	0	0	0	0	0	0	0	0	0	0	0	0	0	0	0	0	1.8246926533312046e-4	0	0	0	0	0	0
ASV_5610	0	0	0	0	0	0	0	0	0	0	0	0	0	0	0	0	0	0	0	0	0	0	0	0	0	0	0	0	0	0	0	0	0	0	0	0	0	0	0	0	0	0	0	0	1.8246926533312046e-4	0	0	0	0	0	0
ASV_5611	0	0	0	0	0	0	0	0	0	0	0	0	0	0	0	0	0	0	0	0	0	0	0	0	0	0	0	0	0	0	0	0	0	0	0	0	0	0	0	0	0	0	0	0	1.8246926533312046e-4	0	0	0	0	0	0
ASV_5612	0	0	0	0	0	0	0	0	0	0	0	0	0	0	0	0	0	0	0	0	0	0	0	0	0	0	0	0	0	0	0	0	0	0	0	0	0	0	0	0	0	0	0	0	1.8246926533312046e-4	0	0	0	0	0	0
ASV_5613	0	0	0	0	0	0	0	0	0	0	0	0	0	0	0	0	0	0	0	0	0	0	0	0	0	0	0	0	0	0	0	0	0	0	0	0	0	0	0	0	0	0	0	0	1.8246926533312046e-4	0	0	0	0	0	0
ASV_5614	0	0	0	0	0	0	0	0	0	0	0	0	0	0	0	0	0	0	0	0	0	0	0	0	0	0	0	0	0	0	0	0	0	0	0	0	0	0	0	0	0	0	0	0	1.8246926533312046e-4	0	0	0	0	0	0
ASV_5615	0	0	0	0	0	0	0	0	0	0	0	0	0	0	0	0	0	0	0	0	0	0	0	0	0	0	0	0	0	0	0	0	0	0	0	0	0	0	0	0	0	0	0	0	0	2.5074439742986995e-4	0	0	0	0	0
ASV_5616	0	0	0	0	0	0	0	0	0	0	0	0	0	0	0	0	0	0	0	0	0	0	0	0	0	0	0	0	0	0	0	0	0	0	0	0	0	0	0	0	0	0	0	0	0	2.5074439742986995e-4	0	0	0	0	0
ASV_5624	0	0	0	0	0	0	0	0	0	0	0	0	0	0	0	0	0	0	0	0	0	0	0	0	0	0	0	0	0	0	0	0	0	0	0	0	0	0	0	0	0	0	0	0	0	0	1.240137035142383e-4	0	0	0	0
ASV_5625	0	0	0	0	0	0	0	0	0	0	0	0	0	0	0	0	0	0	0	0	0	0	0	0	0	0	0	0	0	0	0	0	0	0	0	0	0	0	0	0	0	0	0	0	0	0	0	1.5144631228229593e-4	0	0	0
ASV_5626	0	0	0	0	0	0	0	0	0	0	0	0	0	0	0	0	0	0	0	0	0	0	0	0	0	0	0	0	0	0	0	0	0	0	0	0	0	0	0	0	0	0	0	0	0	0	0	0	1.8072153071136513e-4	0	0
ASV_5627	0	0	0	0	0	0	0	0	0	0	0	0	0	0	0	0	0	0	0	0	0	0	0	0	0	0	0	0	0	0	0	0	0	0	0	0	0	0	0	0	0	0	0	0	0	0	0	0	1.8072153071136513e-4	0	0
ASV_5632	0	0	0	0	0	0	0	0	0	0	0	0	0	0	0	0	0	0	0	0	0	0	0	0	0	0	0	0	0	0	0	0	0	0	0	0	0	0	0	0	0	0	0	0	0	0	0	0	0	8.130081300813008e-4	0
ASV_5633	0	0	0	0	0	0	0	0	0	0	0	0	0	0	0	0	0	0	0	0	0	0	0	0	0	0	0	0	0	0	0	0	0	0	0	0	0	0	0	0	0	0	0	0	0	0	0	0	0	8.130081300813008e-4	0
ASV_5634	0	0	0	0	0	0	0	0	0	0	0	0	0	0	0	0	0	0	0	0	0	0	0	0	0	0	0	0	0	0	0	0	0	0	0	0	0	0	0	0	0	0	0	0	0	0	0	0	0	8.130081300813008e-4	0
ASV_5635	0	0	0	0	0	0	0	0	0	0	0	0	0	0	0	0	0	0	0	0	0	0	0	0	0	0	0	0	0	0	0	0	0	0	0	0	0	0	0	0	0	0	0	0	0	0	0	0	0	8.130081300813008e-4	0
ASV_5645	9.439050701186624e-4	0	0	0	0	0	0	0	0	0	0	0	0	0	0	0	0	0	0	0	0	0	0	0	0	0	0	0	0	0	0	0	0	0	0	0	0	0	0	0	0	0	0	0	0	0	0	0	0	0	0
ASV_5646	0	0.0017161068889433686	0	0	0	0	0	0	0	0	0	0	0	0	0	0	0	0	0	0	0	0	0	0	0	0	0	0	0	0	0	0	0	0	0	0	0	0	0	0	0	0	0	0	0	0	0	0	0	0	0
ASV_5647	0	0.0017161068889433686	0	0	0	0	0	0	0	0	0	0	0	0	0	0	0	0	0	0	0	0	0	0	0	0	0	0	0	0	0	0	0	0	0	0	0	0	0	0	0	0	0	0	0	0	0	0	0	0	0
ASV_5668	0	0	2.7176867050766385e-4	0	0	0	0	0	0	0	0	0	0	0	0	0	0	0	0	0	0	0	0	0	0	0	0	0	0	0	0	0	0	2.9889558082883744e-5	0	0	0	0	0	0	0	0	0	0	0	0	0	0	0	0	0
ASV_5669	0	0	2.174149364061311e-4	0	0	0	0	0	0	0	0	0	0	0	0	0	0	0	0	0	0	0	0	0	0	0	0	0	0	0	0	0	0	0	0	0	0	0	0	0	0	0	0	0	0	0	0	0	0	0	0
ASV_5670	0	0	0	3.4218116048296426e-4	0	0	0	0	0	0	0	0	0	0	0	0	0	0	0	0	0	0	0	0	0	0	0	0	0	0	0	0	0	0	0	0	0	0	0	0	0	0	0	0	0	0	0	0	0	0	0
ASV_5679	0	0	0	0	2.3387123717884468e-4	0	0	0	0	0	0	0	0	0	0	0	0	0	0	0	0	0	0	0	0	0	0	0	0	0	0	0	0	0	0	0	0	0	0	0	0	0	0	0	0	0	0	0	0	0	0
ASV_5680	0	0	0	0	2.3387123717884468e-4	0	0	0	0	0	0	0	0	0	0	0	0	0	0	0	0	0	0	0	0	0	0	0	0	0	0	0	0	0	0	0	0	0	0	0	0	0	0	0	0	0	0	0	0	0	0
ASV_5681	0	0	0	0	0	2.3445873526259378e-4	0	0	0	0	0	0	0	0	0	0	0	0	0	0	0	0	0	0	0	0	0	0	0	0	0	0	0	0	0	0	0	0	0	0	0	0	0	0	0	0	0	0	0	0	0
ASV_5682	0	0	0	0	0	2.3445873526259378e-4	0	0	0	0	0	0	0	0	0	0	0	0	0	0	0	0	0	0	0	0	0	0	0	0	0	0	0	0	0	0	0	0	0	0	0	0	0	0	0	0	0	0	0	0	0
ASV_5688	0	0	0	0	0	0	0	0	0	0	0	0	0	0	0	0	0	0	0	0	0	0	0	0	0	0	0	0	0	0	0	0	0	0	0	1.4031149151115475e-4	0	0	0	0	0	0	0	0	0	0	0	0	0	0	0
ASV_5694	0	0	0	0	0	0	4.3183220234423197e-4	0	0	0	0	0	0	0	0	0	0	0	0	0	0	0	0	0	0	0	0	0	0	0	0	0	0	0	0	0	0	0	0	0	0	0	0	0	0	0	0	0	0	0	0
ASV_5711	0	0	0	0	0	0	0	0	0	0.0020426028596440037	0	0	0	0	0	0	0	0	0	0	0	0	0	0	0	0	0	0	0	0	0	0	0	0	0	0	0	0	0	0	0	0	0	0	0	0	0	0	0	0	0
ASV_5712	0	0	0	0	0	0	0	0	0	0.0020426028596440037	0	0	0	0	0	0	0	0	0	0	0	0	0	0	0	0	0	0	0	0	0	0	0	0	0	0	0	0	0	0	0	0	0	0	0	0	0	0	0	0	0
ASV_5713	0	0	0	0	0	0	0	0	0	0.0020426028596440037	0	0	0	0	0	0	0	0	0	0	0	0	0	0	0	0	0	0	0	0	0	0	0	0	0	0	0	0	0	0	0	0	0	0	0	0	0	0	0	0	0
ASV_5714	0	0	0	0	0	0	0	0	0	0.0020426028596440037	0	0	0	0	0	0	0	0	0	0	0	0	0	0	0	0	0	0	0	0	0	0	0	0	0	0	0	0	0	0	0	0	0	0	0	0	0	0	0	0	0
ASV_5715	0	0	0	0	0	0	0	0	0	0.0020426028596440037	0	0	0	0	0	0	0	0	0	0	0	0	0	0	0	0	0	0	0	0	0	0	0	0	0	0	0	0	0	0	0	0	0	0	0	0	0	0	0	0	0
ASV_5739	0	0	0	0	0	0	0	0	0	0	0	0	0	2.5522295548182446e-4	0	0	0	0	0	0	0	0	0	0	0	0	0	0	0	0	0	0	0	0	0	0	0	0	0	0	0	0	0	0	0	0	0	0	0	0	0
ASV_5740	0	0	0	0	0	0	0	0	0	0	0	0	0	2.5522295548182446e-4	0	0	0	0	0	0	0	0	0	0	0	0	0	0	0	0	0	0	0	0	0	0	0	0	0	0	0	0	0	0	0	0	0	0	0	0	0
ASV_5741	0	0	0	0	0	0	0	0	0	0	0	0	0	2.5522295548182446e-4	0	0	0	0	0	0	0	0	0	0	0	0	0	0	0	0	0	0	0	0	0	0	0	0	0	0	0	0	0	0	0	0	0	0	0	0	0
ASV_5742	0	0	0	0	0	0	0	0	0	0	0	0	0	2.5522295548182446e-4	0	0	0	0	0	0	0	0	0	0	0	0	0	0	0	0	0	0	0	0	0	0	0	0	0	0	0	0	0	0	0	0	0	0	0	0	0
ASV_5743	0	0	0	0	0	0	0	0	0	0	0	0	0	2.5522295548182446e-4	0	0	0	0	0	0	0	0	0	0	0	0	0	0	0	0	0	0	0	0	0	0	0	0	0	0	0	0	0	0	0	0	0	0	0	0	0
ASV_5744	0	0	0	0	0	0	0	0	0	0	0	0	0	2.5522295548182446e-4	0	0	0	0	0	0	0	0	0	0	0	0	0	0	0	0	0	0	0	0	0	0	0	0	0	0	0	0	0	0	0	0	0	0	0	0	0
ASV_5745	0	0	0	0	0	0	0	0	0	0	0	0	0	2.5522295548182446e-4	0	0	0	0	0	0	0	0	0	0	0	0	0	0	0	0	0	0	0	0	0	0	0	0	0	0	0	0	0	0	0	0	0	0	0	0	0
ASV_5746	0	0	0	0	0	0	0	0	0	0	0	0	0	2.5522295548182446e-4	0	0	0	0	0	0	0	0	0	0	0	0	0	0	0	0	0	0	0	0	0	0	0	0	0	0	0	0	0	0	0	0	0	0	0	0	0
ASV_5747	0	0	0	0	0	0	0	0	0	0	0	0	0	2.5522295548182446e-4	0	0	0	0	0	0	0	0	0	0	0	0	0	0	0	0	0	0	0	0	0	0	0	0	0	0	0	0	0	0	0	0	0	0	0	0	0
ASV_5748	0	0	0	0	0	0	0	0	0	0	0	0	0	2.5522295548182446e-4	0	0	0	0	0	0	0	0	0	0	0	0	0	0	0	0	0	0	0	0	0	0	0	0	0	0	0	0	0	0	0	0	0	0	0	0	0
ASV_5749	0	0	0	0	0	0	0	0	0	0	0	0	0	2.5522295548182446e-4	0	0	0	0	0	0	0	0	0	0	0	0	0	0	0	0	0	0	0	0	0	0	0	0	0	0	0	0	0	0	0	0	0	0	0	0	0
ASV_5750	0	0	0	0	0	0	0	0	0	0	0	0	0	2.5522295548182446e-4	0	0	0	0	0	0	0	0	0	0	0	0	0	0	0	0	0	0	0	0	0	0	0	0	0	0	0	0	0	0	0	0	0	0	0	0	0
ASV_5752	0	0	0	0	0	0	0	0	0	0	0	0	0	0	1.4108636501058148e-4	0	0	0	0	0	0	0	0	0	0	0	0	0	0	0	0	0	0	0	0	0	0	0	0	0	0	0	0	0	0	0	0	0	0	0	0
ASV_5753	0	0	0	0	0	0	0	0	0	0	0	0	0	0	1.4108636501058148e-4	0	0	0	0	0	0	0	0	0	0	0	0	0	0	0	0	0	0	0	0	0	0	0	0	0	0	0	0	0	0	0	0	0	0	0	0
ASV_5754	0	0	0	0	0	0	0	0	0	0	0	0	0	0	1.4108636501058148e-4	0	0	0	0	0	0	0	0	0	0	0	0	0	0	0	0	0	0	0	0	0	0	0	0	0	0	0	0	0	0	0	0	0	0	0	0
ASV_5755	0	0	0	0	0	0	0	0	0	0	0	0	0	0	1.4108636501058148e-4	0	0	0	0	0	0	0	0	0	0	0	0	0	0	0	0	0	0	0	0	0	0	0	0	0	0	0	0	0	0	0	0	0	0	0	0
ASV_5756	0	0	0	0	0	0	0	0	0	0	0	0	0	0	1.4108636501058148e-4	0	0	0	0	0	0	0	0	0	0	0	0	0	0	0	0	0	0	0	0	0	0	0	0	0	0	0	0	0	0	0	0	0	0	0	0
ASV_5757	0	0	0	0	0	0	0	0	0	0	0	0	0	0	1.4108636501058148e-4	0	0	0	0	0	0	0	0	0	0	0	0	0	0	0	0	0	0	0	0	0	0	0	0	0	0	0	0	0	0	0	0	0	0	0	0
ASV_5758	0	0	0	0	0	0	0	0	0	0	0	0	0	0	0	0	3.1975150739996347e-4	0	0	0	0	0	0	0	0	0	0	0	0	0	0	0	0	0	0	0	0	0	0	0	0	0	0	0	0	0	0	0	0	0	0
ASV_5759	0	0	0	0	0	0	0	0	0	0	0	0	0	0	0	0	3.1975150739996347e-4	0	0	0	0	0	0	0	0	0	0	0	0	0	0	0	0	0	0	0	0	0	0	0	0	0	0	0	0	0	0	0	0	0	0
ASV_5762	0	0	0	0	0	0	0	0	0	0	0	0	0	0	0	0	0	1.6746010860984188e-4	0	0	0	0	0	0	0	0	0	0	0	0	0	0	0	0	0	0	0	0	0	0	0	0	0	0	0	0	0	0	0	0	0
ASV_5763	0	0	0	0	0	0	0	0	0	0	0	0	0	0	0	0	0	0	8.262511803588291e-5	0	0	0	0	0	0	0	0	0	0	0	0	0	0	0	0	0	0	0	0	0	0	0	0	0	0	0	0	0	0	0	0
ASV_5764	0	0	0	0	0	0	0	0	0	0	0	0	0	0	0	0	0	0	8.262511803588291e-5	0	0	0	0	0	0	0	0	0	0	0	0	0	0	0	0	0	0	0	0	0	0	0	0	0	0	0	0	0	0	0	0
ASV_5765	0	0	0	0	0	0	0	0	0	0	0	0	0	0	0	0	0	0	8.262511803588291e-5	0	0	0	0	0	0	0	0	0	0	0	0	0	0	0	0	0	0	0	0	0	0	0	0	0	0	0	0	0	0	0	0
ASV_5766	0	0	0	0	0	0	0	0	0	0	0	0	0	0	0	0	0	0	8.262511803588291e-5	0	0	0	0	0	0	0	0	0	0	0	0	0	0	0	0	0	0	0	0	0	0	0	0	0	0	0	0	0	0	0	0
ASV_5767	0	0	0	0	0	0	0	0	0	0	0	0	0	0	0	0	0	0	8.262511803588291e-5	0	0	0	0	0	0	0	0	0	0	0	0	0	0	0	0	0	0	0	0	0	0	0	0	0	0	0	0	0	0	0	0
ASV_5768	0	0	0	0	0	0	0	0	0	0	0	0	0	0	0	0	0	0	8.262511803588291e-5	0	0	0	0	0	0	0	0	0	0	0	0	0	0	0	0	0	0	0	0	0	0	0	0	0	0	0	0	0	0	0	0
ASV_5769	0	0	0	0	0	0	0	0	0	0	0	0	0	0	0	0	0	0	8.262511803588291e-5	0	0	0	0	0	0	0	0	0	0	0	0	0	0	0	0	0	0	0	0	0	0	0	0	0	0	0	0	0	0	0	0
ASV_5770	0	0	0	0	0	0	0	0	0	0	0	0	0	0	0	0	0	0	8.262511803588291e-5	0	0	0	0	0	0	0	0	0	0	0	0	0	0	0	0	0	0	0	0	0	0	0	0	0	0	0	0	0	0	0	0
ASV_5771	0	0	0	0	0	0	0	0	0	0	0	0	0	0	0	0	0	0	8.262511803588291e-5	0	0	0	0	0	0	0	0	0	0	0	0	0	0	0	0	0	0	0	0	0	0	0	0	0	0	0	0	0	0	0	0
ASV_5772	0	0	0	0	0	0	0	0	0	0	0	0	0	0	0	0	0	0	5.901794145420208e-5	0	0	0	0	0	0	0	0	0	0	0	0	0	0	0	0	0	0	0	0	0	0	0	0	0	4.5617316333280114e-5	0	0	0	0	0	0
ASV_5773	0	0	0	0	0	0	0	0	0	0	0	0	0	0	0	0	0	0	0	5.578578259483584e-4	0	0	0	0	0	0	0	0	0	0	0	0	0	0	0	0	0	0	0	0	0	0	0	0	0	0	0	0	0	0	0
ASV_5774	0	0	0	0	0	0	0	0	0	0	0	0	0	0	0	0	0	0	0	5.578578259483584e-4	0	0	0	0	0	0	0	0	0	0	0	0	0	0	0	0	0	0	0	0	0	0	0	0	0	0	0	0	0	0	0
ASV_5775	0	0	0	0	0	0	0	0	0	0	0	0	0	0	0	0	0	0	0	5.578578259483584e-4	0	0	0	0	0	0	0	0	0	0	0	0	0	0	0	0	0	0	0	0	0	0	0	0	0	0	0	0	0	0	0
ASV_5776	0	0	0	0	0	0	0	0	0	0	0	0	0	0	0	0	0	0	0	5.578578259483584e-4	0	0	0	0	0	0	0	0	0	0	0	0	0	0	0	0	0	0	0	0	0	0	0	0	0	0	0	0	0	0	0
ASV_5817	0	0	0	0	0	0	0	0	0	0	0	0	0	0	0	0	0	0	0	0	0	0	0	1.1366219595362583e-4	0	0	0	0	0	0	0	0	0	0	0	0	0	0	0	0	0	0	0	0	0	0	0	0	0	0	0
ASV_5821	0	0	0	0	0	0	0	0	0	0	0	0	0	0	0	0	0	0	0	0	0	0	0	0	2.5226134275109014e-4	0	0	0	0	0	0	0	0	0	0	0	0	0	0	0	0	0	0	0	0	0	0	0	0	0	0
ASV_5822	0	0	0	0	0	0	0	0	0	0	0	0	0	0	0	0	0	0	0	0	0	0	0	0	2.5226134275109014e-4	0	0	0	0	0	0	0	0	0	0	0	0	0	0	0	0	0	0	0	0	0	0	0	0	0	0
ASV_5823	0	0	0	0	0	0	0	0	0	0	0	0	0	0	0	0	0	0	0	0	0	0	0	0	2.5226134275109014e-4	0	0	0	0	0	0	0	0	0	0	0	0	0	0	0	0	0	0	0	0	0	0	0	0	0	0
ASV_5824	0	0	0	0	0	0	0	0	0	0	0	0	0	0	0	0	0	0	0	0	0	0	0	0	2.5226134275109014e-4	0	0	0	0	0	0	0	0	0	0	0	0	0	0	0	0	0	0	0	0	0	0	0	0	0	0
ASV_5825	0	0	0	0	0	0	0	0	0	0	0	0	0	0	0	0	0	0	0	0	0	0	0	0	2.5226134275109014e-4	0	0	0	0	0	0	0	0	0	0	0	0	0	0	0	0	0	0	0	0	0	0	0	0	0	0
ASV_5826	0	0	0	0	0	0	0	0	0	0	0	0	0	0	0	0	0	0	0	0	0	0	0	0	2.5226134275109014e-4	0	0	0	0	0	0	0	0	0	0	0	0	0	0	0	0	0	0	0	0	0	0	0	0	0	0
ASV_5827	0	0	0	0	0	0	0	0	0	0	0	0	0	0	0	0	0	0	0	0	0	0	0	0	2.5226134275109014e-4	0	0	0	0	0	0	0	0	0	0	0	0	0	0	0	0	0	0	0	0	0	0	0	0	0	0
ASV_5828	0	0	0	0	0	0	0	0	0	0	0	0	0	0	0	0	0	0	0	0	0	0	0	0	2.5226134275109014e-4	0	0	0	0	0	0	0	0	0	0	0	0	0	0	0	0	0	0	0	0	0	0	0	0	0	0
ASV_5829	0	0	0	0	0	0	0	0	0	0	0	0	0	0	0	0	0	0	0	0	0	0	0	0	2.5226134275109014e-4	0	0	0	0	0	0	0	0	0	0	0	0	0	0	0	0	0	0	0	0	0	0	0	0	0	0
ASV_5830	0	0	0	0	0	0	0	0	0	0	0	0	0	0	0	0	0	0	0	0	0	0	0	0	2.5226134275109014e-4	0	0	0	0	0	0	0	0	0	0	0	0	0	0	0	0	0	0	0	0	0	0	0	0	0	0
ASV_5831	0	0	0	0	0	0	0	0	0	0	0	0	0	0	0	0	0	0	0	0	0	0	0	0	2.5226134275109014e-4	0	0	0	0	0	0	0	0	0	0	0	0	0	0	0	0	0	0	0	0	0	0	0	0	0	0
ASV_5832	0	0	0	0	0	0	0	0	0	0	0	0	0	0	0	0	0	0	0	0	0	0	0	0	2.5226134275109014e-4	0	0	0	0	0	0	0	0	0	0	0	0	0	0	0	0	0	0	0	0	0	0	0	0	0	0
ASV_5833	0	0	0	0	0	0	0	0	0	0	0	0	0	0	0	0	0	0	0	0	0	0	0	0	2.5226134275109014e-4	0	0	0	0	0	0	0	0	0	0	0	0	0	0	0	0	0	0	0	0	0	0	0	0	0	0
ASV_5834	0	0	0	0	0	0	0	0	0	0	0	0	0	0	0	0	0	0	0	0	0	0	0	0	0	1.7654476670870113e-4	0	0	0	0	0	0	0	0	0	0	0	0	0	0	0	0	0	0	0	0	0	0	0	0	0
ASV_5841	0	0	0	0	0	0	0	0	0	0	0	0	0	0	0	0	0	0	0	0	0	0	0	0	0	0	0	0	0	2.4226483006852635e-4	0	0	0	0	0	0	0	0	0	0	0	0	0	0	0	0	0	0	0	0	0
ASV_5842	0	0	0	0	0	0	0	0	0	0	0	0	0	0	0	0	0	0	0	0	0	0	0	0	0	0	0	0	0	2.4226483006852635e-4	0	0	0	0	0	0	0	0	0	0	0	0	0	0	0	0	0	0	0	0	0
ASV_5854	0	0	0	0	0	0	0	0	0	0	0	0	0	0	0	0	0	0	0	0	0	0	0	0	0	0	0	0	0	0	0	0	0	1.046134532900931e-4	0	0	0	0	0	0	0	0	0	0	0	0	0	0	0	0	0
ASV_5856	0	0	0	0	0	0	0	0	0	0	0	0	0	0	0	0	0	0	0	0	0	0	0	0	0	0	0	0	0	0	0	0	0	1.046134532900931e-4	0	0	0	0	0	0	0	0	0	0	0	0	0	0	0	0	0
ASV_5857	0	0	0	0	0	0	0	0	0	0	0	0	0	0	0	0	0	0	0	0	0	0	0	0	0	0	0	0	0	0	0	0	0	1.046134532900931e-4	0	0	0	0	0	0	0	0	0	0	0	0	0	0	0	0	0
ASV_5858	0	0	0	0	0	0	0	0	0	0	0	0	0	0	0	0	0	0	0	0	0	0	0	0	0	0	0	0	0	0	0	0	0	1.046134532900931e-4	0	0	0	0	0	0	0	0	0	0	0	0	0	0	0	0	0
ASV_5859	0	0	0	0	0	0	0	0	0	0	0	0	0	0	0	0	0	0	0	0	0	0	0	0	0	0	0	0	0	0	0	0	0	1.046134532900931e-4	0	0	0	0	0	0	0	0	0	0	0	0	0	0	0	0	0
ASV_5860	0	0	0	0	0	0	0	0	0	0	0	0	0	0	0	0	0	0	0	0	0	0	0	0	0	0	0	0	0	0	0	0	0	1.046134532900931e-4	0	0	0	0	0	0	0	0	0	0	0	0	0	0	0	0	0
ASV_5862	0	0	0	0	0	0	0	0	0	0	0	0	0	0	0	0	0	0	0	0	0	0	0	0	0	0	0	0	0	0	0	0	0	0	0	3.2739348019269446e-4	0	0	0	0	0	0	0	0	0	0	0	0	0	0	0
ASV_5863	0	0	0	0	0	0	0	0	0	0	0	0	0	0	0	0	0	0	0	0	0	0	0	0	0	0	0	0	0	0	0	0	0	0	0	3.2739348019269446e-4	0	0	0	0	0	0	0	0	0	0	0	0	0	0	0
ASV_5864	0	0	0	0	0	0	0	0	0	0	0	0	0	0	0	0	0	0	0	0	0	0	0	0	0	0	0	0	0	0	0	0	0	0	0	3.2739348019269446e-4	0	0	0	0	0	0	0	0	0	0	0	0	0	0	0
ASV_5876	0	0	0	0	0	0	0	0	0	0	0	0	0	0	0	0	0	0	0	0	0	0	0	0	0	0	0	0	0	0	0	0	0	0	0	0	0	0	0	1.6509044598004763e-4	0	0	0	0	0	0	0	0	0	0	0
ASV_5898	0	0	0	0	0	0	0	0	0	0	0	0	0	0	0	0	0	0	0	0	0	0	0	0	0	0	0	0	0	0	0	0	0	0	0	0	0	0	0	0	0	8.798391151332328e-4	0	0	0	0	0	0	0	0	0
ASV_5899	0	0	0	0	0	0	0	0	0	0	0	0	0	0	0	0	0	0	0	0	0	0	0	0	0	0	0	0	0	0	0	0	0	0	0	0	0	0	0	0	0	8.798391151332328e-4	0	0	0	0	0	0	0	0	0
ASV_5900	0	0	0	0	0	0	0	0	0	0	0	0	0	0	0	0	0	0	0	0	0	0	0	0	0	0	0	0	0	0	0	0	0	0	0	0	0	0	0	0	0	0	9.45562609752803e-5	0	0	0	0	0	0	0	0
ASV_5901	0	0	0	0	0	0	0	0	0	0	0	0	0	0	0	0	0	0	0	0	0	0	0	0	0	0	0	0	0	0	0	0	0	0	0	0	0	0	0	0	0	0	9.45562609752803e-5	0	0	0	0	0	0	0	0
ASV_5902	0	0	0	0	0	0	0	0	0	0	0	0	0	0	0	0	0	0	0	0	0	0	0	0	0	0	0	0	0	0	0	0	0	0	0	0	0	0	0	0	0	0	9.45562609752803e-5	0	0	0	0	0	0	0	0
ASV_5904	0	0	0	0	0	0	0	0	0	0	0	0	0	0	0	0	0	0	0	0	0	0	0	0	0	0	0	0	0	0	0	0	0	0	0	0	0	0	0	0	0	0	0	6.664127951256664e-4	0	0	0	0	0	0	0
ASV_5926	0	0	0	0	0	0	0	0	0	0	0	0	0	0	0	0	0	0	0	0	0	0	0	0	0	0	0	0	0	0	0	0	0	0	0	0	0	0	0	0	0	0	0	0	0	0	0	0	4.518038267784128e-5	0	0
ASV_5927	0	0	0	0	0	0	0	0	0	0	0	0	0	0	0	0	0	0	0	0	0	0	0	0	0	0	0	0	0	0	0	0	0	0	0	0	0	0	0	0	0	0	0	0	1.596606071664804e-4	0	0	0	0	0	0
ASV_5928	0	0	0	0	0	0	0	0	0	0	0	0	0	0	0	0	0	0	0	0	0	0	0	0	0	0	0	0	0	0	0	0	0	0	0	0	0	0	0	0	0	0	0	0	1.596606071664804e-4	0	0	0	0	0	0
ASV_5929	0	0	0	0	0	0	0	0	0	0	0	0	0	0	0	0	0	0	0	0	0	0	0	0	0	0	0	0	0	0	0	0	0	0	0	0	0	0	0	0	0	0	0	0	1.596606071664804e-4	0	0	0	0	0	0
ASV_5930	0	0	0	0	0	0	0	0	0	0	0	0	0	0	0	0	0	0	0	0	0	0	0	0	0	0	0	0	0	0	0	0	0	0	0	0	0	0	0	0	0	0	0	0	1.596606071664804e-4	0	0	0	0	0	0
ASV_5931	0	0	0	0	0	0	0	0	0	0	0	0	0	0	0	0	0	0	0	0	0	0	0	0	0	0	0	0	0	0	0	0	0	0	0	0	0	0	0	0	0	0	0	0	1.596606071664804e-4	0	0	0	0	0	0
ASV_5932	0	0	0	0	0	0	0	0	0	0	0	0	0	0	0	0	0	0	0	0	0	0	0	0	0	0	0	0	0	0	0	0	0	0	0	0	0	0	0	0	0	0	0	0	1.596606071664804e-4	0	0	0	0	0	0
ASV_5933	0	0	0	0	0	0	0	0	0	0	0	0	0	0	0	0	0	0	0	0	0	0	0	0	0	0	0	0	0	0	0	0	0	0	0	0	0	0	0	0	0	0	0	0	1.596606071664804e-4	0	0	0	0	0	0
ASV_5935	0	0	0	0	0	0	0	0	0	0	0	0	0	0	0	0	0	0	0	0	0	0	0	0	0	0	0	0	0	0	0	0	0	0	0	0	0	0	0	0	0	0	0	0	0	2.194013477511362e-4	0	0	0	0	0
ASV_5936	0	0	0	0	0	0	0	0	0	0	0	0	0	0	0	0	0	0	0	0	0	0	0	0	0	0	0	0	0	0	0	0	0	0	0	0	0	0	0	0	0	0	0	0	0	2.194013477511362e-4	0	0	0	0	0
ASV_5950	0	0	0	0	0	0	0	0	0	0	0	0	0	0	0	0	0	0	0	0	0	0	0	0	0	0	0	0	0	0	0	0	0	0	0	0	0	0	0	0	0	0	0	0	0	0	1.0851199057495853e-4	0	0	0	0
ASV_5951	0	0	0	0	0	0	0	0	0	0	0	0	0	0	0	0	0	0	0	0	0	0	0	0	0	0	0	0	0	0	0	0	0	0	0	0	0	0	0	0	0	0	0	0	0	0	1.0851199057495853e-4	0	0	0	0
ASV_5952	0	0	0	0	0	0	0	0	0	0	0	0	0	0	0	0	0	0	0	0	0	0	0	0	0	0	0	0	0	0	0	0	0	0	0	0	0	0	0	0	0	0	0	0	0	0	1.0851199057495853e-4	0	0	0	0
ASV_5953	0	0	0	0	0	0	0	0	0	0	0	0	0	0	0	0	0	0	0	0	0	0	0	0	0	0	0	0	0	0	0	0	0	0	0	0	0	0	0	0	0	0	0	0	0	0	0	1.3251552324700894e-4	0	0	0
ASV_5990	0	0	0	0	0	0	1.850709438618137e-4	0	0	0	0	0	0	0	0	0	0	0	0	0	0	0	0	0	0	0	0	0	0	0	0	0	0	0	0	0	0	0	0	0	0	0	0	0	0	0	0	0	0	0	0
ASV_5991	0	0	0	1.4664906877841325e-4	0	0	0	0	0	0	0	0	0	0	0	0	0	0	0	0	0	0	0	0	0	0	0	0	0	0	0	0	0	0	0	0	0	0	0	0	0	0	1.3508037282182899e-5	0	0	0	0	0	0	0	0
ASV_5992	0	0	3.2612240460919666e-4	0	0	0	0	0	0	0	0	0	0	0	0	0	0	0	0	0	0	0	0	0	0	0	0	0	0	0	0	0	0	0	0	0	0	0	0	0	0	0	0	0	0	0	0	0	0	0	0
ASV_5993	0	0	3.2612240460919666e-4	0	0	0	0	0	0	0	0	0	0	0	0	0	0	0	0	0	0	0	0	0	0	0	0	0	0	0	0	0	0	0	0	0	0	0	0	0	0	0	0	0	0	0	0	0	0	0	0
ASV_5994	0	0	3.2612240460919666e-4	0	0	0	0	0	0	0	0	0	0	0	0	0	0	0	0	0	0	0	0	0	0	0	0	0	0	0	0	0	0	0	0	0	0	0	0	0	0	0	0	0	0	0	0	0	0	0	0
ASV_5996	0	0	0	2.932981375568265e-4	0	0	0	0	0	0	0	0	0	0	0	0	0	0	0	0	0	0	0	0	0	0	0	0	0	0	0	0	0	0	0	0	0	0	0	0	0	0	0	0	0	0	0	0	0	0	0
ASV_6005	0	0	0	0	0	0	0	0	0	0	0	0	0	0	0	0	0	0	0	0	0	0	0	0	0	0	0	0	0	0	0	0	4.898599000685804e-5	0	0	0	0	0	0	0	0	0	0	0	0	0	0	0	0	0	0
ASV_6006	0	0	0	0	2.0046106043900973e-4	0	0	0	0	0	0	0	0	0	0	0	0	0	0	0	0	0	0	0	0	0	0	0	0	0	0	0	0	0	0	0	0	0	0	0	0	0	0	0	0	0	0	0	0	0	0
ASV_6007	0	0	0	0	2.0046106043900973e-4	0	0	0	0	0	0	0	0	0	0	0	0	0	0	0	0	0	0	0	0	0	0	0	0	0	0	0	0	0	0	0	0	0	0	0	0	0	0	0	0	0	0	0	0	0	0
ASV_6025	0	0	0	0	0	0	0	0	0	0	0	0	0	0	0	0	0	0	0	0	0	0	0	0	0	0	0	0	0	0	0	0	0	0	0	0	0	0	0	0	0	0	0	0	9.123463266656023e-5	0	0	0	0	0	0
ASV_6026	0	0	0	0	0	0	3.701418877236274e-4	0	0	0	0	0	0	0	0	0	0	0	0	0	0	0	0	0	0	0	0	0	0	0	0	0	0	0	0	0	0	0	0	0	0	0	0	0	0	0	0	0	0	0	0
ASV_6027	0	0	0	0	0	0	3.701418877236274e-4	0	0	0	0	0	0	0	0	0	0	0	0	0	0	0	0	0	0	0	0	0	0	0	0	0	0	0	0	0	0	0	0	0	0	0	0	0	0	0	0	0	0	0	0
ASV_6037	0	0	0	0	0	0	0	0	1.513660788617271e-4	0	0	0	0	0	0	0	0	0	0	0	0	0	0	0	0	0	0	0	0	0	0	0	0	0	0	0	0	0	0	0	0	0	0	0	0	0	0	0	0	0	0
ASV_6041	0	0	0	0	0	0	0	0	0	0	0.002849002849002849	0	0	0	0	0	0	0	0	0	0	0	0	0	0	0	0	0	0	0	0	0	0	0	0	0	0	0	0	0	0	0	0	0	0	0	0	0	0	0	0
ASV_6045	0	0	0	0	0	0	0	0	0	0	0	0	2.089427496865859e-4	0	0	0	0	0	0	0	0	0	0	0	0	0	0	0	0	0	0	0	0	0	0	0	0	0	0	0	0	0	0	0	0	0	0	0	0	0	0
ASV_6046	0	0	0	0	0	0	0	0	0	0	0	0	2.089427496865859e-4	0	0	0	0	0	0	0	0	0	0	0	0	0	0	0	0	0	0	0	0	0	0	0	0	0	0	0	0	0	0	0	0	0	0	0	0	0	0
ASV_6047	0	0	0	0	0	0	0	0	0	0	0	0	2.089427496865859e-4	0	0	0	0	0	0	0	0	0	0	0	0	0	0	0	0	0	0	0	0	0	0	0	0	0	0	0	0	0	0	0	0	0	0	0	0	0	0
ASV_6063	0	0	0	0	0	0	0	0	0	0	0	0	0	2.1876253327013527e-4	0	0	0	0	0	0	0	0	0	0	0	0	0	0	0	0	0	0	0	0	0	0	0	0	0	0	0	0	0	0	0	0	0	0	0	0	0
ASV_6064	0	0	0	0	0	0	0	0	0	0	0	0	0	2.1876253327013527e-4	0	0	0	0	0	0	0	0	0	0	0	0	0	0	0	0	0	0	0	0	0	0	0	0	0	0	0	0	0	0	0	0	0	0	0	0	0
ASV_6065	0	0	0	0	0	0	0	0	0	0	0	0	0	2.1876253327013527e-4	0	0	0	0	0	0	0	0	0	0	0	0	0	0	0	0	0	0	0	0	0	0	0	0	0	0	0	0	0	0	0	0	0	0	0	0	0
ASV_6066	0	0	0	0	0	0	0	0	0	0	0	0	0	2.1876253327013527e-4	0	0	0	0	0	0	0	0	0	0	0	0	0	0	0	0	0	0	0	0	0	0	0	0	0	0	0	0	0	0	0	0	0	0	0	0	0
ASV_6067	0	0	0	0	0	0	0	0	0	0	0	0	0	2.1876253327013527e-4	0	0	0	0	0	0	0	0	0	0	0	0	0	0	0	0	0	0	0	0	0	0	0	0	0	0	0	0	0	0	0	0	0	0	0	0	0
ASV_6068	0	0	0	0	0	0	0	0	0	0	0	0	0	2.1876253327013527e-4	0	0	0	0	0	0	0	0	0	0	0	0	0	0	0	0	0	0	0	0	0	0	0	0	0	0	0	0	0	0	0	0	0	0	0	0	0
ASV_6069	0	0	0	0	0	0	0	0	0	0	0	0	0	2.1876253327013527e-4	0	0	0	0	0	0	0	0	0	0	0	0	0	0	0	0	0	0	0	0	0	0	0	0	0	0	0	0	0	0	0	0	0	0	0	0	0
ASV_6070	0	0	0	0	0	0	0	0	0	0	0	0	0	0	1.2093117000906984e-4	0	0	0	0	0	0	0	0	0	0	0	0	0	0	0	0	0	0	0	0	0	0	0	0	0	0	0	0	0	0	0	0	0	0	0	0
ASV_6071	0	0	0	0	0	0	0	0	0	0	0	0	0	0	1.2093117000906984e-4	0	0	0	0	0	0	0	0	0	0	0	0	0	0	0	0	0	0	0	0	0	0	0	0	0	0	0	0	0	0	0	0	0	0	0	0
ASV_6072	0	0	0	0	0	0	0	0	0	0	0	0	0	0	1.2093117000906984e-4	0	0	0	0	0	0	0	0	0	0	0	0	0	0	0	0	0	0	0	0	0	0	0	0	0	0	0	0	0	0	0	0	0	0	0	0
ASV_6073	0	0	0	0	0	0	0	0	0	0	0	0	0	0	1.2093117000906984e-4	0	0	0	0	0	0	0	0	0	0	0	0	0	0	0	0	0	0	0	0	0	0	0	0	0	0	0	0	0	0	0	0	0	0	0	0
ASV_6074	0	0	0	0	0	0	0	0	0	0	0	0	0	0	1.2093117000906984e-4	0	0	0	0	0	0	0	0	0	0	0	0	0	0	0	0	0	0	0	0	0	0	0	0	0	0	0	0	0	0	0	0	0	0	0	0
ASV_6075	0	0	0	0	0	0	0	0	0	0	0	0	0	0	1.2093117000906984e-4	0	0	0	0	0	0	0	0	0	0	0	0	0	0	0	0	0	0	0	0	0	0	0	0	0	0	0	0	0	0	0	0	0	0	0	0
ASV_6076	0	0	0	0	0	0	0	0	0	0	0	0	0	0	1.2093117000906984e-4	0	0	0	0	0	0	0	0	0	0	0	0	0	0	0	0	0	0	0	0	0	0	0	0	0	0	0	0	0	0	0	0	0	0	0	0
ASV_6079	0	0	0	0	0	0	0	0	0	0	0	0	0	0	0	0	0	1.4353723595129304e-4	0	0	0	0	0	0	0	0	0	0	0	0	0	0	0	0	0	0	0	0	0	0	0	0	0	0	0	0	0	0	0	0	0
ASV_6080	0	0	0	0	0	0	0	0	0	0	0	0	0	0	0	0	0	1.4353723595129304e-4	0	0	0	0	0	0	0	0	0	0	0	0	0	0	0	0	0	0	0	0	0	0	0	0	0	0	0	0	0	0	0	0	0
ASV_6081	0	0	0	0	0	0	0	0	0	0	0	0	0	0	0	0	0	1.4353723595129304e-4	0	0	0	0	0	0	0	0	0	0	0	0	0	0	0	0	0	0	0	0	0	0	0	0	0	0	0	0	0	0	0	0	0
ASV_6082	0	0	0	0	0	0	0	0	0	0	0	0	0	0	0	0	0	1.4353723595129304e-4	0	0	0	0	0	0	0	0	0	0	0	0	0	0	0	0	0	0	0	0	0	0	0	0	0	0	0	0	0	0	0	0	0
ASV_6083	0	0	0	0	0	0	0	0	0	0	0	0	0	0	0	0	0	0	7.082152974504249e-5	0	0	0	0	0	0	0	0	0	0	0	0	0	0	0	0	0	0	0	0	0	0	0	0	0	0	0	0	0	0	0	0
ASV_6084	0	0	0	0	0	0	0	0	0	0	0	0	0	0	0	0	0	0	7.082152974504249e-5	0	0	0	0	0	0	0	0	0	0	0	0	0	0	0	0	0	0	0	0	0	0	0	0	0	0	0	0	0	0	0	0
ASV_6085	0	0	0	0	0	0	0	0	0	0	0	0	0	0	0	0	0	0	7.082152974504249e-5	0	0	0	0	0	0	0	0	0	0	0	0	0	0	0	0	0	0	0	0	0	0	0	0	0	0	0	0	0	0	0	0
ASV_6086	0	0	0	0	0	0	0	0	0	0	0	0	0	0	0	0	0	0	7.082152974504249e-5	0	0	0	0	0	0	0	0	0	0	0	0	0	0	0	0	0	0	0	0	0	0	0	0	0	0	0	0	0	0	0	0
ASV_6087	0	0	0	0	0	0	0	0	0	0	0	0	0	0	0	0	0	0	7.082152974504249e-5	0	0	0	0	0	0	0	0	0	0	0	0	0	0	0	0	0	0	0	0	0	0	0	0	0	0	0	0	0	0	0	0
ASV_6088	0	0	0	0	0	0	0	0	0	0	0	0	0	0	0	0	0	0	7.082152974504249e-5	0	0	0	0	0	0	0	0	0	0	0	0	0	0	0	0	0	0	0	0	0	0	0	0	0	0	0	0	0	0	0	0
ASV_6089	0	0	0	0	0	0	0	0	0	0	0	0	0	0	0	0	0	0	7.082152974504249e-5	0	0	0	0	0	0	0	0	0	0	0	0	0	0	0	0	0	0	0	0	0	0	0	0	0	0	0	0	0	0	0	0
ASV_6090	0	0	0	0	0	0	0	0	0	0	0	0	0	0	0	0	0	0	0	4.781638508128785e-4	0	0	0	0	0	0	0	0	0	0	0	0	0	0	0	0	0	0	0	0	0	0	0	0	0	0	0	0	0	0	0
ASV_6091	0	0	0	0	0	0	0	0	0	0	0	0	0	0	0	0	0	0	0	4.781638508128785e-4	0	0	0	0	0	0	0	0	0	0	0	0	0	0	0	0	0	0	0	0	0	0	0	0	0	0	0	0	0	0	0
ASV_6092	0	0	0	0	0	0	0	0	0	0	0	0	0	0	0	0	0	0	0	4.781638508128785e-4	0	0	0	0	0	0	0	0	0	0	0	0	0	0	0	0	0	0	0	0	0	0	0	0	0	0	0	0	0	0	0
ASV_6094	0	0	0	0	0	0	0	0	0	0	0	0	0	0	0	0	0	0	0	0	5.390835579514825e-4	0	0	0	0	0	0	0	0	0	0	0	0	0	0	0	0	0	0	0	0	0	0	0	0	0	0	0	0	0	0
ASV_6095	0	0	0	0	0	0	0	0	0	0	0	0	0	0	0	0	0	0	0	0	5.390835579514825e-4	0	0	0	0	0	0	0	0	0	0	0	0	0	0	0	0	0	0	0	0	0	0	0	0	0	0	0	0	0	0
ASV_6105	0	0	0	0	0	0	0	0	0	0	0	0	0	0	0	0	0	0	0	0	0	0	0	0	0	0	0	0	0	0	0	0	0	0	0	0	7.352400558782443e-5	0	0	0	0	0	0	0	0	0	0	0	0	0	0
ASV_6134	0	0	0	0	0	0	0	0	0	0	0	0	0	0	0	0	0	0	0	0	0	0	0	9.742473938882214e-5	0	0	0	0	0	0	0	0	0	0	0	0	0	0	0	0	0	0	0	0	0	0	0	0	0	0	0
ASV_6135	0	0	0	0	0	0	0	0	0	0	0	0	0	0	0	0	0	0	0	0	0	0	0	9.742473938882214e-5	0	0	0	0	0	0	0	0	0	0	0	0	0	0	0	0	0	0	0	0	0	0	0	0	0	0	0
ASV_6136	0	0	0	0	0	0	0	0	0	0	0	0	0	0	0	0	0	0	0	0	0	0	0	9.742473938882214e-5	0	0	0	0	0	0	0	0	0	0	0	0	0	0	0	0	0	0	0	0	0	0	0	0	0	0	0
ASV_6137	0	0	0	0	0	0	0	0	0	0	0	0	0	0	0	0	0	0	0	0	0	0	0	9.742473938882214e-5	0	0	0	0	0	0	0	0	0	0	0	0	0	0	0	0	0	0	0	0	0	0	0	0	0	0	0
ASV_6138	0	0	0	0	0	0	0	0	0	0	0	0	0	0	0	0	0	0	0	0	0	0	0	9.742473938882214e-5	0	0	0	0	0	0	0	0	0	0	0	0	0	0	0	0	0	0	0	0	0	0	0	0	0	0	0
ASV_6148	0	0	0	0	0	0	0	0	0	0	0	0	0	0	0	0	0	0	0	0	0	0	0	0	2.1622400807236298e-4	0	0	0	0	0	0	0	0	0	0	0	0	0	0	0	0	0	0	0	0	0	0	0	0	0	0
ASV_6149	0	0	0	0	0	0	0	0	0	0	0	0	0	0	0	0	0	0	0	0	0	0	0	0	2.1622400807236298e-4	0	0	0	0	0	0	0	0	0	0	0	0	0	0	0	0	0	0	0	0	0	0	0	0	0	0
ASV_6150	0	0	0	0	0	0	0	0	0	0	0	0	0	0	0	0	0	0	0	0	0	0	0	0	2.1622400807236298e-4	0	0	0	0	0	0	0	0	0	0	0	0	0	0	0	0	0	0	0	0	0	0	0	0	0	0
ASV_6151	0	0	0	0	0	0	0	0	0	0	0	0	0	0	0	0	0	0	0	0	0	0	0	0	2.1622400807236298e-4	0	0	0	0	0	0	0	0	0	0	0	0	0	0	0	0	0	0	0	0	0	0	0	0	0	0
ASV_6152	0	0	0	0	0	0	0	0	0	0	0	0	0	0	0	0	0	0	0	0	0	0	0	0	2.1622400807236298e-4	0	0	0	0	0	0	0	0	0	0	0	0	0	0	0	0	0	0	0	0	0	0	0	0	0	0
ASV_6153	0	0	0	0	0	0	0	0	0	0	0	0	0	0	0	0	0	0	0	0	0	0	0	0	2.1622400807236298e-4	0	0	0	0	0	0	0	0	0	0	0	0	0	0	0	0	0	0	0	0	0	0	0	0	0	0
ASV_6154	0	0	0	0	0	0	0	0	0	0	0	0	0	0	0	0	0	0	0	0	0	0	0	0	2.1622400807236298e-4	0	0	0	0	0	0	0	0	0	0	0	0	0	0	0	0	0	0	0	0	0	0	0	0	0	0
ASV_6155	0	0	0	0	0	0	0	0	0	0	0	0	0	0	0	0	0	0	0	0	0	0	0	0	2.1622400807236298e-4	0	0	0	0	0	0	0	0	0	0	0	0	0	0	0	0	0	0	0	0	0	0	0	0	0	0
ASV_6156	0	0	0	0	0	0	0	0	0	0	0	0	0	0	0	0	0	0	0	0	0	0	0	0	2.1622400807236298e-4	0	0	0	0	0	0	0	0	0	0	0	0	0	0	0	0	0	0	0	0	0	0	0	0	0	0
ASV_6157	0	0	0	0	0	0	0	0	0	0	0	0	0	0	0	0	0	0	0	0	0	0	0	0	2.1622400807236298e-4	0	0	0	0	0	0	0	0	0	0	0	0	0	0	0	0	0	0	0	0	0	0	0	0	0	0
ASV_6158	0	0	0	0	0	0	0	0	0	0	0	0	0	0	0	0	0	0	0	0	0	0	0	0	2.1622400807236298e-4	0	0	0	0	0	0	0	0	0	0	0	0	0	0	0	0	0	0	0	0	0	0	0	0	0	0
ASV_6160	0	0	0	0	0	0	0	0	0	0	0	0	0	0	0	0	0	0	0	0	0	0	0	0	2.1622400807236298e-4	0	0	0	0	0	0	0	0	0	0	0	0	0	0	0	0	0	0	0	0	0	0	0	0	0	0
ASV_6161	0	0	0	0	0	0	0	0	0	0	0	0	0	0	0	0	0	0	0	0	0	0	0	0	2.1622400807236298e-4	0	0	0	0	0	0	0	0	0	0	0	0	0	0	0	0	0	0	0	0	0	0	0	0	0	0
ASV_6162	0	0	0	0	0	0	0	0	0	0	0	0	0	0	0	0	0	0	0	0	0	0	0	0	1.4414933871490865e-4	0	0	0	0	0	0	0	0	0	0	0	0	0	0	0	0	0	0	0	0	0	0	0	0	0	0
ASV_6165	0	0	0	0	0	0	0	0	0	0	0	0	0	0	0	0	0	0	0	0	0	0	0	0	0	1.5132408575031526e-4	0	0	0	0	0	0	0	0	0	0	0	0	0	0	0	0	0	0	0	0	0	0	0	0	0
ASV_6166	0	0	0	0	0	0	0	0	0	0	0	0	0	0	0	0	0	0	0	0	0	0	0	0	0	1.5132408575031526e-4	0	0	0	0	0	0	0	0	0	0	0	0	0	0	0	0	0	0	0	0	0	0	0	0	0
ASV_6167	0	0	0	0	0	0	0	0	0	0	0	0	0	0	0	0	0	0	0	0	0	0	0	0	0	7.566204287515763e-5	0	0	0	0	0	0	0	0	0	1.4031149151115475e-4	0	0	0	0	0	0	0	0	0	0	0	0	0	0	0
ASV_6178	0	0	0	0	0	0	0	0	0	0	0	0	0	0	0	0	0	0	0	0	0	0	0	0	0	0	0	3.7094281298299844e-4	0	0	0	0	0	0	0	0	0	0	0	0	0	0	0	0	0	0	0	0	0	0	0
ASV_6179	0	0	0	0	0	0	0	0	0	0	0	0	0	0	0	0	0	0	0	0	0	0	0	0	0	0	0	0	0	2.0765556863016545e-4	0	0	0	0	0	0	0	0	0	0	0	0	0	0	0	0	0	0	0	0	0
ASV_6198	0	0	0	0	0	0	0	0	0	0	0	0	0	0	0	0	0	0	0	0	0	0	0	0	0	0	0	0	0	0	0	0	0	8.966867424865124e-5	0	0	0	0	0	0	0	0	0	0	0	0	0	0	0	0	0
ASV_6199	0	0	0	0	0	0	0	0	0	0	0	0	0	0	0	0	0	0	0	0	0	0	0	0	0	0	0	0	0	0	0	0	0	8.966867424865124e-5	0	0	0	0	0	0	0	0	0	0	0	0	0	0	0	0	0
ASV_6200	0	0	0	0	0	0	0	0	0	0	0	0	0	0	0	0	0	0	0	0	0	0	0	0	0	0	0	0	0	0	0	0	0	8.966867424865124e-5	0	0	0	0	0	0	0	0	0	0	0	0	0	0	0	0	0
ASV_6201	0	0	0	0	0	0	0	0	0	0	0	0	0	0	0	0	0	0	0	0	0	0	0	0	0	0	0	0	0	0	0	0	0	0	0	2.806229830223095e-4	0	0	0	0	0	0	0	0	0	0	0	0	0	0	0
ASV_6202	0	0	0	0	0	0	0	0	0	0	0	0	0	0	0	0	0	0	0	0	0	0	0	0	0	0	0	0	0	0	0	0	0	0	0	2.806229830223095e-4	0	0	0	0	0	0	0	0	0	0	0	0	0	0	0
ASV_6212	0	0	0	0	0	0	0	0	0	0	0	0	0	0	0	0	0	0	0	0	0	0	0	0	0	0	0	0	0	0	0	0	0	0	0	0	4.4114403352694655e-4	0	0	0	0	0	0	0	0	0	0	0	0	0	0
ASV_6217	0	0	0	0	0	0	0	0	0	0	0	0	0	0	0	0	0	0	0	0	0	0	0	0	0	0	0	0	0	0	0	0	0	0	0	0	0	0	0	1.4150609655432656e-4	0	0	0	0	0	0	0	0	0	0	0
ASV_6218	0	0	0	0	0	0	0	0	0	0	0	0	0	0	0	0	0	0	0	0	0	0	0	0	0	0	0	0	0	0	0	0	0	0	0	0	0	0	0	0	5.8392455694724244e-5	0	0	0	0	0	0	0	0	0	0
ASV_6232	0	0	0	0	0	0	0	0	0	0	0	0	0	0	0	0	0	0	0	0	0	0	0	0	0	0	0	0	0	0	0	0	0	0	0	0	0	0	0	0	0	0	8.10482236930974e-5	0	0	0	0	0	0	0	0
ASV_6233	0	0	0	0	0	0	0	0	0	0	0	0	0	0	0	0	0	0	0	0	0	0	0	0	0	0	0	0	0	0	0	0	0	0	0	0	0	0	0	0	0	0	8.10482236930974e-5	0	0	0	0	0	0	0	0
ASV_6260	0	0	0	0	0	0	0	0	0	0	0	0	0	0	0	0	0	0	0	0	0	0	0	0	0	0	0	0	0	0	0	0	0	0	0	0	0	0	0	0	0	0	0	0	1.3685194899984034e-4	0	0	0	0	0	0
ASV_6261	0	0	0	0	0	0	0	0	0	0	0	0	0	0	0	0	0	0	0	0	0	0	0	0	0	0	0	0	0	0	0	0	0	0	0	0	0	0	0	0	0	0	0	0	1.3685194899984034e-4	0	0	0	0	0	0
ASV_6262	0	0	0	0	0	0	0	0	0	0	0	0	0	0	0	0	0	0	0	0	0	0	0	0	0	0	0	0	0	0	0	0	0	0	0	0	0	0	0	0	0	0	0	0	1.3685194899984034e-4	0	0	0	0	0	0
ASV_6263	0	0	0	0	0	0	0	0	0	0	0	0	0	0	0	0	0	0	0	0	0	0	0	0	0	0	0	0	0	0	0	0	0	0	0	0	0	0	0	0	0	0	0	0	1.3685194899984034e-4	0	0	0	0	0	0
ASV_6264	0	0	0	0	0	0	0	0	0	0	0	0	0	0	0	0	0	0	0	0	0	0	0	0	0	0	0	0	0	0	0	0	0	0	0	0	0	0	0	0	0	0	0	0	1.3685194899984034e-4	0	0	0	0	0	0
ASV_6265	0	0	0	0	0	0	0	0	0	0	0	0	0	0	0	0	0	0	0	0	0	0	0	0	0	0	0	0	0	0	0	0	0	0	0	0	0	0	0	0	0	0	0	0	1.3685194899984034e-4	0	0	0	0	0	0
ASV_6266	0	0	0	0	0	0	0	0	0	0	0	0	0	0	0	0	0	0	0	0	0	0	0	0	0	0	0	0	0	0	0	0	0	0	0	0	0	0	0	0	0	0	0	0	0	1.8805829807240243e-4	0	0	0	0	0
ASV_6267	0	0	0	0	0	0	0	0	0	0	0	0	0	0	0	0	0	0	0	0	0	0	0	0	0	0	0	0	0	0	0	0	0	0	0	0	0	0	0	0	0	0	0	0	0	1.8805829807240243e-4	0	0	0	0	0
ASV_6268	0	0	0	0	0	0	0	0	0	0	0	0	0	0	0	0	0	0	0	0	0	0	0	0	0	0	0	0	0	0	0	0	0	0	0	0	0	0	0	0	0	0	0	0	0	1.8805829807240243e-4	0	0	0	0	0
ASV_6269	0	0	0	0	0	0	0	0	0	0	0	0	0	0	0	0	0	0	0	0	0	0	0	0	0	0	0	0	0	0	0	0	0	0	0	0	0	0	0	0	0	0	0	0	0	1.8805829807240243e-4	0	0	0	0	0
ASV_6282	0	0	0	0	0	0	0	0	0	0	0	0	0	0	0	0	0	0	0	0	0	0	0	0	0	0	0	0	0	0	0	0	0	0	0	0	0	0	0	0	0	0	0	0	0	0	9.301027763567875e-5	0	0	0	0
ASV_6283	0	0	0	0	0	0	0	0	0	0	0	0	0	0	0	0	0	0	0	0	0	0	0	0	0	0	0	0	0	0	0	0	0	0	0	0	0	0	0	0	0	0	0	0	0	0	9.301027763567875e-5	0	0	0	0
ASV_6284	0	0	0	0	0	0	0	0	0	0	0	0	0	0	0	0	0	0	0	0	0	0	0	0	0	0	0	0	0	0	0	0	0	0	0	0	0	0	0	0	0	0	0	0	0	0	9.301027763567875e-5	0	0	0	0
ASV_6285	0	0	0	0	0	0	0	0	0	0	0	0	0	0	0	0	0	0	0	0	0	0	0	0	0	0	0	0	0	0	0	0	0	0	0	0	0	0	0	0	0	0	0	0	0	0	0	1.1358473421172194e-4	0	0	0
ASV_6286	0	0	0	0	0	0	0	0	0	0	0	0	0	0	0	0	0	0	0	0	0	0	0	0	0	0	0	0	0	0	0	0	0	0	0	0	0	0	0	0	0	0	0	0	0	0	0	0	1.3554114803352384e-4	0	0
ASV_6287	0	0	0	0	0	0	0	0	0	0	0	0	0	0	0	0	0	0	0	0	0	0	0	0	0	0	0	0	0	0	0	0	0	0	0	0	0	0	0	0	0	0	0	0	0	0	0	0	1.3554114803352384e-4	0	0
ASV_6288	0	0	0	0	0	0	0	0	0	0	0	0	0	0	0	0	0	0	0	0	0	0	0	0	0	0	0	0	0	0	0	0	0	0	0	0	0	0	0	0	0	0	0	0	0	0	0	0	1.3554114803352384e-4	0	0
ASV_6289	0	0	0	0	0	0	0	0	0	0	0	0	0	0	0	0	0	0	0	0	0	0	0	0	0	0	0	0	0	0	0	0	0	0	0	0	0	0	0	0	0	0	0	0	0	0	0	0	1.3554114803352384e-4	0	0
ASV_6291	0	0	0	0	0	0	0	0	0	0	0	0	0	0	0	0	0	0	0	0	0	0	0	0	0	0	0	0	0	0	0	0	0	0	0	0	0	0	0	0	0	0	0	0	0	0	0	0	0	6.097560975609756e-4	0
ASV_6292	0	0	0	0	0	0	0	0	0	0	0	0	0	0	0	0	0	0	0	0	0	0	0	0	0	0	0	0	0	0	0	0	0	0	0	0	0	0	0	0	0	0	0	0	0	0	0	0	0	6.097560975609756e-4	0
ASV_6293	0	0	0	0	0	0	0	0	0	0	0	0	0	0	0	0	0	0	0	0	0	0	0	0	0	0	0	0	0	0	0	0	0	0	0	0	0	0	0	0	0	0	0	0	0	0	0	0	0	6.097560975609756e-4	0
ASV_6294	0	0	0	0	0	0	0	0	0	0	0	0	0	0	0	0	0	0	0	0	0	0	0	0	0	0	0	0	0	0	0	0	0	0	0	0	0	0	0	0	0	0	0	0	0	0	0	0	0	6.097560975609756e-4	0
ASV_6295	0	0	0	0	0	0	0	0	0	0	0	0	0	0	0	0	0	0	0	0	0	0	0	0	0	0	0	0	0	0	0	0	0	0	0	0	0	0	0	0	0	0	0	0	0	0	0	0	0	6.097560975609756e-4	0
ASV_6311	0	0.001225790634959549	0	0	0	0	0	0	0	0	0	0	0	0	0	0	0	0	0	0	0	0	0	0	0	0	0	0	0	0	0	0	0	0	0	0	0	0	0	0	0	0	0	0	0	0	0	0	0	0	0
ASV_6326	0	0	0	0	0	0	0	0	0	0	0	0	0	0	0	0	0	0	0	0	0	0	0	1.6237456564803688e-5	0	0	0	0	0	0	0	0	0	0	0	0	0	0	0	0	0	0	0	0	0	0	0	0	0	0	0
ASV_6327	0	0	2.7176867050766385e-4	0	0	0	0	0	0	0	0	0	0	0	0	0	0	0	0	0	0	0	0	0	0	0	0	0	0	0	0	0	0	0	0	0	0	0	0	0	0	0	0	0	0	0	0	0	0	0	0
ASV_6328	0	0	2.7176867050766385e-4	0	0	0	0	0	0	0	0	0	0	0	0	0	0	0	0	0	0	0	0	0	0	0	0	0	0	0	0	0	0	0	0	0	0	0	0	0	0	0	0	0	0	0	0	0	0	0	0
ASV_6329	0	0	2.7176867050766385e-4	0	0	0	0	0	0	0	0	0	0	0	0	0	0	0	0	0	0	0	0	0	0	0	0	0	0	0	0	0	0	0	0	0	0	0	0	0	0	0	0	0	0	0	0	0	0	0	0
ASV_6330	0	0	1.6306120230459833e-4	0	0	0	0	0	0	0	0	0	0	0	0	0	0	0	0	0	0	0	0	0	0	0	0	0	0	0	0	0	0	0	0	0	0	0	0	0	0	0	0	0	0	0	0	0	0	0	0
ASV_6331	0	0	0	2.444151146306888e-4	0	0	0	0	0	0	0	0	0	0	0	0	0	0	0	0	0	0	0	0	0	0	0	0	0	0	0	0	0	0	0	0	0	0	0	0	0	0	0	0	0	0	0	0	0	0	0
ASV_6345	0	0	0	0	1.6705088369917476e-4	0	0	0	0	0	0	0	0	0	0	0	0	0	0	0	0	0	0	0	0	0	0	0	0	0	0	0	0	0	0	0	0	0	0	0	0	0	0	0	0	0	0	0	0	0	0
ASV_6346	0	0	0	0	0	1.6747052518756699e-4	0	0	0	0	0	0	0	0	0	0	0	0	0	0	0	0	0	0	0	0	0	0	0	0	0	0	0	0	0	0	0	0	0	0	0	0	0	0	0	0	0	0	0	0	0
ASV_6347	0	0	0	0	0	1.6747052518756699e-4	0	0	0	0	0	0	0	0	0	0	0	0	0	0	0	0	0	0	0	0	0	0	0	0	0	0	0	0	0	0	0	0	0	0	0	0	0	0	0	0	0	0	0	0	0
ASV_6363	0	0	0	0	0	0	3.0845157310302283e-4	0	0	0	0	0	0	0	0	0	0	0	0	0	0	0	0	0	0	0	0	0	0	0	0	0	0	0	0	0	0	0	0	0	0	0	0	0	0	0	0	0	0	0	0
ASV_6364	0	0	0	0	0	0	3.0845157310302283e-4	0	0	0	0	0	0	0	0	0	0	0	0	0	0	0	0	0	0	0	0	0	0	0	0	0	0	0	0	0	0	0	0	0	0	0	0	0	0	0	0	0	0	0	0
ASV_6365	0	0	0	0	0	0	3.0845157310302283e-4	0	0	0	0	0	0	0	0	0	0	0	0	0	0	0	0	0	0	0	0	0	0	0	0	0	0	0	0	0	0	0	0	0	0	0	0	0	0	0	0	0	0	0	0
ASV_6366	0	0	0	0	0	0	3.0845157310302283e-4	0	0	0	0	0	0	0	0	0	0	0	0	0	0	0	0	0	0	0	0	0	0	0	0	0	0	0	0	0	0	0	0	0	0	0	0	0	0	0	0	0	0	0	0
ASV_6367	0	0	0	0	0	0	6.169031462060457e-5	0	0	0	0	0	0	0	0	0	0	0	1.1803588290840415e-5	0	0	0	0	0	0	0	0	0	0	0	0	0	0	0	0	0	0	0	0	0	0	0	0	0	0	0	0	0	0	0	0
ASV_6374	0	0	0	0	0	0	0	0	1.2613839905143925e-4	0	0	0	0	0	0	0	0	0	0	0	0	0	0	0	0	0	0	0	0	0	0	0	0	0	0	0	0	0	0	0	0	0	0	0	0	0	0	0	0	0	0
ASV_6375	0	0	0	0	0	0	0	0	1.2613839905143925e-4	0	0	0	0	0	0	0	0	0	0	0	0	0	0	0	0	0	0	0	0	0	0	0	0	0	0	0	0	0	0	0	0	0	0	0	0	0	0	0	0	0	0
ASV_6376	0	0	0	0	0	0	0	0	1.2613839905143925e-4	0	0	0	0	0	0	0	0	0	0	0	0	0	0	0	0	0	0	0	0	0	0	0	0	0	0	0	0	0	0	0	0	0	0	0	0	0	0	0	0	0	0
ASV_6382	0	0	0	0	0	0	0	0	0	0.0014590020426028597	0	0	0	0	0	0	0	0	0	0	0	0	0	0	0	0	0	0	0	0	0	0	0	0	0	0	0	0	0	0	0	0	0	0	0	0	0	0	0	0	0
ASV_6386	0	0	0	0	0	0	0	0	0	0	0	0	1.7411895807215488e-4	0	0	0	0	0	0	0	0	0	0	0	0	0	0	0	0	0	0	0	0	0	0	0	0	0	0	0	0	0	0	0	0	0	0	0	0	0	0
ASV_6387	0	0	0	0	0	0	0	0	0	0	0	0	1.7411895807215488e-4	0	0	0	0	0	0	0	0	0	0	0	0	0	0	0	0	0	0	0	0	0	0	0	0	0	0	0	0	0	0	0	0	0	0	0	0	0	0
ASV_6388	0	0	0	0	0	0	0	0	0	0	0	0	1.7411895807215488e-4	0	0	0	0	0	0	0	0	0	0	0	0	0	0	0	0	0	0	0	0	0	0	0	0	0	0	0	0	0	0	0	0	0	0	0	0	0	0
ASV_6389	0	0	0	0	0	0	0	0	0	0	0	0	1.7411895807215488e-4	0	0	0	0	0	0	0	0	0	0	0	0	0	0	0	0	0	0	0	0	0	0	0	0	0	0	0	0	0	0	0	0	0	0	0	0	0	0
ASV_6390	0	0	0	0	0	0	0	0	0	0	0	0	1.7411895807215488e-4	0	0	0	0	0	0	0	0	0	0	0	0	0	0	0	0	0	0	0	0	0	0	0	0	0	0	0	0	0	0	0	0	0	0	0	0	0	0
ASV_6391	0	0	0	0	0	0	0	0	0	0	0	0	1.7411895807215488e-4	0	0	0	0	0	0	0	0	0	0	0	0	0	0	0	0	0	0	0	0	0	0	0	0	0	0	0	0	0	0	0	0	0	0	0	0	0	0
ASV_6392	0	0	0	0	0	0	0	0	0	0	0	0	1.7411895807215488e-4	0	0	0	0	0	0	0	0	0	0	0	0	0	0	0	0	0	0	0	0	0	0	0	0	0	0	0	0	0	0	0	0	0	0	0	0	0	0
ASV_6409	0	0	0	0	0	0	0	0	0	0	0	0	0	1.8230211105844607e-4	0	0	0	0	0	0	0	0	0	0	0	0	0	0	0	0	0	0	0	0	0	0	0	0	0	0	0	0	0	0	0	0	0	0	0	0	0
ASV_6410	0	0	0	0	0	0	0	0	0	0	0	0	0	1.8230211105844607e-4	0	0	0	0	0	0	0	0	0	0	0	0	0	0	0	0	0	0	0	0	0	0	0	0	0	0	0	0	0	0	0	0	0	0	0	0	0
ASV_6411	0	0	0	0	0	0	0	0	0	0	0	0	0	1.8230211105844607e-4	0	0	0	0	0	0	0	0	0	0	0	0	0	0	0	0	0	0	0	0	0	0	0	0	0	0	0	0	0	0	0	0	0	0	0	0	0
ASV_6412	0	0	0	0	0	0	0	0	0	0	0	0	0	1.8230211105844607e-4	0	0	0	0	0	0	0	0	0	0	0	0	0	0	0	0	0	0	0	0	0	0	0	0	0	0	0	0	0	0	0	0	0	0	0	0	0
ASV_6413	0	0	0	0	0	0	0	0	0	0	0	0	0	1.8230211105844607e-4	0	0	0	0	0	0	0	0	0	0	0	0	0	0	0	0	0	0	0	0	0	0	0	0	0	0	0	0	0	0	0	0	0	0	0	0	0
ASV_6414	0	0	0	0	0	0	0	0	0	0	0	0	0	1.8230211105844607e-4	0	0	0	0	0	0	0	0	0	0	0	0	0	0	0	0	0	0	0	0	0	0	0	0	0	0	0	0	0	0	0	0	0	0	0	0	0
ASV_6415	0	0	0	0	0	0	0	0	0	0	0	0	0	0	1.007759750075582e-4	0	0	0	0	0	0	0	0	0	0	0	0	0	0	0	0	0	0	0	0	0	0	0	0	0	0	0	0	0	0	0	0	0	0	0	0
ASV_6416	0	0	0	0	0	0	0	0	0	0	0	0	0	0	1.007759750075582e-4	0	0	0	0	0	0	0	0	0	0	0	0	0	0	0	0	0	0	0	0	0	0	0	0	0	0	0	0	0	0	0	0	0	0	0	0
ASV_6417	0	0	0	0	0	0	0	0	0	0	0	0	0	0	1.007759750075582e-4	0	0	0	0	0	0	0	0	0	0	0	0	0	0	0	0	0	0	0	0	0	0	0	0	0	0	0	0	0	0	0	0	0	0	0	0
ASV_6418	0	0	0	0	0	0	0	0	0	0	0	0	0	0	1.007759750075582e-4	0	0	0	0	0	0	0	0	0	0	0	0	0	0	0	0	0	0	0	0	0	0	0	0	0	0	0	0	0	0	0	0	0	0	0	0
ASV_6424	0	0	0	0	0	0	0	0	0	0	0	0	0	0	0	0	0	1.1961436329274419e-4	0	0	0	0	0	0	0	0	0	0	0	0	0	0	0	0	0	0	0	0	0	0	0	0	0	0	0	0	0	0	0	0	0
ASV_6425	0	0	0	0	0	0	0	0	0	0	0	0	0	0	0	0	0	1.1961436329274419e-4	0	0	0	0	0	0	0	0	0	0	0	0	0	0	0	0	0	0	0	0	0	0	0	0	0	0	0	0	0	0	0	0	0
ASV_6426	0	0	0	0	0	0	0	0	0	0	0	0	0	0	0	0	0	1.1961436329274419e-4	0	0	0	0	0	0	0	0	0	0	0	0	0	0	0	0	0	0	0	0	0	0	0	0	0	0	0	0	0	0	0	0	0
ASV_6427	0	0	0	0	0	0	0	0	0	0	0	0	0	0	0	0	0	1.1961436329274419e-4	0	0	0	0	0	0	0	0	0	0	0	0	0	0	0	0	0	0	0	0	0	0	0	0	0	0	0	0	0	0	0	0	0
ASV_6428	0	0	0	0	0	0	0	0	0	0	0	0	0	0	0	0	0	1.1961436329274419e-4	0	0	0	0	0	0	0	0	0	0	0	0	0	0	0	0	0	0	0	0	0	0	0	0	0	0	0	0	0	0	0	0	0
ASV_6429	0	0	0	0	0	0	0	0	0	0	0	0	0	0	0	0	0	0	5.901794145420208e-5	0	0	0	0	0	0	0	0	0	0	0	0	0	0	0	0	0	0	0	0	0	0	0	0	0	0	0	0	0	0	0	0
ASV_6430	0	0	0	0	0	0	0	0	0	0	0	0	0	0	0	0	0	0	5.901794145420208e-5	0	0	0	0	0	0	0	0	0	0	0	0	0	0	0	0	0	0	0	0	0	0	0	0	0	0	0	0	0	0	0	0
ASV_6431	0	0	0	0	0	0	0	0	0	0	0	0	0	0	0	0	0	0	5.901794145420208e-5	0	0	0	0	0	0	0	0	0	0	0	0	0	0	0	0	0	0	0	0	0	0	0	0	0	0	0	0	0	0	0	0
ASV_6432	0	0	0	0	0	0	0	0	0	0	0	0	0	0	0	0	0	0	5.901794145420208e-5	0	0	0	0	0	0	0	0	0	0	0	0	0	0	0	0	0	0	0	0	0	0	0	0	0	0	0	0	0	0	0	0
ASV_6433	0	0	0	0	0	0	0	0	0	0	0	0	0	0	0	0	0	0	5.901794145420208e-5	0	0	0	0	0	0	0	0	0	0	0	0	0	0	0	0	0	0	0	0	0	0	0	0	0	0	0	0	0	0	0	0
ASV_6434	0	0	0	0	0	0	0	0	0	0	0	0	0	0	0	0	0	0	5.901794145420208e-5	0	0	0	0	0	0	0	0	0	0	0	0	0	0	0	0	0	0	0	0	0	0	0	0	0	0	0	0	0	0	0	0
ASV_6435	0	0	0	0	0	0	0	0	0	0	0	0	0	0	0	0	0	0	5.901794145420208e-5	0	0	0	0	0	0	0	0	0	0	0	0	0	0	0	0	0	0	0	0	0	0	0	0	0	0	0	0	0	0	0	0
ASV_6436	0	0	0	0	0	0	0	0	0	0	0	0	0	0	0	0	0	0	5.901794145420208e-5	0	0	0	0	0	0	0	0	0	0	0	0	0	0	0	0	0	0	0	0	0	0	0	0	0	0	0	0	0	0	0	0
ASV_6437	0	0	0	0	0	0	0	0	0	0	0	0	0	0	0	0	0	0	5.901794145420208e-5	0	0	0	0	0	0	0	0	0	0	0	0	0	0	0	0	0	0	0	0	0	0	0	0	0	0	0	0	0	0	0	0
ASV_6438	0	0	0	0	0	0	0	0	0	0	0	0	0	0	0	0	0	0	5.901794145420208e-5	0	0	0	0	0	0	0	0	0	0	0	0	0	0	0	0	0	0	0	0	0	0	0	0	0	0	0	0	0	0	0	0
ASV_6439	0	0	0	0	0	0	0	0	0	0	0	0	0	0	0	0	0	0	5.901794145420208e-5	0	0	0	0	0	0	0	0	0	0	0	0	0	0	0	0	0	0	0	0	0	0	0	0	0	0	0	0	0	0	0	0
ASV_6440	0	0	0	0	0	0	0	0	0	0	0	0	0	0	0	0	0	0	5.901794145420208e-5	0	0	0	0	0	0	0	0	0	0	0	0	0	0	0	0	0	0	0	0	0	0	0	0	0	0	0	0	0	0	0	0
ASV_6441	0	0	0	0	0	0	0	0	0	0	0	0	0	0	0	0	0	0	5.901794145420208e-5	0	0	0	0	0	0	0	0	0	0	0	0	0	0	0	0	0	0	0	0	0	0	0	0	0	0	0	0	0	0	0	0
ASV_6442	0	0	0	0	0	0	0	0	0	0	0	0	0	0	0	0	0	0	0	3.984698756773988e-4	0	0	0	0	0	0	0	0	0	0	0	0	0	0	0	0	0	0	0	0	0	0	0	0	0	0	0	0	0	0	0
ASV_6443	0	0	0	0	0	0	0	0	0	0	0	0	0	0	0	0	0	0	0	3.984698756773988e-4	0	0	0	0	0	0	0	0	0	0	0	0	0	0	0	0	0	0	0	0	0	0	0	0	0	0	0	0	0	0	0
ASV_6444	0	0	0	0	0	0	0	0	0	0	0	0	0	0	0	0	0	0	0	3.984698756773988e-4	0	0	0	0	0	0	0	0	0	0	0	0	0	0	0	0	0	0	0	0	0	0	0	0	0	0	0	0	0	0	0
ASV_6445	0	0	0	0	0	0	0	0	0	0	0	0	0	0	0	0	0	0	0	3.984698756773988e-4	0	0	0	0	0	0	0	0	0	0	0	0	0	0	0	0	0	0	0	0	0	0	0	0	0	0	0	0	0	0	0
ASV_6472	0	0	0	0	0	0	0	0	0	0	0	0	0	0	0	0	0	0	0	0	0	0	0	0	7.207466935745433e-5	0	0	0	0	0	0	0	0	0	0	0	0	0	0	0	0	0	0	0	0	0	0	0	0	0	0
ASV_6473	0	0	0	0	0	0	0	0	0	0	0	0	0	0	0	0	0	0	0	0	0	0	5.982793485934453e-5	0	0	0	0	0	0	0	0	0	0	0	0	0	0	0	0	0	0	0	0	0	0	0	0	0	0	0	0
ASV_6495	0	0	0	0	0	0	0	0	0	0	0	0	0	0	0	0	0	0	0	0	0	0	0	8.118728282401844e-5	0	0	0	0	0	0	0	0	0	0	0	0	0	0	0	0	0	0	0	0	0	0	0	0	0	0	0
ASV_6502	0	0	0	0	0	0	0	0	0	0	0	0	0	0	0	0	0	0	0	0	0	0	0	0	1.8018667339363581e-4	0	0	0	0	0	0	0	0	0	0	0	0	0	0	0	0	0	0	0	0	0	0	0	0	0	0
ASV_6503	0	0	0	0	0	0	0	0	0	0	0	0	0	0	0	0	0	0	0	0	0	0	0	0	1.8018667339363581e-4	0	0	0	0	0	0	0	0	0	0	0	0	0	0	0	0	0	0	0	0	0	0	0	0	0	0
ASV_6504	0	0	0	0	0	0	0	0	0	0	0	0	0	0	0	0	0	0	0	0	0	0	0	0	1.8018667339363581e-4	0	0	0	0	0	0	0	0	0	0	0	0	0	0	0	0	0	0	0	0	0	0	0	0	0	0
ASV_6505	0	0	0	0	0	0	0	0	0	0	0	0	0	0	0	0	0	0	0	0	0	0	0	0	1.8018667339363581e-4	0	0	0	0	0	0	0	0	0	0	0	0	0	0	0	0	0	0	0	0	0	0	0	0	0	0
ASV_6506	0	0	0	0	0	0	0	0	0	0	0	0	0	0	0	0	0	0	0	0	0	0	0	0	1.8018667339363581e-4	0	0	0	0	0	0	0	0	0	0	0	0	0	0	0	0	0	0	0	0	0	0	0	0	0	0
ASV_6507	0	0	0	0	0	0	0	0	0	0	0	0	0	0	0	0	0	0	0	0	0	0	0	0	1.8018667339363581e-4	0	0	0	0	0	0	0	0	0	0	0	0	0	0	0	0	0	0	0	0	0	0	0	0	0	0
ASV_6508	0	0	0	0	0	0	0	0	0	0	0	0	0	0	0	0	0	0	0	0	0	0	0	0	1.8018667339363581e-4	0	0	0	0	0	0	0	0	0	0	0	0	0	0	0	0	0	0	0	0	0	0	0	0	0	0
ASV_6509	0	0	0	0	0	0	0	0	0	0	0	0	0	0	0	0	0	0	0	0	0	0	0	0	1.8018667339363581e-4	0	0	0	0	0	0	0	0	0	0	0	0	0	0	0	0	0	0	0	0	0	0	0	0	0	0
ASV_6510	0	0	0	0	0	0	0	0	0	0	0	0	0	0	0	0	0	0	0	0	0	0	0	0	1.8018667339363581e-4	0	0	0	0	0	0	0	0	0	0	0	0	0	0	0	0	0	0	0	0	0	0	0	0	0	0
ASV_6511	0	0	0	0	0	0	0	0	0	0	0	0	0	0	0	0	0	0	0	0	0	0	0	0	1.8018667339363581e-4	0	0	0	0	0	0	0	0	0	0	0	0	0	0	0	0	0	0	0	0	0	0	0	0	0	0
ASV_6512	0	0	0	0	0	0	0	0	0	0	0	0	0	0	0	0	0	0	0	0	0	0	0	0	1.8018667339363581e-4	0	0	0	0	0	0	0	0	0	0	0	0	0	0	0	0	0	0	0	0	0	0	0	0	0	0
ASV_6513	0	0	0	0	0	0	0	0	0	0	0	0	0	0	0	0	0	0	0	0	0	0	0	0	1.8018667339363581e-4	0	0	0	0	0	0	0	0	0	0	0	0	0	0	0	0	0	0	0	0	0	0	0	0	0	0
ASV_6515	0	0	0	0	0	0	0	0	0	0	0	0	0	0	0	0	0	0	0	0	0	0	0	0	0	1.2610340479192938e-4	0	0	0	0	0	0	0	0	0	0	0	0	0	0	0	0	0	0	0	0	0	0	0	0	0
ASV_6516	0	0	0	0	0	0	0	0	0	0	0	0	0	0	0	0	0	0	0	0	0	0	0	0	0	1.2610340479192938e-4	0	0	0	0	0	0	0	0	0	0	0	0	0	0	0	0	0	0	0	0	0	0	0	0	0
ASV_6517	0	0	0	0	0	0	0	0	0	0	0	0	0	0	0	0	0	0	0	0	0	0	0	0	0	1.2610340479192938e-4	0	0	0	0	0	0	0	0	0	0	0	0	0	0	0	0	0	0	0	0	0	0	0	0	0
ASV_6518	0	0	0	0	0	0	0	0	0	0	0	0	0	0	0	0	0	0	0	0	0	0	0	0	0	1.2610340479192938e-4	0	0	0	0	0	0	0	0	0	0	0	0	0	0	0	0	0	0	0	0	0	0	0	0	0
ASV_6519	0	0	0	0	0	0	0	0	0	0	0	0	0	0	0	0	0	0	0	0	0	0	0	0	0	1.2610340479192938e-4	0	0	0	0	0	0	0	0	0	0	0	0	0	0	0	0	0	0	0	0	0	0	0	0	0
ASV_6526	0	0	0	0	0	0	0	0	0	0	0	0	0	0	0	0	0	0	0	0	0	0	0	0	0	0	1.5962711106854387e-4	0	0	0	0	0	0	0	0	0	0	0	0	0	0	0	0	0	0	0	0	0	0	0	0
ASV_6527	0	0	0	0	0	0	0	0	0	0	0	0	0	0	0	0	0	0	0	0	0	0	0	0	0	0	1.5962711106854387e-4	0	0	0	0	0	0	0	0	0	0	0	0	0	0	0	0	0	0	0	0	0	0	0	0
ASV_6528	0	0	0	0	0	0	0	0	0	0	0	0	0	0	0	0	0	0	0	0	0	0	0	0	0	0	1.5962711106854387e-4	0	0	0	0	0	0	0	0	0	0	0	0	0	0	0	0	0	0	0	0	0	0	0	0
ASV_6555	0	0	0	0	0	0	0	0	0	0	0	0	0	0	0	0	0	0	0	0	0	0	0	0	0	0	0	0	0	0	0	0	0	7.472389520720936e-5	0	0	0	0	0	0	0	0	0	0	0	0	0	0	0	0	0
ASV_6556	0	0	0	0	0	0	0	0	0	0	0	0	0	0	0	0	0	0	0	0	0	0	0	0	0	0	0	0	0	0	0	0	0	7.472389520720936e-5	0	0	0	0	0	0	0	0	0	0	0	0	0	0	0	0	0
ASV_6557	0	0	0	0	0	0	0	0	0	0	0	0	0	0	0	0	0	0	0	0	0	0	0	0	0	0	0	0	0	0	0	0	0	7.472389520720936e-5	0	0	0	0	0	0	0	0	0	0	0	0	0	0	0	0	0
ASV_6558	0	0	0	0	0	0	0	0	0	0	0	0	0	0	0	0	0	0	0	0	0	0	0	0	0	0	0	0	0	0	0	0	0	7.472389520720936e-5	0	0	0	0	0	0	0	0	0	0	0	0	0	0	0	0	0
ASV_6559	0	0	0	0	0	0	0	0	0	0	0	0	0	0	0	0	0	0	0	0	0	0	0	0	0	0	0	0	0	0	0	0	0	7.472389520720936e-5	0	0	0	0	0	0	0	0	0	0	0	0	0	0	0	0	0
ASV_6560	0	0	0	0	0	0	0	0	0	0	0	0	0	0	0	0	0	0	0	0	0	0	0	0	0	0	0	0	0	0	0	0	0	7.472389520720936e-5	0	0	0	0	0	0	0	0	0	0	0	0	0	0	0	0	0
ASV_6562	0	0	0	0	0	0	0	0	0	0	0	0	0	0	0	0	0	0	0	0	0	0	0	0	0	0	0	0	0	0	0	0	0	0	0	2.338524858519246e-4	0	0	0	0	0	0	0	0	0	0	0	0	0	0	0
ASV_6563	0	0	0	0	0	0	0	0	0	0	0	0	0	0	0	0	0	0	0	0	0	0	0	0	0	0	0	0	0	0	0	0	0	0	0	2.338524858519246e-4	0	0	0	0	0	0	0	0	0	0	0	0	0	0	0
ASV_6564	0	0	0	0	0	0	0	0	0	0	0	0	0	0	0	0	0	0	0	0	0	0	0	0	0	0	0	0	0	0	0	0	0	0	0	2.338524858519246e-4	0	0	0	0	0	0	0	0	0	0	0	0	0	0	0
ASV_6566	0	0	0	0	0	0	0	0	0	0	0	0	0	0	0	0	0	0	0	0	0	0	0	0	0	0	0	0	0	0	0	0	0	0	0	2.338524858519246e-4	0	0	0	0	0	0	0	0	0	0	0	0	0	0	0
ASV_6567	0	0	0	0	0	0	0	0	0	0	0	0	0	0	0	0	0	0	0	0	0	0	0	0	0	0	0	0	0	0	0	0	0	0	0	2.338524858519246e-4	0	0	0	0	0	0	0	0	0	0	0	0	0	0	0
ASV_6587	0	0	0	0	0	0	0	0	0	0	0	0	0	0	0	0	0	0	0	0	0	0	0	0	0	0	0	0	0	0	0	0	0	0	0	0	0	0	0	1.1792174712860545e-4	0	0	0	0	0	0	0	0	0	0	0
ASV_6588	0	0	0	0	0	0	0	0	0	0	0	0	0	0	0	0	0	0	0	0	0	0	0	0	0	0	0	0	0	0	0	0	0	0	0	0	0	0	0	1.1792174712860545e-4	0	0	0	0	0	0	0	0	0	0	0
ASV_6589	0	0	0	0	0	0	0	0	0	0	0	0	0	0	0	0	0	0	0	0	0	0	0	0	0	0	0	0	0	0	0	0	0	0	0	0	0	0	0	1.1792174712860545e-4	0	0	0	0	0	0	0	0	0	0	0
ASV_6590	0	0	0	0	0	0	0	0	0	0	0	0	0	0	0	0	0	0	0	0	0	0	0	0	0	0	0	0	0	0	0	0	0	0	0	0	0	0	0	1.1792174712860545e-4	0	0	0	0	0	0	0	0	0	0	0
ASV_6591	0	0	0	0	0	0	0	0	0	0	0	0	0	0	0	0	0	0	0	0	0	0	0	0	0	0	0	0	0	0	0	0	0	0	0	0	0	0	0	1.1792174712860545e-4	0	0	0	0	0	0	0	0	0	0	0
ASV_6592	0	0	0	0	0	0	0	0	0	0	0	0	0	0	0	0	0	0	0	0	0	0	0	0	0	0	0	0	0	0	0	0	0	0	0	0	0	0	0	1.1792174712860545e-4	0	0	0	0	0	0	0	0	0	0	0
ASV_6593	0	0	0	0	0	0	0	0	0	0	0	0	0	0	0	0	0	0	0	0	0	0	0	0	0	0	0	0	0	0	0	0	0	0	0	0	0	0	0	0	4.866037974560353e-5	0	0	0	0	0	0	0	0	0	0
ASV_6612	0	0	0	0	0	0	0	0	0	0	0	0	0	0	0	0	0	0	0	0	0	0	0	0	0	0	0	0	0	0	0	0	0	0	0	0	0	0	0	0	0	6.28456510809452e-4	0	0	0	0	0	0	0	0	0
ASV_6613	0	0	0	0	0	0	0	0	0	0	0	0	0	0	0	0	0	0	0	0	0	0	0	0	0	0	0	0	0	0	0	0	0	0	0	0	0	0	0	0	0	0	6.754018641091449e-5	0	0	0	0	0	0	0	0
ASV_6614	0	0	0	0	0	0	0	0	0	0	0	0	0	0	0	0	0	0	0	0	0	0	0	0	0	0	0	0	0	0	0	0	0	0	0	0	0	0	0	0	0	0	6.754018641091449e-5	0	0	0	0	0	0	0	0
ASV_6615	0	0	0	0	0	0	0	0	0	0	0	0	0	0	0	0	0	0	0	0	0	0	0	0	0	0	0	0	0	0	0	0	0	0	0	0	0	0	0	0	0	0	6.754018641091449e-5	0	0	0	0	0	0	0	0
ASV_6616	0	0	0	0	0	0	0	0	0	0	0	0	0	0	0	0	0	0	0	0	0	0	0	0	0	0	0	0	0	0	0	0	0	0	0	0	0	0	0	0	0	0	6.754018641091449e-5	0	0	0	0	0	0	0	0
ASV_6617	0	0	0	0	0	0	0	0	0	0	0	0	0	0	0	0	0	0	0	0	0	0	0	0	0	0	0	0	0	0	0	0	0	0	0	0	0	0	0	0	0	0	6.754018641091449e-5	0	0	0	0	0	0	0	0
ASV_6619	0	0	0	0	0	0	0	0	0	0	0	0	0	0	0	0	0	0	0	0	0	0	0	0	0	0	0	0	0	0	0	0	0	0	0	0	0	0	0	0	0	0	0	4.76009139375476e-4	0	0	0	0	0	0	0
ASV_6620	0	0	0	0	0	0	0	0	0	0	0	0	0	0	0	0	0	0	0	0	0	0	0	0	0	0	0	0	0	0	0	0	0	0	0	0	0	0	0	0	0	0	0	4.76009139375476e-4	0	0	0	0	0	0	0
ASV_6640	0	0	0	0	0	0	0	0	0	0	0	0	0	0	0	0	0	0	0	0	0	0	0	0	0	0	0	0	0	0	0	0	0	0	0	0	0	0	0	0	0	0	0	0	1.1404329083320029e-4	0	0	0	0	0	0
ASV_6641	0	0	0	0	0	0	0	0	0	0	0	0	0	0	0	0	0	0	0	0	0	0	0	0	0	0	0	0	0	0	0	0	0	0	0	0	0	0	0	0	0	0	0	0	1.1404329083320029e-4	0	0	0	0	0	0
ASV_6642	0	0	0	0	0	0	0	0	0	0	0	0	0	0	0	0	0	0	0	0	0	0	0	0	0	0	0	0	0	0	0	0	0	0	0	0	0	0	0	0	0	0	0	0	1.1404329083320029e-4	0	0	0	0	0	0
ASV_6643	0	0	0	0	0	0	0	0	0	0	0	0	0	0	0	0	0	0	0	0	0	0	0	0	0	0	0	0	0	0	0	0	0	0	0	0	0	0	0	0	0	0	0	0	1.1404329083320029e-4	0	0	0	0	0	0
ASV_6644	0	0	0	0	0	0	0	0	0	0	0	0	0	0	0	0	0	0	0	0	0	0	0	0	0	0	0	0	0	0	0	0	0	0	0	0	0	0	0	0	0	0	0	0	0	1.567152483936687e-4	0	0	0	0	0
ASV_6662	0	0	0	0	0	0	0	0	0	0	0	0	0	0	0	0	0	0	0	0	0	0	0	0	0	0	0	0	0	0	0	0	0	0	0	0	0	0	0	0	0	0	0	0	0	0	7.750856469639895e-5	0	0	0	0
ASV_6663	0	0	0	0	0	0	0	0	0	0	0	0	0	0	0	0	0	0	0	0	0	0	0	0	0	0	0	0	0	0	0	0	0	0	0	0	0	0	0	0	0	0	0	0	0	0	7.750856469639895e-5	0	0	0	0
ASV_6664	0	0	0	0	0	0	0	0	0	0	0	0	0	0	0	0	0	0	0	0	0	0	0	0	0	0	0	0	0	0	0	0	0	0	0	0	0	0	0	0	0	0	0	0	0	0	0	9.465394517643495e-5	0	0	0
ASV_6665	0	0	0	0	0	0	0	0	0	0	0	0	0	0	0	0	0	0	0	0	0	0	0	0	0	0	0	0	0	0	0	0	0	0	0	0	0	0	0	0	0	0	0	0	0	0	0	0	1.129509566946032e-4	0	0
ASV_6671	0	0	0	0	0	0	0	0	0	0	0	0	0	0	0	0	0	0	0	0	0	0	0	0	0	0	0	0	0	0	0	0	0	0	0	0	0	0	0	0	0	0	0	0	0	0	0	0	0	5.081300813008131e-4	0
ASV_6672	0	0	0	0	0	0	0	0	0	0	0	0	0	0	0	0	0	0	0	0	0	0	0	0	0	0	0	0	0	0	0	0	0	0	0	0	0	0	0	0	0	0	0	0	0	0	0	0	0	5.081300813008131e-4	0
ASV_6673	0	0	0	0	0	0	0	0	0	0	0	0	0	0	0	0	0	0	0	0	0	0	0	0	0	0	0	0	0	0	0	0	0	0	0	0	0	0	0	0	0	0	0	0	0	0	0	0	0	5.081300813008131e-4	0
ASV_6675	0	0	0	0	0	0	0	0	0	0	0	0	0	0	0	0	0	0	0	0	0	0	0	0	0	0	0	0	0	0	0	0	0	0	0	0	0	0	0	0	0	0	0	0	0	0	0	0	0	5.081300813008131e-4	0
ASV_6701	0	9.80632507967639e-4	0	0	0	0	0	0	0	0	0	0	0	0	0	0	0	0	0	0	0	0	0	0	0	0	0	0	0	0	0	0	0	0	0	0	0	0	0	0	0	0	0	0	0	0	0	0	0	0	0
ASV_6733	0	0	2.174149364061311e-4	0	0	0	0	0	0	0	0	0	0	0	0	0	0	0	0	0	0	0	0	0	0	0	0	0	0	0	0	0	0	0	0	0	0	0	0	0	0	0	0	0	0	0	0	0	0	0	0
ASV_6734	0	0	2.174149364061311e-4	0	0	0	0	0	0	0	0	0	0	0	0	0	0	0	0	0	0	0	0	0	0	0	0	0	0	0	0	0	0	0	0	0	0	0	0	0	0	0	0	0	0	0	0	0	0	0	0
ASV_6735	0	0	2.174149364061311e-4	0	0	0	0	0	0	0	0	0	0	0	0	0	0	0	0	0	0	0	0	0	0	0	0	0	0	0	0	0	0	0	0	0	0	0	0	0	0	0	0	0	0	0	0	0	0	0	0
ASV_6736	0	0	2.174149364061311e-4	0	0	0	0	0	0	0	0	0	0	0	0	0	0	0	0	0	0	0	0	0	0	0	0	0	0	0	0	0	0	0	0	0	0	0	0	0	0	0	0	0	0	0	0	0	0	0	0
ASV_6737	0	0	2.174149364061311e-4	0	0	0	0	0	0	0	0	0	0	0	0	0	0	0	0	0	0	0	0	0	0	0	0	0	0	0	0	0	0	0	0	0	0	0	0	0	0	0	0	0	0	0	0	0	0	0	0
ASV_6738	0	0	2.174149364061311e-4	0	0	0	0	0	0	0	0	0	0	0	0	0	0	0	0	0	0	0	0	0	0	0	0	0	0	0	0	0	0	0	0	0	0	0	0	0	0	0	0	0	0	0	0	0	0	0	0
ASV_6739	0	0	5.4353734101532776e-5	0	0	0	0	0	0	0	0	0	0	0	0	0	0	0	0	0	0	0	0	0	0	0	0	0	0	0	0	0	0	0	0	0	0	0	0	0	0	0	0	0	0	0	0	5.679236710586097e-5	0	0	0
ASV_6740	0	0	0	1.9553209170455101e-4	0	0	0	0	0	0	0	0	0	0	0	0	0	0	0	0	0	0	0	0	0	0	0	0	0	0	0	0	0	0	0	0	0	0	0	0	0	0	0	0	0	0	0	0	0	0	0
ASV_6753	0	0	0	0	1.336407069593398e-4	0	0	0	0	0	0	0	0	0	0	0	0	0	0	0	0	0	0	0	0	0	0	0	0	0	0	0	0	0	0	0	0	0	0	0	0	0	0	0	0	0	0	0	0	0	0
ASV_6755	0	0	0	0	0	1.339764201500536e-4	0	0	0	0	0	0	0	0	0	0	0	0	0	0	0	0	0	0	0	0	0	0	0	0	0	0	0	0	0	0	0	0	0	0	0	0	0	0	0	0	0	0	0	0	0
ASV_6771	0	0	0	0	0	0	2.4676125848241827e-4	0	0	0	0	0	0	0	0	0	0	0	0	0	0	0	0	0	0	0	0	0	0	0	0	0	0	0	0	0	0	0	0	0	0	0	0	0	0	0	0	0	0	0	0
ASV_6772	0	0	0	0	0	0	2.4676125848241827e-4	0	0	0	0	0	0	0	0	0	0	0	0	0	0	0	0	0	0	0	0	0	0	0	0	0	0	0	0	0	0	0	0	0	0	0	0	0	0	0	0	0	0	0	0
ASV_6773	0	0	0	0	0	0	2.4676125848241827e-4	0	0	0	0	0	0	0	0	0	0	0	0	0	0	0	0	0	0	0	0	0	0	0	0	0	0	0	0	0	0	0	0	0	0	0	0	0	0	0	0	0	0	0	0
ASV_6774	0	0	0	0	0	0	2.4676125848241827e-4	0	0	0	0	0	0	0	0	0	0	0	0	0	0	0	0	0	0	0	0	0	0	0	0	0	0	0	0	0	0	0	0	0	0	0	0	0	0	0	0	0	0	0	0
ASV_6775	0	0	0	0	0	0	2.4676125848241827e-4	0	0	0	0	0	0	0	0	0	0	0	0	0	0	0	0	0	0	0	0	0	0	0	0	0	0	0	0	0	0	0	0	0	0	0	0	0	0	0	0	0	0	0	0
ASV_6776	0	0	0	0	0	0	2.4676125848241827e-4	0	0	0	0	0	0	0	0	0	0	0	0	0	0	0	0	0	0	0	0	0	0	0	0	0	0	0	0	0	0	0	0	0	0	0	0	0	0	0	0	0	0	0	0
ASV_6777	0	0	0	0	0	0	0	0.003956478733926805	0	0	0	0	0	0	0	0	0	0	0	0	0	0	0	0	0	0	0	0	0	0	0	0	0	0	0	0	0	0	0	0	0	0	0	0	0	0	0	0	0	0	0
ASV_6787	0	0	0	0	0	0	0	0	1.0091071924115139e-4	0	0	0	0	0	0	0	0	0	0	0	0	0	0	0	0	0	0	0	0	0	0	0	0	0	0	0	0	0	0	0	0	0	0	0	0	0	0	0	0	0	0
ASV_6788	0	0	0	0	0	0	0	0	1.0091071924115139e-4	0	0	0	0	0	0	0	0	0	0	0	0	0	0	0	0	0	0	0	0	0	0	0	0	0	0	0	0	0	0	0	0	0	0	0	0	0	0	0	0	0	0
ASV_6789	0	0	0	0	0	0	0	0	1.0091071924115139e-4	0	0	0	0	0	0	0	0	0	0	0	0	0	0	0	0	0	0	0	0	0	0	0	0	0	0	0	0	0	0	0	0	0	0	0	0	0	0	0	0	0	0
ASV_6790	0	0	0	0	0	0	0	0	1.0091071924115139e-4	0	0	0	0	0	0	0	0	0	0	0	0	0	0	0	0	0	0	0	0	0	0	0	0	0	0	0	0	0	0	0	0	0	0	0	0	0	0	0	0	0	0
ASV_6791	0	0	0	0	0	0	0	0	1.0091071924115139e-4	0	0	0	0	0	0	0	0	0	0	0	0	0	0	0	0	0	0	0	0	0	0	0	0	0	0	0	0	0	0	0	0	0	0	0	0	0	0	0	0	0	0
ASV_6797	0	0	0	0	0	0	0	0	0	0.0011672016340822876	0	0	0	0	0	0	0	0	0	0	0	0	0	0	0	0	0	0	0	0	0	0	0	0	0	0	0	0	0	0	0	0	0	0	0	0	0	0	0	0	0
ASV_6798	0	0	0	0	0	0	0	0	0	0.0011672016340822876	0	0	0	0	0	0	0	0	0	0	0	0	0	0	0	0	0	0	0	0	0	0	0	0	0	0	0	0	0	0	0	0	0	0	0	0	0	0	0	0	0
ASV_6806	0	0	0	0	0	0	0	0	0	0	0	0	1.392951664577239e-4	0	0	0	0	0	0	0	0	0	0	0	0	0	0	0	0	0	0	0	0	0	0	0	0	0	0	0	0	0	0	0	0	0	0	0	0	0	0
ASV_6807	0	0	0	0	0	0	0	0	0	0	0	0	1.392951664577239e-4	0	0	0	0	0	0	0	0	0	0	0	0	0	0	0	0	0	0	0	0	0	0	0	0	0	0	0	0	0	0	0	0	0	0	0	0	0	0
ASV_6808	0	0	0	0	0	0	0	0	0	0	0	0	1.392951664577239e-4	0	0	0	0	0	0	0	0	0	0	0	0	0	0	0	0	0	0	0	0	0	0	0	0	0	0	0	0	0	0	0	0	0	0	0	0	0	0
ASV_6826	0	0	0	0	0	0	0	0	0	0	0	0	0	1.4584168884675683e-4	0	0	0	0	0	0	0	0	0	0	0	0	0	0	0	0	0	0	0	0	0	0	0	0	0	0	0	0	0	0	0	0	0	0	0	0	0
ASV_6827	0	0	0	0	0	0	0	0	0	0	0	0	0	1.4584168884675683e-4	0	0	0	0	0	0	0	0	0	0	0	0	0	0	0	0	0	0	0	0	0	0	0	0	0	0	0	0	0	0	0	0	0	0	0	0	0
ASV_6828	0	0	0	0	0	0	0	0	0	0	0	0	0	1.4584168884675683e-4	0	0	0	0	0	0	0	0	0	0	0	0	0	0	0	0	0	0	0	0	0	0	0	0	0	0	0	0	0	0	0	0	0	0	0	0	0
ASV_6829	0	0	0	0	0	0	0	0	0	0	0	0	0	1.4584168884675683e-4	0	0	0	0	0	0	0	0	0	0	0	0	0	0	0	0	0	0	0	0	0	0	0	0	0	0	0	0	0	0	0	0	0	0	0	0	0
ASV_6830	0	0	0	0	0	0	0	0	0	0	0	0	0	1.4584168884675683e-4	0	0	0	0	0	0	0	0	0	0	0	0	0	0	0	0	0	0	0	0	0	0	0	0	0	0	0	0	0	0	0	0	0	0	0	0	0
ASV_6831	0	0	0	0	0	0	0	0	0	0	0	0	0	1.4584168884675683e-4	0	0	0	0	0	0	0	0	0	0	0	0	0	0	0	0	0	0	0	0	0	0	0	0	0	0	0	0	0	0	0	0	0	0	0	0	0
ASV_6832	0	0	0	0	0	0	0	0	0	0	0	0	0	1.4584168884675683e-4	0	0	0	0	0	0	0	0	0	0	0	0	0	0	0	0	0	0	0	0	0	0	0	0	0	0	0	0	0	0	0	0	0	0	0	0	0
ASV_6833	0	0	0	0	0	0	0	0	0	0	0	0	0	0	8.062078000604655e-5	0	0	0	0	0	0	0	0	0	0	0	0	0	0	0	0	0	0	0	0	0	0	0	0	0	0	0	0	0	0	0	0	0	0	0	0
ASV_6834	0	0	0	0	0	0	0	0	0	0	0	0	0	0	8.062078000604655e-5	0	0	0	0	0	0	0	0	0	0	0	0	0	0	0	0	0	0	0	0	0	0	0	0	0	0	0	0	0	0	0	0	0	0	0	0
ASV_6835	0	0	0	0	0	0	0	0	0	0	0	0	0	0	8.062078000604655e-5	0	0	0	0	0	0	0	0	0	0	0	0	0	0	0	0	0	0	0	0	0	0	0	0	0	0	0	0	0	0	0	0	0	0	0	0
ASV_6836	0	0	0	0	0	0	0	0	0	0	0	0	0	0	8.062078000604655e-5	0	0	0	0	0	0	0	0	0	0	0	0	0	0	0	0	0	0	0	0	0	0	0	0	0	0	0	0	0	0	0	0	0	0	0	0
ASV_6837	0	0	0	0	0	0	0	0	0	0	0	0	0	0	8.062078000604655e-5	0	0	0	0	0	0	0	0	0	0	0	0	0	0	0	0	0	0	0	0	0	0	0	0	0	0	0	0	0	0	0	0	0	0	0	0
ASV_6839	0	0	0	0	0	0	0	0	0	0	0	0	0	0	0	0	1.827151470856934e-4	0	0	0	0	0	0	0	0	0	0	0	0	0	0	0	0	0	0	0	0	0	0	0	0	0	0	0	0	0	0	0	0	0	0
ASV_6841	0	0	0	0	0	0	0	0	0	0	0	0	0	0	0	0	0	0	4.721435316336166e-5	0	0	0	0	0	0	0	0	0	0	0	0	0	0	0	0	0	0	0	0	0	0	0	0	0	0	0	0	0	0	0	0
ASV_6842	0	0	0	0	0	0	0	0	0	0	0	0	0	0	0	0	0	0	4.721435316336166e-5	0	0	0	0	0	0	0	0	0	0	0	0	0	0	0	0	0	0	0	0	0	0	0	0	0	0	0	0	0	0	0	0
ASV_6843	0	0	0	0	0	0	0	0	0	0	0	0	0	0	0	0	0	0	4.721435316336166e-5	0	0	0	0	0	0	0	0	0	0	0	0	0	0	0	0	0	0	0	0	0	0	0	0	0	0	0	0	0	0	0	0
ASV_6844	0	0	0	0	0	0	0	0	0	0	0	0	0	0	0	0	0	0	4.721435316336166e-5	0	0	0	0	0	0	0	0	0	0	0	0	0	0	0	0	0	0	0	0	0	0	0	0	0	0	0	0	0	0	0	0
ASV_6845	0	0	0	0	0	0	0	0	0	0	0	0	0	0	0	0	0	0	4.721435316336166e-5	0	0	0	0	0	0	0	0	0	0	0	0	0	0	0	0	0	0	0	0	0	0	0	0	0	0	0	0	0	0	0	0
ASV_6846	0	0	0	0	0	0	0	0	0	0	0	0	0	0	0	0	0	0	4.721435316336166e-5	0	0	0	0	0	0	0	0	0	0	0	0	0	0	0	0	0	0	0	0	0	0	0	0	0	0	0	0	0	0	0	0
ASV_6847	0	0	0	0	0	0	0	0	0	0	0	0	0	0	0	0	0	0	4.721435316336166e-5	0	0	0	0	0	0	0	0	0	0	0	0	0	0	0	0	0	0	0	0	0	0	0	0	0	0	0	0	0	0	0	0
ASV_6848	0	0	0	0	0	0	0	0	0	0	0	0	0	0	0	0	0	0	4.721435316336166e-5	0	0	0	0	0	0	0	0	0	0	0	0	0	0	0	0	0	0	0	0	0	0	0	0	0	0	0	0	0	0	0	0
ASV_6849	0	0	0	0	0	0	0	0	0	0	0	0	0	0	0	0	0	0	4.721435316336166e-5	0	0	0	0	0	0	0	0	0	0	0	0	0	0	0	0	0	0	0	0	0	0	0	0	0	0	0	0	0	0	0	0
ASV_6850	0	0	0	0	0	0	0	0	0	0	0	0	0	0	0	0	0	0	4.721435316336166e-5	0	0	0	0	0	0	0	0	0	0	0	0	0	0	0	0	0	0	0	0	0	0	0	0	0	0	0	0	0	0	0	0
ASV_6851	0	0	0	0	0	0	0	0	0	0	0	0	0	0	0	0	0	0	0	3.18775900541919e-4	0	0	0	0	0	0	0	0	0	0	0	0	0	0	0	0	0	0	0	0	0	0	0	0	0	0	0	0	0	0	0
ASV_6869	0	0	0	0	0	0	0	0	0	0	0	0	0	0	0	0	0	0	0	0	0	0.0038240917782026767	0	0	0	0	0	0	0	0	0	0	0	0	0	0	0	0	0	0	0	0	0	0	0	0	0	0	0	0	0
ASV_6905	0	0	0	0	0	0	0	0	0	0	0	0	0	0	0	0	0	0	0	0	0	0	0	6.494982625921475e-5	0	0	0	0	0	0	0	0	0	0	0	0	0	0	0	0	0	0	0	0	0	0	0	0	0	0	0
ASV_6906	0	0	0	0	0	0	0	0	0	0	0	0	0	0	0	0	0	0	0	0	0	0	0	6.494982625921475e-5	0	0	0	0	0	0	0	0	0	0	0	0	0	0	0	0	0	0	0	0	0	0	0	0	0	0	0
ASV_6907	0	0	0	0	0	0	0	0	0	0	0	0	0	0	0	0	0	0	0	0	0	0	0	6.494982625921475e-5	0	0	0	0	0	0	0	0	0	0	0	0	0	0	0	0	0	0	0	0	0	0	0	0	0	0	0
ASV_6908	0	0	0	0	0	0	0	0	0	0	0	0	0	0	0	0	0	0	0	0	0	0	0	6.494982625921475e-5	0	0	0	0	0	0	0	0	0	0	0	0	0	0	0	0	0	0	0	0	0	0	0	0	0	0	0
ASV_6909	0	0	0	0	0	0	0	0	0	0	0	0	0	0	0	0	0	0	0	0	0	0	0	6.494982625921475e-5	0	0	0	0	0	0	0	0	0	0	0	0	0	0	0	0	0	0	0	0	0	0	0	0	0	0	0
ASV_6921	0	0	0	0	0	0	0	0	0	0	0	0	0	0	0	0	0	0	0	0	0	0	0	0	1.4414933871490865e-4	0	0	0	0	0	0	0	0	0	0	0	0	0	0	0	0	0	0	0	0	0	0	0	0	0	0
ASV_6922	0	0	0	0	0	0	0	0	0	0	0	0	0	0	0	0	0	0	0	0	0	0	0	0	1.4414933871490865e-4	0	0	0	0	0	0	0	0	0	0	0	0	0	0	0	0	0	0	0	0	0	0	0	0	0	0
ASV_6923	0	0	0	0	0	0	0	0	0	0	0	0	0	0	0	0	0	0	0	0	0	0	0	0	1.4414933871490865e-4	0	0	0	0	0	0	0	0	0	0	0	0	0	0	0	0	0	0	0	0	0	0	0	0	0	0
ASV_6924	0	0	0	0	0	0	0	0	0	0	0	0	0	0	0	0	0	0	0	0	0	0	0	0	1.4414933871490865e-4	0	0	0	0	0	0	0	0	0	0	0	0	0	0	0	0	0	0	0	0	0	0	0	0	0	0
ASV_6925	0	0	0	0	0	0	0	0	0	0	0	0	0	0	0	0	0	0	0	0	0	0	0	0	1.4414933871490865e-4	0	0	0	0	0	0	0	0	0	0	0	0	0	0	0	0	0	0	0	0	0	0	0	0	0	0
ASV_6926	0	0	0	0	0	0	0	0	0	0	0	0	0	0	0	0	0	0	0	0	0	0	0	0	1.4414933871490865e-4	0	0	0	0	0	0	0	0	0	0	0	0	0	0	0	0	0	0	0	0	0	0	0	0	0	0
ASV_6927	0	0	0	0	0	0	0	0	0	0	0	0	0	0	0	0	0	0	0	0	0	0	0	0	1.4414933871490865e-4	0	0	0	0	0	0	0	0	0	0	0	0	0	0	0	0	0	0	0	0	0	0	0	0	0	0
ASV_6928	0	0	0	0	0	0	0	0	0	0	0	0	0	0	0	0	0	0	0	0	0	0	0	0	1.4414933871490865e-4	0	0	0	0	0	0	0	0	0	0	0	0	0	0	0	0	0	0	0	0	0	0	0	0	0	0
ASV_6929	0	0	0	0	0	0	0	0	0	0	0	0	0	0	0	0	0	0	0	0	0	0	0	0	1.4414933871490865e-4	0	0	0	0	0	0	0	0	0	0	0	0	0	0	0	0	0	0	0	0	0	0	0	0	0	0
ASV_6930	0	0	0	0	0	0	0	0	0	0	0	0	0	0	0	0	0	0	0	0	0	0	0	0	1.4414933871490865e-4	0	0	0	0	0	0	0	0	0	0	0	0	0	0	0	0	0	0	0	0	0	0	0	0	0	0
ASV_6931	0	0	0	0	0	0	0	0	0	0	0	0	0	0	0	0	0	0	0	0	0	0	0	0	1.4414933871490865e-4	0	0	0	0	0	0	0	0	0	0	0	0	0	0	0	0	0	0	0	0	0	0	0	0	0	0
ASV_6932	0	0	0	0	0	0	0	0	0	0	0	0	0	0	0	0	0	0	0	0	0	0	0	0	1.4414933871490865e-4	0	0	0	0	0	0	0	0	0	0	0	0	0	0	0	0	0	0	0	0	0	0	0	0	0	0
ASV_6933	0	0	0	0	0	0	0	0	0	0	0	0	0	0	0	0	0	0	0	0	0	0	0	0	1.4414933871490865e-4	0	0	0	0	0	0	0	0	0	0	0	0	0	0	0	0	0	0	0	0	0	0	0	0	0	0
ASV_6934	0	0	0	0	0	0	0	0	0	0	0	0	0	0	0	0	0	0	0	0	0	0	0	0	1.4414933871490865e-4	0	0	0	0	0	0	0	0	0	0	0	0	0	0	0	0	0	0	0	0	0	0	0	0	0	0
ASV_6936	0	0	0	0	0	0	0	0	0	0	0	0	0	0	0	0	0	0	0	0	0	0	0	0	0	1.008827238335435e-4	0	0	0	0	0	0	0	0	0	0	0	0	0	0	0	0	0	0	0	0	0	0	0	0	0
ASV_6937	0	0	0	0	0	0	0	0	0	0	0	0	0	0	0	0	0	0	0	0	0	0	0	0	0	1.008827238335435e-4	0	0	0	0	0	0	0	0	0	0	0	0	0	0	0	0	0	0	0	0	0	0	0	0	0
ASV_6938	0	0	0	0	0	0	0	0	0	0	0	0	0	0	0	0	0	0	0	0	0	0	0	0	0	1.008827238335435e-4	0	0	0	0	0	0	0	0	0	0	0	0	0	0	0	0	0	0	0	0	0	0	0	0	0
ASV_6939	0	0	0	0	0	0	0	0	0	0	0	0	0	0	0	0	0	0	0	0	0	0	0	0	0	1.008827238335435e-4	0	0	0	0	0	0	0	0	0	0	0	0	0	0	0	0	0	0	0	0	0	0	0	0	0
ASV_6940	0	0	0	0	0	0	0	0	0	0	0	0	0	0	0	0	0	0	0	0	0	0	0	0	0	1.008827238335435e-4	0	0	0	0	0	0	0	0	0	0	0	0	0	0	0	0	0	0	0	0	0	0	0	0	0
ASV_6945	0	0	0	0	0	0	0	0	0	0	0	0	0	0	0	0	0	0	0	0	0	0	0	0	0	0	1.277016888548351e-4	0	0	0	0	0	0	0	0	0	0	0	0	0	0	0	0	0	0	0	0	0	0	0	0
ASV_6946	0	0	0	0	0	0	0	0	0	0	0	0	0	0	0	0	0	0	0	0	0	0	0	0	0	0	1.277016888548351e-4	0	0	0	0	0	0	0	0	0	0	0	0	0	0	0	0	0	0	0	0	0	0	0	0
ASV_6957	0	0	0	0	0	0	0	0	0	0	0	0	0	0	0	0	0	0	0	0	0	0	0	0	0	0	0	0	1.5742453461371956e-4	0	0	0	0	0	0	0	0	0	0	0	0	0	0	0	0	0	0	0	0	0	0
ASV_6958	0	0	0	0	0	0	0	0	0	0	0	0	0	0	0	0	0	0	0	0	0	0	0	0	0	0	0	0	1.5742453461371956e-4	0	0	0	0	0	0	0	0	0	0	0	0	0	0	0	0	0	0	0	0	0	0
ASV_6959	0	0	0	0	0	0	0	0	0	0	0	0	0	0	0	0	0	0	0	0	0	0	0	0	0	0	0	0	1.5742453461371956e-4	0	0	0	0	0	0	0	0	0	0	0	0	0	0	0	0	0	0	0	0	0	0
ASV_6960	0	0	0	0	0	0	0	0	0	0	0	0	0	0	0	0	0	0	0	0	0	0	0	0	0	0	0	0	1.5742453461371956e-4	0	0	0	0	0	0	0	0	0	0	0	0	0	0	0	0	0	0	0	0	0	0
ASV_6964	0	0	0	0	0	0	0	0	0	0	0	0	0	0	0	0	0	0	0	0	0	0	0	0	0	0	0	0	0	0	2.576821490691232e-4	0	0	0	0	0	0	0	0	0	0	0	0	0	0	0	0	0	0	0	0
ASV_6971	0	0	0	0	0	0	0	0	0	0	0	0	0	0	0	0	0	0	0	0	0	0	0	0	0	0	0	0	0	0	0	0.0030257186081694403	0	0	0	0	0	0	0	0	0	0	0	0	0	0	0	0	0	0	0
ASV_6972	0	0	0	0	0	0	0	0	0	0	0	0	0	0	0	0	0	0	0	0	0	0	0	0	0	0	0	0	0	0	0	0.0030257186081694403	0	0	0	0	0	0	0	0	0	0	0	0	0	0	0	0	0	0	0
ASV_6977	0	0	0	0	0	0	0	0	0	0	0	0	0	0	0	0	0	0	0	0	0	0	0	0	0	0	0	0	0	0	0	0	0	5.977911616576749e-5	0	0	0	0	0	0	0	0	0	0	0	0	0	0	0	0	0
ASV_6978	0	0	0	0	0	0	0	0	0	0	0	0	0	0	0	0	0	0	0	0	0	0	0	0	0	0	0	0	0	0	0	0	0	5.977911616576749e-5	0	0	0	0	0	0	0	0	0	0	0	0	0	0	0	0	0
ASV_6979	0	0	0	0	0	0	0	0	0	0	0	0	0	0	0	0	0	0	0	0	0	0	0	0	0	0	0	0	0	0	0	0	0	5.977911616576749e-5	0	0	0	0	0	0	0	0	0	0	0	0	0	0	0	0	0
ASV_6980	0	0	0	0	0	0	0	0	0	0	0	0	0	0	0	0	0	0	0	0	0	0	0	0	0	0	0	0	0	0	0	0	0	5.977911616576749e-5	0	0	0	0	0	0	0	0	0	0	0	0	0	0	0	0	0
ASV_6982	0	0	0	0	0	0	0	0	0	0	0	0	0	0	0	0	0	0	0	0	0	0	0	0	0	0	0	0	0	0	0	0	0	5.977911616576749e-5	0	0	0	0	0	0	0	0	0	0	0	0	0	0	0	0	0
ASV_6983	0	0	0	0	0	0	0	0	0	0	0	0	0	0	0	0	0	0	0	0	0	0	0	0	0	0	0	0	0	0	0	0	0	5.977911616576749e-5	0	0	0	0	0	0	0	0	0	0	0	0	0	0	0	0	0
ASV_6984	0	0	0	0	0	0	0	0	0	0	0	0	0	0	0	0	0	0	0	0	0	0	0	0	0	0	0	0	0	0	0	0	0	5.977911616576749e-5	0	0	0	0	0	0	0	0	0	0	0	0	0	0	0	0	0
ASV_6985	0	0	0	0	0	0	0	0	0	0	0	0	0	0	0	0	0	0	0	0	0	0	0	0	0	0	0	0	0	0	0	0	0	0	0	1.8708198868153968e-4	0	0	0	0	0	0	0	0	0	0	0	0	0	0	0
ASV_6986	0	0	0	0	0	0	0	0	0	0	0	0	0	0	0	0	0	0	0	0	0	0	0	0	0	0	0	0	0	0	0	0	0	0	0	1.8708198868153968e-4	0	0	0	0	0	0	0	0	0	0	0	0	0	0	0
ASV_6987	0	0	0	0	0	0	0	0	0	0	0	0	0	0	0	0	0	0	0	0	0	0	0	0	0	0	0	0	0	0	0	0	0	0	0	1.8708198868153968e-4	0	0	0	0	0	0	0	0	0	0	0	0	0	0	0
ASV_6988	0	0	0	0	0	0	0	0	0	0	0	0	0	0	0	0	0	0	0	0	0	0	0	0	0	0	0	0	0	0	0	0	0	0	0	1.8708198868153968e-4	0	0	0	0	0	0	0	0	0	0	0	0	0	0	0
ASV_6989	0	0	0	0	0	0	0	0	0	0	0	0	0	0	0	0	0	0	0	0	0	0	0	0	0	0	0	0	0	0	0	0	0	0	0	1.8708198868153968e-4	0	0	0	0	0	0	0	0	0	0	0	0	0	0	0
ASV_6990	0	0	0	0	0	0	0	0	0	0	0	0	0	0	0	0	0	0	0	0	0	0	0	0	0	0	0	0	0	0	0	0	0	0	0	1.8708198868153968e-4	0	0	0	0	0	0	0	0	0	0	0	0	0	0	0
ASV_6996	0	0	0	0	0	0	0	0	0	0	0	0	0	0	0	0	0	0	0	0	0	0	0	0	0	0	0	0	0	0	0	0	0	0	0	0	2.940960223512977e-4	0	0	0	0	0	0	0	0	0	0	0	0	0	0
ASV_7003	0	0	0	0	0	0	0	0	0	0	0	0	0	0	0	0	0	0	0	0	0	0	0	0	0	0	0	0	0	0	0	0	0	0	0	0	0	0	0	9.433739770288437e-5	0	0	0	0	0	0	0	0	0	0	0
ASV_7004	0	0	0	0	0	0	0	0	0	0	0	0	0	0	0	0	0	0	0	0	0	0	0	0	0	0	0	0	0	0	0	0	0	0	0	0	0	0	0	9.433739770288437e-5	0	0	0	0	0	0	0	0	0	0	0
ASV_7005	0	0	0	0	0	0	0	0	0	0	0	0	0	0	0	0	0	0	0	0	0	0	0	0	0	0	0	0	0	0	0	0	0	0	0	0	0	0	0	9.433739770288437e-5	0	0	0	0	0	0	0	0	0	0	0
ASV_7006	0	0	0	0	0	0	0	0	0	0	0	0	0	0	0	0	0	0	0	0	0	0	0	0	0	0	0	0	0	0	0	0	0	0	0	0	0	0	0	9.433739770288437e-5	0	0	0	0	0	0	0	0	0	0	0
ASV_7007	0	0	0	0	0	0	0	0	0	0	0	0	0	0	0	0	0	0	0	0	0	0	0	0	0	0	0	0	0	0	0	0	0	0	0	0	0	0	0	9.433739770288437e-5	0	0	0	0	0	0	0	0	0	0	0
ASV_7008	0	0	0	0	0	0	0	0	0	0	0	0	0	0	0	0	0	0	0	0	0	0	0	0	0	0	0	0	0	0	0	0	0	0	0	0	0	0	0	9.433739770288437e-5	0	0	0	0	0	0	0	0	0	0	0
ASV_7009	0	0	0	0	0	0	0	0	0	0	0	0	0	0	0	0	0	0	0	0	0	0	0	0	0	0	0	0	0	0	0	0	0	0	0	0	0	0	0	0	3.892830379648283e-5	0	0	0	0	0	0	0	0	0	0
ASV_7010	0	0	0	0	0	0	0	0	0	0	0	0	0	0	0	0	0	0	0	0	0	0	0	0	0	0	0	0	0	0	0	0	0	0	0	0	0	0	0	0	3.892830379648283e-5	0	0	0	0	0	0	0	0	0	0
ASV_7027	0	0	0	0	0	0	0	0	0	0	0	0	0	0	0	0	0	0	0	0	0	0	0	0	0	0	0	0	0	0	0	0	0	0	0	0	0	0	0	0	0	0	5.4032149128731594e-5	0	0	0	0	0	0	0	0
ASV_7028	0	0	0	0	0	0	0	0	0	0	0	0	0	0	0	0	0	0	0	0	0	0	0	0	0	0	0	0	0	0	0	0	0	0	0	0	0	0	0	0	0	0	5.4032149128731594e-5	0	0	0	0	0	0	0	0
ASV_7029	0	0	0	0	0	0	0	0	0	0	0	0	0	0	0	0	0	0	0	0	0	0	0	0	0	0	0	0	0	0	0	0	0	0	0	0	0	0	0	0	0	0	5.4032149128731594e-5	0	0	0	0	0	0	0	0
ASV_7030	0	0	0	0	0	0	0	0	0	0	0	0	0	0	0	0	0	0	0	0	0	0	0	0	0	0	0	0	0	0	0	0	0	0	0	0	0	0	0	0	0	0	5.4032149128731594e-5	0	0	0	0	0	0	0	0
ASV_7031	0	0	0	0	0	0	0	0	0	0	0	0	0	0	0	0	0	0	0	0	0	0	0	0	0	0	0	0	0	0	0	0	0	0	0	0	0	0	0	0	0	0	5.4032149128731594e-5	0	0	0	0	0	0	0	0
ASV_7032	0	0	0	0	0	0	0	0	0	0	0	0	0	0	0	0	0	0	0	0	0	0	0	0	0	0	0	0	0	0	0	0	0	0	0	0	0	0	0	0	0	0	5.4032149128731594e-5	0	0	0	0	0	0	0	0
ASV_7066	0	0	0	0	0	0	0	0	0	0	0	0	0	0	0	0	0	0	0	0	0	0	0	0	0	0	0	0	0	0	0	0	0	0	0	0	0	0	0	0	0	0	0	0	9.123463266656023e-5	0	0	0	0	0	0
ASV_7067	0	0	0	0	0	0	0	0	0	0	0	0	0	0	0	0	0	0	0	0	0	0	0	0	0	0	0	0	0	0	0	0	0	0	0	0	0	0	0	0	0	0	0	0	9.123463266656023e-5	0	0	0	0	0	0
ASV_7068	0	0	0	0	0	0	0	0	0	0	0	0	0	0	0	0	0	0	0	0	0	0	0	0	0	0	0	0	0	0	0	0	0	0	0	0	0	0	0	0	0	0	0	0	9.123463266656023e-5	0	0	0	0	0	0
ASV_7069	0	0	0	0	0	0	0	0	0	0	0	0	0	0	0	0	0	0	0	0	0	0	0	0	0	0	0	0	0	0	0	0	0	0	0	0	0	0	0	0	0	0	0	0	9.123463266656023e-5	0	0	0	0	0	0
ASV_7070	0	0	0	0	0	0	0	0	0	0	0	0	0	0	0	0	0	0	0	0	0	0	0	0	0	0	0	0	0	0	0	0	0	0	0	0	0	0	0	0	0	0	0	0	9.123463266656023e-5	0	0	0	0	0	0
ASV_7071	0	0	0	0	0	0	0	0	0	0	0	0	0	0	0	0	0	0	0	0	0	0	0	0	0	0	0	0	0	0	0	0	0	0	0	0	0	0	0	0	0	0	0	0	9.123463266656023e-5	0	0	0	0	0	0
ASV_7072	0	0	0	0	0	0	0	0	0	0	0	0	0	0	0	0	0	0	0	0	0	0	0	0	0	0	0	0	0	0	0	0	0	0	0	0	0	0	0	0	0	0	0	0	9.123463266656023e-5	0	0	0	0	0	0
ASV_7073	0	0	0	0	0	0	0	0	0	0	0	0	0	0	0	0	0	0	0	0	0	0	0	0	0	0	0	0	0	0	0	0	0	0	0	0	0	0	0	0	0	0	0	0	9.123463266656023e-5	0	0	0	0	0	0
ASV_7074	0	0	0	0	0	0	0	0	0	0	0	0	0	0	0	0	0	0	0	0	0	0	0	0	0	0	0	0	0	0	0	0	0	0	0	0	0	0	0	0	0	0	0	0	9.123463266656023e-5	0	0	0	0	0	0
ASV_7075	0	0	0	0	0	0	0	0	0	0	0	0	0	0	0	0	0	0	0	0	0	0	0	0	0	0	0	0	0	0	0	0	0	0	0	0	0	0	0	0	0	0	0	0	6.842597449992017e-5	0	0	0	0	0	0
ASV_7076	0	0	0	0	0	0	0	0	0	0	0	0	0	0	0	0	0	0	0	0	0	0	0	0	0	0	0	0	0	0	0	0	0	0	0	0	0	0	0	0	0	0	0	0	0	1.2537219871493497e-4	0	0	0	0	0
ASV_7077	0	0	0	0	0	0	0	0	0	0	0	0	0	0	0	0	0	0	0	0	0	0	0	0	0	0	0	0	0	0	0	0	0	0	0	0	0	0	0	0	0	0	0	0	0	1.2537219871493497e-4	0	0	0	0	0
ASV_7078	0	0	0	0	0	0	0	0	0	0	0	0	0	0	0	0	0	0	0	0	0	0	0	0	0	0	0	0	0	0	0	0	0	0	0	0	0	0	0	0	0	0	0	0	0	1.2537219871493497e-4	0	0	0	0	0
ASV_7096	0	0	0	0	0	0	0	0	0	0	0	0	0	0	0	0	0	0	0	0	0	0	0	0	0	0	0	0	0	0	0	0	0	0	0	0	0	0	0	0	0	0	0	0	0	0	6.200685175711916e-5	0	0	0	0
ASV_7097	0	0	0	0	0	0	0	0	0	0	0	0	0	0	0	0	0	0	0	0	0	0	0	0	0	0	0	0	0	0	0	0	0	0	0	0	0	0	0	0	0	0	0	0	0	0	6.200685175711916e-5	0	0	0	0
ASV_7098	0	0	0	0	0	0	0	0	0	0	0	0	0	0	0	0	0	0	0	0	0	0	0	0	0	0	0	0	0	0	0	0	0	0	0	0	0	0	0	0	0	0	0	0	0	0	6.200685175711916e-5	0	0	0	0
ASV_7099	0	0	0	0	0	0	0	0	0	0	0	0	0	0	0	0	0	0	0	0	0	0	0	0	0	0	0	0	0	0	0	0	0	0	0	0	0	0	0	0	0	0	0	0	0	0	6.200685175711916e-5	0	0	0	0
ASV_7100	0	0	0	0	0	0	0	0	0	0	0	0	0	0	0	0	0	0	0	0	0	0	0	0	0	0	0	0	0	0	0	0	0	0	0	0	0	0	0	0	0	0	0	0	0	0	0	0	9.036076535568257e-5	0	0
ASV_7101	0	0	0	0	0	0	0	0	0	0	0	0	0	0	0	0	0	0	0	0	0	0	0	0	0	0	0	0	0	0	0	0	0	0	0	0	0	0	0	0	0	0	0	0	0	0	0	0	9.036076535568257e-5	0	0
ASV_7106	0	0	0	0	0	0	0	0	0	0	0	0	0	0	0	0	0	0	0	0	0	0	0	0	0	0	0	0	0	0	0	0	0	0	0	0	0	0	0	0	0	0	0	0	0	0	0	0	0	4.065040650406504e-4	0
ASV_7107	0	0	0	0	0	0	0	0	0	0	0	0	0	0	0	0	0	0	0	0	0	0	0	0	0	0	0	0	0	0	0	0	0	0	0	0	0	0	0	0	0	0	0	0	0	0	0	0	0	4.065040650406504e-4	0
ASV_7108	0	0	0	0	0	0	0	0	0	0	0	0	0	0	0	0	0	0	0	0	0	0	0	0	0	0	0	0	0	0	0	0	0	0	0	0	0	0	0	0	0	0	0	0	0	0	0	0	0	4.065040650406504e-4	0
ASV_7109	0	0	0	0	0	0	0	0	0	0	0	0	0	0	0	0	0	0	0	0	0	0	0	0	0	0	0	0	0	0	0	0	0	0	0	0	0	0	0	0	0	0	0	0	0	0	0	0	0	4.065040650406504e-4	0
ASV_7110	0	0	0	0	0	0	0	0	0	0	0	0	0	0	0	0	0	0	0	0	0	0	0	0	0	0	0	0	0	0	0	0	0	0	0	0	0	0	0	0	0	0	0	0	0	0	0	0	0	4.065040650406504e-4	0
ASV_7111	0	0	0	0	0	0	0	0	0	0	0	0	0	0	0	0	0	0	0	0	0	0	0	0	0	0	0	0	0	0	0	0	0	0	0	0	0	0	0	0	0	0	0	0	0	0	0	0	0	4.065040650406504e-4	0
ASV_7137	4.045307443365696e-4	0	0	0	0	0	0	0	0	0	0	0	0	0	0	0	0	0	0	0	0	0	0	0	0	0	0	0	0	0	0	0	0	0	0	0	0	0	0	0	0	0	0	0	0	0	0	0	0	0	0
ASV_7138	0	7.354743809757293e-4	0	0	0	0	0	0	0	0	0	0	0	0	0	0	0	0	0	0	0	0	0	0	0	0	0	0	0	0	0	0	0	0	0	0	0	0	0	0	0	0	0	0	0	0	0	0	0	0	0
ASV_7172	0	0	1.6306120230459833e-4	0	0	0	0	0	0	0	0	0	0	0	0	0	0	0	0	0	0	0	0	0	0	0	0	0	0	0	0	0	0	0	0	0	0	0	0	0	0	0	0	0	0	0	0	0	0	0	0
ASV_7173	0	0	1.6306120230459833e-4	0	0	0	0	0	0	0	0	0	0	0	0	0	0	0	0	0	0	0	0	0	0	0	0	0	0	0	0	0	0	0	0	0	0	0	0	0	0	0	0	0	0	0	0	0	0	0	0
ASV_7174	0	0	1.6306120230459833e-4	0	0	0	0	0	0	0	0	0	0	0	0	0	0	0	0	0	0	0	0	0	0	0	0	0	0	0	0	0	0	0	0	0	0	0	0	0	0	0	0	0	0	0	0	0	0	0	0
ASV_7175	0	0	1.6306120230459833e-4	0	0	0	0	0	0	0	0	0	0	0	0	0	0	0	0	0	0	0	0	0	0	0	0	0	0	0	0	0	0	0	0	0	0	0	0	0	0	0	0	0	0	0	0	0	0	0	0
ASV_7176	0	0	0	1.4664906877841325e-4	0	0	0	0	0	0	0	0	0	0	0	0	0	0	0	0	0	0	0	0	0	0	0	0	0	0	0	0	0	0	0	0	0	0	0	0	0	0	0	0	0	0	0	0	0	0	0
ASV_7194	0	0	0	0	1.0023053021950487e-4	0	0	0	0	0	0	0	0	0	0	0	0	0	0	0	0	0	0	0	0	0	0	0	0	0	0	0	0	0	0	0	0	0	0	0	0	0	0	0	0	0	0	0	0	0	0
ASV_7198	0	0	0	0	0	1.0048231511254019e-4	0	0	0	0	0	0	0	0	0	0	0	0	0	0	0	0	0	0	0	0	0	0	0	0	0	0	0	0	0	0	0	0	0	0	0	0	0	0	0	0	0	0	0	0	0
ASV_7199	0	0	0	0	0	1.0048231511254019e-4	0	0	0	0	0	0	0	0	0	0	0	0	0	0	0	0	0	0	0	0	0	0	0	0	0	0	0	0	0	0	0	0	0	0	0	0	0	0	0	0	0	0	0	0	0
ASV_7200	0	0	0	0	0	1.0048231511254019e-4	0	0	0	0	0	0	0	0	0	0	0	0	0	0	0	0	0	0	0	0	0	0	0	0	0	0	0	0	0	0	0	0	0	0	0	0	0	0	0	0	0	0	0	0	0
ASV_7211	0	0	0	0	0	0	1.850709438618137e-4	0	0	0	0	0	0	0	0	0	0	0	0	0	0	0	0	0	0	0	0	0	0	0	0	0	0	0	0	0	0	0	0	0	0	0	0	0	0	0	0	0	0	0	0
ASV_7212	0	0	0	0	0	0	1.850709438618137e-4	0	0	0	0	0	0	0	0	0	0	0	0	0	0	0	0	0	0	0	0	0	0	0	0	0	0	0	0	0	0	0	0	0	0	0	0	0	0	0	0	0	0	0	0
ASV_7213	0	0	0	0	0	0	1.850709438618137e-4	0	0	0	0	0	0	0	0	0	0	0	0	0	0	0	0	0	0	0	0	0	0	0	0	0	0	0	0	0	0	0	0	0	0	0	0	0	0	0	0	0	0	0	0
ASV_7214	0	0	0	0	0	0	1.850709438618137e-4	0	0	0	0	0	0	0	0	0	0	0	0	0	0	0	0	0	0	0	0	0	0	0	0	0	0	0	0	0	0	0	0	0	0	0	0	0	0	0	0	0	0	0	0
ASV_7215	0	0	0	0	0	0	1.850709438618137e-4	0	0	0	0	0	0	0	0	0	0	0	0	0	0	0	0	0	0	0	0	0	0	0	0	0	0	0	0	0	0	0	0	0	0	0	0	0	0	0	0	0	0	0	0
ASV_7216	0	0	0	0	0	0	1.850709438618137e-4	0	0	0	0	0	0	0	0	0	0	0	0	0	0	0	0	0	0	0	0	0	0	0	0	0	0	0	0	0	0	0	0	0	0	0	0	0	0	0	0	0	0	0	0
ASV_7217	0	0	0	0	0	0	1.850709438618137e-4	0	0	0	0	0	0	0	0	0	0	0	0	0	0	0	0	0	0	0	0	0	0	0	0	0	0	0	0	0	0	0	0	0	0	0	0	0	0	0	0	0	0	0	0
ASV_7218	0	0	0	0	0	0	1.850709438618137e-4	0	0	0	0	0	0	0	0	0	0	0	0	0	0	0	0	0	0	0	0	0	0	0	0	0	0	0	0	0	0	0	0	0	0	0	0	0	0	0	0	0	0	0	0
ASV_7229	0	0	0	0	0	0	0	0	7.568303943086355e-5	0	0	0	0	0	0	0	0	0	0	0	0	0	0	0	0	0	0	0	0	0	0	0	0	0	0	0	0	0	0	0	0	0	0	0	0	0	0	0	0	0	0
ASV_7230	0	0	0	0	0	0	0	0	7.568303943086355e-5	0	0	0	0	0	0	0	0	0	0	0	0	0	0	0	0	0	0	0	0	0	0	0	0	0	0	0	0	0	0	0	0	0	0	0	0	0	0	0	0	0	0
ASV_7231	0	0	0	0	0	0	0	0	7.568303943086355e-5	0	0	0	0	0	0	0	0	0	0	0	0	0	0	0	0	0	0	0	0	0	0	0	0	0	0	0	0	0	0	0	0	0	0	0	0	0	0	0	0	0	0
ASV_7232	0	0	0	0	0	0	0	0	7.568303943086355e-5	0	0	0	0	0	0	0	0	0	0	0	0	0	0	0	0	0	0	0	0	0	0	0	0	0	0	0	0	0	0	0	0	0	0	0	0	0	0	0	0	0	0
ASV_7233	0	0	0	0	0	0	0	0	7.568303943086355e-5	0	0	0	0	0	0	0	0	0	0	0	0	0	0	0	0	0	0	0	0	0	0	0	0	0	0	0	0	0	0	0	0	0	0	0	0	0	0	0	0	0	0
ASV_7234	0	0	0	0	0	0	0	0	7.568303943086355e-5	0	0	0	0	0	0	0	0	0	0	0	0	0	0	0	0	0	0	0	0	0	0	0	0	0	0	0	0	0	0	0	0	0	0	0	0	0	0	0	0	0	0
ASV_7235	0	0	0	0	0	0	0	0	7.568303943086355e-5	0	0	0	0	0	0	0	0	0	0	0	0	0	0	0	0	0	0	0	0	0	0	0	0	0	0	0	0	0	0	0	0	0	0	0	0	0	0	0	0	0	0
ASV_7240	0	0	0	0	0	0	0	0	0	8.754012255617158e-4	0	0	0	0	0	0	0	0	0	0	0	0	0	0	0	0	0	0	0	0	0	0	0	0	0	0	0	0	0	0	0	0	0	0	0	0	0	0	0	0	0
ASV_7241	0	0	0	0	0	0	0	0	0	8.754012255617158e-4	0	0	0	0	0	0	0	0	0	0	0	0	0	0	0	0	0	0	0	0	0	0	0	0	0	0	0	0	0	0	0	0	0	0	0	0	0	0	0	0	0
ASV_7242	0	0	0	0	0	0	0	0	0	8.754012255617158e-4	0	0	0	0	0	0	0	0	0	0	0	0	0	0	0	0	0	0	0	0	0	0	0	0	0	0	0	0	0	0	0	0	0	0	0	0	0	0	0	0	0
ASV_7243	0	0	0	0	0	0	0	0	0	8.754012255617158e-4	0	0	0	0	0	0	0	0	0	0	0	0	0	0	0	0	0	0	0	0	0	0	0	0	0	0	0	0	0	0	0	0	0	0	0	0	0	0	0	0	0
ASV_7244	0	0	0	0	0	0	0	0	0	2.918004085205719e-4	0	0	0	0	0	0	0	0	0	0	0	0	0	0	0	0	0	0	0	0	0	0	0	0	0	0	0	0	0	0	0	0	0	0	0	0	0	0	0	0	0
ASV_7250	0	0	0	0	0	0	0	0	0	0	0	0	1.0447137484329294e-4	0	0	0	0	0	0	0	0	0	0	0	0	0	0	0	0	0	0	0	0	0	0	0	0	0	0	0	0	0	0	0	0	0	0	0	0	0	0
ASV_7266	0	0	0	0	0	0	0	0	0	0	0	0	0	1.0938126663506764e-4	0	0	0	0	0	0	0	0	0	0	0	0	0	0	0	0	0	0	0	0	0	0	0	0	0	0	0	0	0	0	0	0	0	0	0	0	0
ASV_7267	0	0	0	0	0	0	0	0	0	0	0	0	0	1.0938126663506764e-4	0	0	0	0	0	0	0	0	0	0	0	0	0	0	0	0	0	0	0	0	0	0	0	0	0	0	0	0	0	0	0	0	0	0	0	0	0
ASV_7268	0	0	0	0	0	0	0	0	0	0	0	0	0	1.0938126663506764e-4	0	0	0	0	0	0	0	0	0	0	0	0	0	0	0	0	0	0	0	0	0	0	0	0	0	0	0	0	0	0	0	0	0	0	0	0	0
ASV_7269	0	0	0	0	0	0	0	0	0	0	0	0	0	1.0938126663506764e-4	0	0	0	0	0	0	0	0	0	0	0	0	0	0	0	0	0	0	0	0	0	0	0	0	0	0	0	0	0	0	0	0	0	0	0	0	0
ASV_7270	0	0	0	0	0	0	0	0	0	0	0	0	0	1.0938126663506764e-4	0	0	0	0	0	0	0	0	0	0	0	0	0	0	0	0	0	0	0	0	0	0	0	0	0	0	0	0	0	0	0	0	0	0	0	0	0
ASV_7271	0	0	0	0	0	0	0	0	0	0	0	0	0	1.0938126663506764e-4	0	0	0	0	0	0	0	0	0	0	0	0	0	0	0	0	0	0	0	0	0	0	0	0	0	0	0	0	0	0	0	0	0	0	0	0	0
ASV_7272	0	0	0	0	0	0	0	0	0	0	0	0	0	1.0938126663506764e-4	0	0	0	0	0	0	0	0	0	0	0	0	0	0	0	0	0	0	0	0	0	0	0	0	0	0	0	0	0	0	0	0	0	0	0	0	0
ASV_7273	0	0	0	0	0	0	0	0	0	0	0	0	0	1.0938126663506764e-4	0	0	0	0	0	0	0	0	0	0	0	0	0	0	0	0	0	0	0	0	0	0	0	0	0	0	0	0	0	0	0	0	0	0	0	0	0
ASV_7275	0	0	0	0	0	0	0	0	0	0	0	0	0	1.0938126663506764e-4	0	0	0	0	0	0	0	0	0	0	0	0	0	0	0	0	0	0	0	0	0	0	0	0	0	0	0	0	0	0	0	0	0	0	0	0	0
ASV_7276	0	0	0	0	0	0	0	0	0	0	0	0	0	1.0938126663506764e-4	0	0	0	0	0	0	0	0	0	0	0	0	0	0	0	0	0	0	0	0	0	0	0	0	0	0	0	0	0	0	0	0	0	0	0	0	0
ASV_7277	0	0	0	0	0	0	0	0	0	0	0	0	0	0	6.046558500453492e-5	0	0	0	0	0	0	0	0	0	0	0	0	0	0	0	0	0	0	0	0	0	0	0	0	0	0	0	0	0	0	0	0	0	0	0	0
ASV_7278	0	0	0	0	0	0	0	0	0	0	0	0	0	0	6.046558500453492e-5	0	0	0	0	0	0	0	0	0	0	0	0	0	0	0	0	0	0	0	0	0	0	0	0	0	0	0	0	0	0	0	0	0	0	0	0
ASV_7279	0	0	0	0	0	0	0	0	0	0	0	0	0	0	6.046558500453492e-5	0	0	0	0	0	0	0	0	0	0	0	0	0	0	0	0	0	0	0	0	0	0	0	0	0	0	0	0	0	0	0	0	0	0	0	0
ASV_7280	0	0	0	0	0	0	0	0	0	0	0	0	0	0	6.046558500453492e-5	0	0	0	0	0	0	0	0	0	0	0	0	0	0	0	0	0	0	0	0	0	0	0	0	0	0	0	0	0	0	0	0	0	0	0	0
ASV_7281	0	0	0	0	0	0	0	0	0	0	0	0	0	0	6.046558500453492e-5	0	0	0	0	0	0	0	0	0	0	0	0	0	0	0	0	0	0	0	0	0	0	0	0	0	0	0	0	0	0	0	0	0	0	0	0
ASV_7282	0	0	0	0	0	0	0	0	0	0	0	0	0	0	6.046558500453492e-5	0	0	0	0	0	0	0	0	0	0	0	0	0	0	0	0	0	0	0	0	0	0	0	0	0	0	0	0	0	0	0	0	0	0	0	0
ASV_7284	0	0	0	0	0	0	0	0	0	0	0	0	0	0	0	0	1.3703636031427006e-4	0	0	0	0	0	0	0	0	0	0	0	0	0	0	0	0	0	0	0	0	0	0	0	0	0	0	0	0	0	0	0	0	0	0
ASV_7287	0	0	0	0	0	0	0	0	0	0	0	0	0	0	0	0	0	7.176861797564652e-5	0	0	0	0	0	0	0	0	0	0	0	0	0	0	0	0	0	0	0	0	0	0	0	0	0	0	0	0	0	0	0	0	0
ASV_7288	0	0	0	0	0	0	0	0	0	0	0	0	0	0	0	0	0	7.176861797564652e-5	0	0	0	0	0	0	0	0	0	0	0	0	0	0	0	0	0	0	0	0	0	0	0	0	0	0	0	0	0	0	0	0	0
ASV_7289	0	0	0	0	0	0	0	0	0	0	0	0	0	0	0	0	0	7.176861797564652e-5	0	0	0	0	0	0	0	0	0	0	0	0	0	0	0	0	0	0	0	0	0	0	0	0	0	0	0	0	0	0	0	0	0
ASV_7290	0	0	0	0	0	0	0	0	0	0	0	0	0	0	0	0	0	7.176861797564652e-5	0	0	0	0	0	0	0	0	0	0	0	0	0	0	0	0	0	0	0	0	0	0	0	0	0	0	0	0	0	0	0	0	0
ASV_7291	0	0	0	0	0	0	0	0	0	0	0	0	0	0	0	0	0	7.176861797564652e-5	0	0	0	0	0	0	0	0	0	0	0	0	0	0	0	0	0	0	0	0	0	0	0	0	0	0	0	0	0	0	0	0	0
ASV_7292	0	0	0	0	0	0	0	0	0	0	0	0	0	0	0	0	0	7.176861797564652e-5	0	0	0	0	0	0	0	0	0	0	0	0	0	0	0	0	0	0	0	0	0	0	0	0	0	0	0	0	0	0	0	0	0
ASV_7293	0	0	0	0	0	0	0	0	0	0	0	0	0	0	0	0	0	2.392287265854884e-5	0	0	0	0	0	1.6237456564803688e-5	0	0	0	0	0	0	0	0	0	0	0	0	0	0	0	0	0	0	0	0	0	0	0	0	0	0	0
ASV_7295	0	0	0	0	0	0	0	0	0	0	0	0	0	0	0	0	0	0	3.5410764872521244e-5	0	0	0	0	0	0	0	0	0	0	0	0	0	0	0	0	0	0	0	0	0	0	0	0	0	0	0	0	0	0	0	0
ASV_7296	0	0	0	0	0	0	0	0	0	0	0	0	0	0	0	0	0	0	3.5410764872521244e-5	0	0	0	0	0	0	0	0	0	0	0	0	0	0	0	0	0	0	0	0	0	0	0	0	0	0	0	0	0	0	0	0
ASV_7297	0	0	0	0	0	0	0	0	0	0	0	0	0	0	0	0	0	0	3.5410764872521244e-5	0	0	0	0	0	0	0	0	0	0	0	0	0	0	0	0	0	0	0	0	0	0	0	0	0	0	0	0	0	0	0	0
ASV_7298	0	0	0	0	0	0	0	0	0	0	0	0	0	0	0	0	0	0	3.5410764872521244e-5	0	0	0	0	0	0	0	0	0	0	0	0	0	0	0	0	0	0	0	0	0	0	0	0	0	0	0	0	0	0	0	0
ASV_7299	0	0	0	0	0	0	0	0	0	0	0	0	0	0	0	0	0	0	3.5410764872521244e-5	0	0	0	0	0	0	0	0	0	0	0	0	0	0	0	0	0	0	0	0	0	0	0	0	0	0	0	0	0	0	0	0
ASV_7300	0	0	0	0	0	0	0	0	0	0	0	0	0	0	0	0	0	0	3.5410764872521244e-5	0	0	0	0	0	0	0	0	0	0	0	0	0	0	0	0	0	0	0	0	0	0	0	0	0	0	0	0	0	0	0	0
ASV_7301	0	0	0	0	0	0	0	0	0	0	0	0	0	0	0	0	0	0	0	2.3908192540643926e-4	0	0	0	0	0	0	0	0	0	0	0	0	0	0	0	0	0	0	0	0	0	0	0	0	0	0	0	0	0	0	0
ASV_7302	0	0	0	0	0	0	0	0	0	0	0	0	0	0	0	0	0	0	0	2.3908192540643926e-4	0	0	0	0	0	0	0	0	0	0	0	0	0	0	0	0	0	0	0	0	0	0	0	0	0	0	0	0	0	0	0
ASV_7303	0	0	0	0	0	0	0	0	0	0	0	0	0	0	0	0	0	0	0	2.3908192540643926e-4	0	0	0	0	0	0	0	0	0	0	0	0	0	0	0	0	0	0	0	0	0	0	0	0	0	0	0	0	0	0	0
ASV_7330	0	0	0	0	0	0	0	0	0	0	0	0	0	0	0	0	0	0	0	0	0	0	3.589676091560672e-5	0	0	0	0	0	0	0	0	0	0	0	0	0	0	0	0	0	0	0	0	0	0	0	0	0	0	0	0
ASV_7371	0	0	0	0	0	0	0	0	0	0	0	0	0	0	0	0	0	0	0	0	0	0	0	0	1.0811200403618149e-4	0	0	0	0	0	0	0	0	0	0	0	0	0	0	0	0	0	0	0	0	0	0	0	0	0	0
ASV_7372	0	0	0	0	0	0	0	0	0	0	0	0	0	0	0	0	0	0	0	0	0	0	0	0	1.0811200403618149e-4	0	0	0	0	0	0	0	0	0	0	0	0	0	0	0	0	0	0	0	0	0	0	0	0	0	0
ASV_7373	0	0	0	0	0	0	0	0	0	0	0	0	0	0	0	0	0	0	0	0	0	0	0	0	1.0811200403618149e-4	0	0	0	0	0	0	0	0	0	0	0	0	0	0	0	0	0	0	0	0	0	0	0	0	0	0
ASV_7374	0	0	0	0	0	0	0	0	0	0	0	0	0	0	0	0	0	0	0	0	0	0	0	0	1.0811200403618149e-4	0	0	0	0	0	0	0	0	0	0	0	0	0	0	0	0	0	0	0	0	0	0	0	0	0	0
ASV_7375	0	0	0	0	0	0	0	0	0	0	0	0	0	0	0	0	0	0	0	0	0	0	0	0	1.0811200403618149e-4	0	0	0	0	0	0	0	0	0	0	0	0	0	0	0	0	0	0	0	0	0	0	0	0	0	0
ASV_7376	0	0	0	0	0	0	0	0	0	0	0	0	0	0	0	0	0	0	0	0	0	0	0	0	1.0811200403618149e-4	0	0	0	0	0	0	0	0	0	0	0	0	0	0	0	0	0	0	0	0	0	0	0	0	0	0
ASV_7377	0	0	0	0	0	0	0	0	0	0	0	0	0	0	0	0	0	0	0	0	0	0	0	0	1.0811200403618149e-4	0	0	0	0	0	0	0	0	0	0	0	0	0	0	0	0	0	0	0	0	0	0	0	0	0	0
ASV_7378	0	0	0	0	0	0	0	0	0	0	0	0	0	0	0	0	0	0	0	0	0	0	0	0	1.0811200403618149e-4	0	0	0	0	0	0	0	0	0	0	0	0	0	0	0	0	0	0	0	0	0	0	0	0	0	0
ASV_7379	0	0	0	0	0	0	0	0	0	0	0	0	0	0	0	0	0	0	0	0	0	0	0	0	1.0811200403618149e-4	0	0	0	0	0	0	0	0	0	0	0	0	0	0	0	0	0	0	0	0	0	0	0	0	0	0
ASV_7380	0	0	0	0	0	0	0	0	0	0	0	0	0	0	0	0	0	0	0	0	0	0	0	0	1.0811200403618149e-4	0	0	0	0	0	0	0	0	0	0	0	0	0	0	0	0	0	0	0	0	0	0	0	0	0	0
ASV_7381	0	0	0	0	0	0	0	0	0	0	0	0	0	0	0	0	0	0	0	0	0	0	0	0	1.0811200403618149e-4	0	0	0	0	0	0	0	0	0	0	0	0	0	0	0	0	0	0	0	0	0	0	0	0	0	0
ASV_7382	0	0	0	0	0	0	0	0	0	0	0	0	0	0	0	0	0	0	0	0	0	0	0	0	1.0811200403618149e-4	0	0	0	0	0	0	0	0	0	0	0	0	0	0	0	0	0	0	0	0	0	0	0	0	0	0
ASV_7383	0	0	0	0	0	0	0	0	0	0	0	0	0	0	0	0	0	0	0	0	0	0	0	0	0	7.566204287515763e-5	0	0	0	0	0	0	0	0	0	0	0	0	0	0	0	0	0	0	0	0	0	0	0	0	0
ASV_7384	0	0	0	0	0	0	0	0	0	0	0	0	0	0	0	0	0	0	0	0	0	0	0	0	0	7.566204287515763e-5	0	0	0	0	0	0	0	0	0	0	0	0	0	0	0	0	0	0	0	0	0	0	0	0	0
ASV_7385	0	0	0	0	0	0	0	0	0	0	0	0	0	0	0	0	0	0	0	0	0	0	0	0	0	7.566204287515763e-5	0	0	0	0	0	0	0	0	0	0	0	0	0	0	0	0	0	0	0	0	0	0	0	0	0
ASV_7386	0	0	0	0	0	0	0	0	0	0	0	0	0	0	0	0	0	0	0	0	0	0	0	0	0	7.566204287515763e-5	0	0	0	0	0	0	0	0	0	0	0	0	0	0	0	0	0	0	0	0	0	0	0	0	0
ASV_7387	0	0	0	0	0	0	0	0	0	0	0	0	0	0	0	0	0	0	0	0	0	0	0	0	0	7.566204287515763e-5	0	0	0	0	0	0	0	0	0	0	0	0	0	0	0	0	0	0	0	0	0	0	0	0	0
ASV_7388	0	0	0	0	0	0	0	0	0	0	0	0	0	0	0	0	0	0	0	0	0	0	0	0	0	7.566204287515763e-5	0	0	0	0	0	0	0	0	0	0	0	0	0	0	0	0	0	0	0	0	0	0	0	0	0
ASV_7389	0	0	0	0	0	0	0	0	0	0	0	0	0	0	0	0	0	0	0	0	0	0	0	0	0	7.566204287515763e-5	0	0	0	0	0	0	0	0	0	0	0	0	0	0	0	0	0	0	0	0	0	0	0	0	0
ASV_7404	0	0	0	0	0	0	0	0	0	0	0	0	0	0	0	0	0	0	0	0	0	0	0	0	0	0	0	1.8547140649149922e-4	0	0	0	0	0	0	0	0	0	0	0	0	0	0	0	0	0	0	0	0	0	0	0
ASV_7405	0	0	0	0	0	0	0	0	0	0	0	0	0	0	0	0	0	0	0	0	0	0	0	0	0	0	0	0	1.1806840096028966e-4	0	0	0	0	0	0	0	0	0	0	0	0	0	0	0	0	0	0	0	0	0	0
ASV_7406	0	0	0	0	0	0	0	0	0	0	0	0	0	0	0	0	0	0	0	0	0	0	0	0	0	0	0	0	1.1806840096028966e-4	0	0	0	0	0	0	0	0	0	0	0	0	0	0	0	0	0	0	0	0	0	0
ASV_7407	0	0	0	0	0	0	0	0	0	0	0	0	0	0	0	0	0	0	0	0	0	0	0	0	0	0	0	0	1.1806840096028966e-4	0	0	0	0	0	0	0	0	0	0	0	0	0	0	0	0	0	0	0	0	0	0
ASV_7408	0	0	0	0	0	0	0	0	0	0	0	0	0	0	0	0	0	0	0	0	0	0	0	0	0	0	0	0	1.1806840096028966e-4	0	0	0	0	0	0	0	0	0	0	0	0	0	0	0	0	0	0	0	0	0	0
ASV_7409	0	0	0	0	0	0	0	0	0	0	0	0	0	0	0	0	0	0	0	0	0	0	0	0	0	0	0	0	1.1806840096028966e-4	0	0	0	0	0	0	0	0	0	0	0	0	0	0	0	0	0	0	0	0	0	0
ASV_7429	0	0	0	0	0	0	0	0	0	0	0	0	0	0	0	0	0	0	0	0	0	0	0	0	0	0	0	0	0	0	0	0	0	4.483433712432562e-5	0	0	0	0	0	0	0	0	0	0	0	0	0	0	0	0	0
ASV_7430	0	0	0	0	0	0	0	0	0	0	0	0	0	0	0	0	0	0	0	0	0	0	0	0	0	0	0	0	0	0	0	0	0	4.483433712432562e-5	0	0	0	0	0	0	0	0	0	0	0	0	0	0	0	0	0
ASV_7431	0	0	0	0	0	0	0	0	0	0	0	0	0	0	0	0	0	0	0	0	0	0	0	0	0	0	0	0	0	0	0	0	0	4.483433712432562e-5	0	0	0	0	0	0	0	0	0	0	0	0	0	0	0	0	0
ASV_7432	0	0	0	0	0	0	0	0	0	0	0	0	0	0	0	0	0	0	0	0	0	0	0	0	0	0	0	0	0	0	0	0	0	4.483433712432562e-5	0	0	0	0	0	0	0	0	0	0	0	0	0	0	0	0	0
ASV_7434	0	0	0	0	0	0	0	0	0	0	0	0	0	0	0	0	0	0	0	0	0	0	0	0	0	0	0	0	0	0	0	0	0	0	5.296142642775179e-5	0	0	0	0	0	0	0	0	0	0	0	0	0	0	0	0
ASV_7435	0	0	0	0	0	0	0	0	0	0	0	0	0	0	0	0	0	0	0	0	0	0	0	0	0	0	0	0	0	0	0	0	0	0	5.296142642775179e-5	0	0	0	0	0	0	0	0	0	0	0	0	0	0	0	0
ASV_7436	0	0	0	0	0	0	0	0	0	0	0	0	0	0	0	0	0	0	0	0	0	0	0	0	0	0	0	0	0	0	0	0	0	0	0	1.4031149151115475e-4	0	0	0	0	0	0	0	0	0	0	0	0	0	0	0
ASV_7437	0	0	0	0	0	0	0	0	0	0	0	0	0	0	0	0	0	0	0	0	0	0	0	0	0	0	0	0	0	0	0	0	0	0	0	1.4031149151115475e-4	0	0	0	0	0	0	0	0	0	0	0	0	0	0	0
ASV_7438	0	0	0	0	0	0	0	0	0	0	0	0	0	0	0	0	0	0	0	0	0	0	0	0	0	0	0	0	0	0	0	0	0	0	0	1.4031149151115475e-4	0	0	0	0	0	0	0	0	0	0	0	0	0	0	0
ASV_7439	0	0	0	0	0	0	0	0	0	0	0	0	0	0	0	0	0	0	0	0	0	0	0	0	0	0	0	0	0	0	0	0	0	0	0	1.4031149151115475e-4	0	0	0	0	0	0	0	0	0	0	0	0	0	0	0
ASV_7440	0	0	0	0	0	0	0	0	0	0	0	0	0	0	0	0	0	0	0	0	0	0	0	0	0	0	0	0	0	0	0	0	0	0	0	1.4031149151115475e-4	0	0	0	0	0	0	0	0	0	0	0	0	0	0	0
ASV_7441	0	0	0	0	0	0	0	0	0	0	0	0	0	0	0	0	0	0	0	0	0	0	0	0	0	0	0	0	0	0	0	0	0	0	0	1.4031149151115475e-4	0	0	0	0	0	0	0	0	0	0	0	0	0	0	0
ASV_7442	0	0	0	0	0	0	0	0	0	0	0	0	0	0	0	0	0	0	0	0	0	0	0	0	0	0	0	0	0	0	0	0	0	0	0	1.4031149151115475e-4	0	0	0	0	0	0	0	0	0	0	0	0	0	0	0
ASV_7443	0	0	0	0	0	0	0	0	0	0	0	0	0	0	0	0	0	0	0	0	0	0	0	0	0	0	0	0	0	0	0	0	0	0	0	1.4031149151115475e-4	0	0	0	0	0	0	0	0	0	0	0	0	0	0	0
ASV_7452	0	0	0	0	0	0	0	0	0	0	0	0	0	0	0	0	0	0	0	0	0	0	0	0	0	0	0	0	0	0	0	0	0	0	0	0	2.2057201676347327e-4	0	0	0	0	0	0	0	0	0	0	0	0	0	0
ASV_7453	0	0	0	0	0	0	0	0	0	0	0	0	0	0	0	0	0	0	0	0	0	0	0	0	0	0	0	0	0	0	0	0	0	0	0	0	2.2057201676347327e-4	0	0	0	0	0	0	0	0	0	0	0	0	0	0
ASV_7454	0	0	0	0	0	0	0	0	0	0	0	0	0	0	0	0	0	0	0	0	0	0	0	0	0	0	0	0	0	0	0	0	0	0	0	0	2.2057201676347327e-4	0	0	0	0	0	0	0	0	0	0	0	0	0	0
ASV_7461	0	0	0	0	0	0	0	0	0	0	0	0	0	0	0	0	0	0	0	0	0	0	0	0	0	0	0	0	0	0	0	0	0	0	0	0	0	0	0	7.075304827716328e-5	0	0	0	0	0	0	0	0	0	0	0
ASV_7462	0	0	0	0	0	0	0	0	0	0	0	0	0	0	0	0	0	0	0	0	0	0	0	0	0	0	0	0	0	0	0	0	0	0	0	0	0	0	0	7.075304827716328e-5	0	0	0	0	0	0	0	0	0	0	0
ASV_7463	0	0	0	0	0	0	0	0	0	0	0	0	0	0	0	0	0	0	0	0	0	0	0	0	0	0	0	0	0	0	0	0	0	0	0	0	0	0	0	0	2.9196227847362122e-5	0	0	0	0	0	0	0	0	0	0
ASV_7464	0	0	0	0	0	0	0	0	0	0	0	0	0	0	0	0	0	0	0	0	0	0	0	0	0	0	0	0	0	0	0	0	0	0	0	0	0	0	0	0	2.9196227847362122e-5	0	0	0	0	0	0	0	0	0	0
ASV_7465	0	0	0	0	0	0	0	0	0	0	0	0	0	0	0	0	0	0	0	0	0	0	0	0	0	0	0	0	0	0	0	0	0	0	0	0	0	0	0	0	2.9196227847362122e-5	0	0	0	0	0	0	0	0	0	0
ASV_7478	0	0	0	0	0	0	0	0	0	0	0	0	0	0	0	0	0	0	0	0	0	0	0	0	0	0	0	0	0	0	0	0	0	0	0	0	0	0	0	0	0	3.770739064856712e-4	0	0	0	0	0	0	0	0	0
ASV_7479	0	0	0	0	0	0	0	0	0	0	0	0	0	0	0	0	0	0	0	0	0	0	0	0	0	0	0	0	0	0	0	0	0	0	0	0	0	0	0	0	0	3.770739064856712e-4	0	0	0	0	0	0	0	0	0
ASV_7480	0	0	0	0	0	0	0	0	0	0	0	0	0	0	0	0	0	0	0	0	0	0	0	0	0	0	0	0	0	0	0	0	0	0	0	0	0	0	0	0	0	3.770739064856712e-4	0	0	0	0	0	0	0	0	0
ASV_7481	0	0	0	0	0	0	0	0	0	0	0	0	0	0	0	0	0	0	0	0	0	0	0	0	0	0	0	0	0	0	0	0	0	0	0	0	0	0	0	0	0	0	4.05241118465487e-5	0	0	0	0	0	0	0	0
ASV_7482	0	0	0	0	0	0	0	0	0	0	0	0	0	0	0	0	0	0	0	0	0	0	0	0	0	0	0	0	0	0	0	0	0	0	0	0	0	0	0	0	0	0	4.05241118465487e-5	0	0	0	0	0	0	0	0
ASV_7483	0	0	0	0	0	0	0	0	0	0	0	0	0	0	0	0	0	0	0	0	0	0	0	0	0	0	0	0	0	0	0	0	0	0	0	0	0	0	0	0	0	0	4.05241118465487e-5	0	0	0	0	0	0	0	0
ASV_7484	0	0	0	0	0	0	0	0	0	0	0	0	0	0	0	0	0	0	0	0	0	0	0	0	0	0	0	0	0	0	0	0	0	0	0	0	0	0	0	0	0	0	4.05241118465487e-5	0	0	0	0	0	0	0	0
ASV_7485	0	0	0	0	0	0	0	0	0	0	0	0	0	0	0	0	0	0	0	0	0	0	0	0	0	0	0	0	0	0	0	0	0	0	0	0	0	0	0	0	0	0	4.05241118465487e-5	0	0	0	0	0	0	0	0
ASV_7520	0	0	0	0	0	0	0	0	0	0	0	0	0	0	0	0	0	0	0	0	0	0	0	0	0	0	0	0	0	0	0	0	0	0	0	0	0	0	0	0	0	0	0	0	6.842597449992017e-5	0	0	0	0	0	0
ASV_7521	0	0	0	0	0	0	0	0	0	0	0	0	0	0	0	0	0	0	0	0	0	0	0	0	0	0	0	0	0	0	0	0	0	0	0	0	0	0	0	0	0	0	0	0	6.842597449992017e-5	0	0	0	0	0	0
ASV_7522	0	0	0	0	0	0	0	0	0	0	0	0	0	0	0	0	0	0	0	0	0	0	0	0	0	0	0	0	0	0	0	0	0	0	0	0	0	0	0	0	0	0	0	0	6.842597449992017e-5	0	0	0	0	0	0
ASV_7523	0	0	0	0	0	0	0	0	0	0	0	0	0	0	0	0	0	0	0	0	0	0	0	0	0	0	0	0	0	0	0	0	0	0	0	0	0	0	0	0	0	0	0	0	6.842597449992017e-5	0	0	0	0	0	0
ASV_7524	0	0	0	0	0	0	0	0	0	0	0	0	0	0	0	0	0	0	0	0	0	0	0	0	0	0	0	0	0	0	0	0	0	0	0	0	0	0	0	0	0	0	0	0	6.842597449992017e-5	0	0	0	0	0	0
ASV_7525	0	0	0	0	0	0	0	0	0	0	0	0	0	0	0	0	0	0	0	0	0	0	0	0	0	0	0	0	0	0	0	0	0	0	0	0	0	0	0	0	0	0	0	0	6.842597449992017e-5	0	0	0	0	0	0
ASV_7526	0	0	0	0	0	0	0	0	0	0	0	0	0	0	0	0	0	0	0	0	0	0	0	0	0	0	0	0	0	0	0	0	0	0	0	0	0	0	0	0	0	0	0	0	6.842597449992017e-5	0	0	0	0	0	0
ASV_7527	0	0	0	0	0	0	0	0	0	0	0	0	0	0	0	0	0	0	0	0	0	0	0	0	0	0	0	0	0	0	0	0	0	0	0	0	0	0	0	0	0	0	0	0	6.842597449992017e-5	0	0	0	0	0	0
ASV_7528	0	0	0	0	0	0	0	0	0	0	0	0	0	0	0	0	0	0	0	0	0	0	0	0	0	0	0	0	0	0	0	0	0	0	0	0	0	0	0	0	0	0	0	0	0	9.402914903620122e-5	0	0	0	0	0
ASV_7529	0	0	0	0	0	0	0	0	0	0	0	0	0	0	0	0	0	0	0	0	0	0	0	0	0	0	0	0	0	0	0	0	0	0	0	0	0	0	0	0	0	0	0	0	0	9.402914903620122e-5	0	0	0	0	0
ASV_7530	0	0	0	0	0	0	0	0	0	0	0	0	0	0	0	0	0	0	0	0	0	0	0	0	0	0	0	0	0	0	0	0	0	0	0	0	0	0	0	0	0	0	0	0	0	9.402914903620122e-5	0	0	0	0	0
ASV_7531	0	0	0	0	0	0	0	0	0	0	0	0	0	0	0	0	0	0	0	0	0	0	0	0	0	0	0	0	0	0	0	0	0	0	0	0	0	0	0	0	0	0	0	0	0	9.402914903620122e-5	0	0	0	0	0
ASV_7532	0	0	0	0	0	0	0	0	0	0	0	0	0	0	0	0	0	0	0	0	0	0	0	0	0	0	0	0	0	0	0	0	0	0	0	0	0	0	0	0	0	0	0	0	0	9.402914903620122e-5	0	0	0	0	0
ASV_7533	0	0	0	0	0	0	0	0	0	0	0	0	0	0	0	0	0	0	0	0	0	0	0	0	0	0	0	0	0	0	0	0	0	0	0	0	0	0	0	0	0	0	0	0	0	9.402914903620122e-5	0	0	0	0	0
ASV_7544	0	0	0	0	0	0	0	0	0	0	0	0	0	0	0	0	0	0	0	0	0	0	0	0	0	0	0	0	0	0	0	0	0	0	0	0	0	0	0	0	0	0	0	0	0	0	4.6505138817839374e-5	0	0	0	0
ASV_7545	0	0	0	0	0	0	0	0	0	0	0	0	0	0	0	0	0	0	0	0	0	0	0	0	0	0	0	0	0	0	0	0	0	0	0	0	0	0	0	0	0	0	0	0	0	0	4.6505138817839374e-5	0	0	0	0
ASV_7546	0	0	0	0	0	0	0	0	0	0	0	0	0	0	0	0	0	0	0	0	0	0	0	0	0	0	0	0	0	0	0	0	0	0	0	0	0	0	0	0	0	0	0	0	0	0	4.6505138817839374e-5	0	0	0	0
ASV_7547	0	0	0	0	0	0	0	0	0	0	0	0	0	0	0	0	0	0	0	0	0	0	0	0	0	0	0	0	0	0	0	0	0	0	0	0	0	0	0	0	0	0	0	0	0	0	4.6505138817839374e-5	0	0	0	0
ASV_7548	0	0	0	0	0	0	0	0	0	0	0	0	0	0	0	0	0	0	0	0	0	0	0	0	0	0	0	0	0	0	0	0	0	0	0	0	0	0	0	0	0	0	0	0	0	0	0	5.679236710586097e-5	0	0	0
ASV_7557	0	0	0	0	0	0	0	0	0	0	0	0	0	0	0	0	0	0	0	0	0	0	0	0	0	0	0	0	0	0	0	0	0	0	0	0	0	0	0	0	0	0	0	0	0	0	0	0	0	3.048780487804878e-4	0
ASV_7558	0	0	0	0	0	0	0	0	0	0	0	0	0	0	0	0	0	0	0	0	0	0	0	0	0	0	0	0	0	0	0	0	0	0	0	0	0	0	0	0	0	0	0	0	0	0	0	0	0	3.048780487804878e-4	0
ASV_7559	0	0	0	0	0	0	0	0	0	0	0	0	0	0	0	0	0	0	0	0	0	0	0	0	0	0	0	0	0	0	0	0	0	0	0	0	0	0	0	0	0	0	0	0	0	0	0	0	0	3.048780487804878e-4	0
ASV_7560	0	0	0	0	0	0	0	0	0	0	0	0	0	0	0	0	0	0	0	0	0	0	0	0	0	0	0	0	0	0	0	0	0	0	0	0	0	0	0	0	0	0	0	0	0	0	0	0	0	3.048780487804878e-4	0
ASV_7561	0	0	0	0	0	0	0	0	0	0	0	0	0	0	0	0	0	0	0	0	0	0	0	0	0	0	0	0	0	0	0	0	0	0	0	0	0	0	0	0	0	0	0	0	0	0	0	0	0	3.048780487804878e-4	0
ASV_7562	0	0	0	0	0	0	0	0	0	0	0	0	0	0	0	0	0	0	0	0	0	0	0	0	0	0	0	0	0	0	0	0	0	0	0	0	0	0	0	0	0	0	0	0	0	0	0	0	0	3.048780487804878e-4	0
ASV_7563	0	0	0	0	0	0	0	0	0	0	0	0	0	0	0	0	0	0	0	0	0	0	0	0	0	0	0	0	0	0	0	0	0	0	0	0	0	0	0	0	0	0	0	0	0	0	0	0	0	3.048780487804878e-4	0
ASV_7580	0	4.903162539838195e-4	0	0	0	0	0	0	0	0	0	0	0	0	0	0	0	0	0	0	0	0	0	0	0	0	0	0	0	0	0	0	0	0	0	0	0	0	0	0	0	0	0	0	0	0	0	0	0	0	0
ASV_7581	0	4.903162539838195e-4	0	0	0	0	0	0	0	0	0	0	0	0	0	0	0	0	0	0	0	0	0	0	0	0	0	0	0	0	0	0	0	0	0	0	0	0	0	0	0	0	0	0	0	0	0	0	0	0	0
ASV_7610	0	0	1.0870746820306555e-4	0	0	0	0	0	0	0	0	0	0	0	0	0	0	0	0	0	0	0	0	0	0	0	0	0	0	0	0	0	0	0	0	0	0	0	0	0	0	0	0	0	0	0	0	0	0	0	0
ASV_7611	0	0	1.0870746820306555e-4	0	0	0	0	0	0	0	0	0	0	0	0	0	0	0	0	0	0	0	0	0	0	0	0	0	0	0	0	0	0	0	0	0	0	0	0	0	0	0	0	0	0	0	0	0	0	0	0
ASV_7613	0	0	0	9.776604585227551e-5	0	0	0	0	0	0	0	0	0	0	0	0	0	0	0	0	0	0	0	0	0	0	0	0	0	0	0	0	0	0	0	0	0	0	0	0	0	0	0	0	0	0	0	0	0	0	0
ASV_7614	0	0	0	9.776604585227551e-5	0	0	0	0	0	0	0	0	0	0	0	0	0	0	0	0	0	0	0	0	0	0	0	0	0	0	0	0	0	0	0	0	0	0	0	0	0	0	0	0	0	0	0	0	0	0	0
ASV_7615	0	0	0	9.776604585227551e-5	0	0	0	0	0	0	0	0	0	0	0	0	0	0	0	0	0	0	0	0	0	0	0	0	0	0	0	0	0	0	0	0	0	0	0	0	0	0	0	0	0	0	0	0	0	0	0
ASV_7636	0	0	0	0	6.68203534796699e-5	0	0	0	0	0	0	0	0	0	0	0	0	0	0	0	0	0	0	0	0	0	0	0	0	0	0	0	0	0	0	0	0	0	0	0	0	0	0	0	0	0	0	0	0	0	0
ASV_7637	0	0	0	0	6.68203534796699e-5	0	0	0	0	0	0	0	0	0	0	0	0	0	0	0	0	0	0	0	0	0	0	0	0	0	0	0	0	0	0	0	0	0	0	0	0	0	0	0	0	0	0	0	0	0	0
ASV_7651	0	0	0	0	0	0	1.2338062924120913e-4	0	0	0	0	0	0	0	0	0	0	0	0	0	0	0	0	0	0	0	0	0	0	0	0	0	0	0	0	0	0	0	0	0	0	0	0	0	0	0	0	0	0	0	0
ASV_7652	0	0	0	0	0	0	1.2338062924120913e-4	0	0	0	0	0	0	0	0	0	0	0	0	0	0	0	0	0	0	0	0	0	0	0	0	0	0	0	0	0	0	0	0	0	0	0	0	0	0	0	0	0	0	0	0
ASV_7657	0	0	0	0	0	0	0	0	5.045535962057569e-5	0	0	0	0	0	0	0	0	0	0	0	0	0	0	0	0	0	0	0	0	0	0	0	0	0	0	0	0	0	0	0	0	0	0	0	0	0	0	0	0	0	0
ASV_7658	0	0	0	0	0	0	0	0	5.045535962057569e-5	0	0	0	0	0	0	0	0	0	0	0	0	0	0	0	0	0	0	0	0	0	0	0	0	0	0	0	0	0	0	0	0	0	0	0	0	0	0	0	0	0	0
ASV_7659	0	0	0	0	0	0	0	0	5.045535962057569e-5	0	0	0	0	0	0	0	0	0	0	0	0	0	0	0	0	0	0	0	0	0	0	0	0	0	0	0	0	0	0	0	0	0	0	0	0	0	0	0	0	0	0
ASV_7660	0	0	0	0	0	0	0	0	5.045535962057569e-5	0	0	0	0	0	0	0	0	0	0	0	0	0	0	0	0	0	0	0	0	0	0	0	0	0	0	0	0	0	0	0	0	0	0	0	0	0	0	0	0	0	0
ASV_7661	0	0	0	0	0	0	0	0	5.045535962057569e-5	0	0	0	0	0	0	0	0	0	0	0	0	0	0	0	0	0	0	0	0	0	0	0	0	0	0	0	0	0	0	0	0	0	0	0	0	0	0	0	0	0	0
ASV_7662	0	0	0	0	0	0	0	0	5.045535962057569e-5	0	0	0	0	0	0	0	0	0	0	0	0	0	0	0	0	0	0	0	0	0	0	0	0	0	0	0	0	0	0	0	0	0	0	0	0	0	0	0	0	0	0
ASV_7664	0	0	0	0	0	0	0	0	0	5.836008170411438e-4	0	0	0	0	0	0	0	0	0	0	0	0	0	0	0	0	0	0	0	0	0	0	0	0	0	0	0	0	0	0	0	0	0	0	0	0	0	0	0	0	0
ASV_7665	0	0	0	0	0	0	0	0	0	5.836008170411438e-4	0	0	0	0	0	0	0	0	0	0	0	0	0	0	0	0	0	0	0	0	0	0	0	0	0	0	0	0	0	0	0	0	0	0	0	0	0	0	0	0	0
ASV_7666	0	0	0	0	0	0	0	0	0	5.836008170411438e-4	0	0	0	0	0	0	0	0	0	0	0	0	0	0	0	0	0	0	0	0	0	0	0	0	0	0	0	0	0	0	0	0	0	0	0	0	0	0	0	0	0
ASV_7676	0	0	0	0	0	0	0	0	0	0	0	0	6.964758322886195e-5	0	0	0	0	0	0	0	0	0	0	0	0	0	0	0	0	0	0	0	0	0	0	0	0	0	0	0	0	0	0	0	0	0	0	0	0	0	0
ASV_7677	0	0	0	0	0	0	0	0	0	0	0	0	6.964758322886195e-5	0	0	0	0	0	0	0	0	0	0	0	0	0	0	0	0	0	0	0	0	0	0	0	0	0	0	0	0	0	0	0	0	0	0	0	0	0	0
ASV_7678	0	0	0	0	0	0	0	0	0	0	0	0	6.964758322886195e-5	0	0	0	0	0	0	0	0	0	0	0	0	0	0	0	0	0	0	0	0	0	0	0	0	0	0	0	0	0	0	0	0	0	0	0	0	0	0
ASV_7679	0	0	0	0	0	0	0	0	0	0	0	0	6.964758322886195e-5	0	0	0	0	0	0	0	0	0	0	0	0	0	0	0	0	0	0	0	0	0	0	0	0	0	0	0	0	0	0	0	0	0	0	0	0	0	0
ASV_7680	0	0	0	0	0	0	0	0	0	0	0	0	6.964758322886195e-5	0	0	0	0	0	0	0	0	0	0	0	0	0	0	0	0	0	0	0	0	0	0	0	0	0	0	0	0	0	0	0	0	0	0	0	0	0	0
ASV_7700	0	0	0	0	0	0	0	0	0	0	0	0	0	7.292084442337842e-5	0	0	0	0	0	0	0	0	0	0	0	0	0	0	0	0	0	0	0	0	0	0	0	0	0	0	0	0	0	0	0	0	0	0	0	0	0
ASV_7701	0	0	0	0	0	0	0	0	0	0	0	0	0	7.292084442337842e-5	0	0	0	0	0	0	0	0	0	0	0	0	0	0	0	0	0	0	0	0	0	0	0	0	0	0	0	0	0	0	0	0	0	0	0	0	0
ASV_7702	0	0	0	0	0	0	0	0	0	0	0	0	0	7.292084442337842e-5	0	0	0	0	0	0	0	0	0	0	0	0	0	0	0	0	0	0	0	0	0	0	0	0	0	0	0	0	0	0	0	0	0	0	0	0	0
ASV_7704	0	0	0	0	0	0	0	0	0	0	0	0	0	7.292084442337842e-5	0	0	0	0	0	0	0	0	0	0	0	0	0	0	0	0	0	0	0	0	0	0	0	0	0	0	0	0	0	0	0	0	0	0	0	0	0
ASV_7705	0	0	0	0	0	0	0	0	0	0	0	0	0	7.292084442337842e-5	0	0	0	0	0	0	0	0	0	0	0	0	0	0	0	0	0	0	0	0	0	0	0	0	0	0	0	0	0	0	0	0	0	0	0	0	0
ASV_7706	0	0	0	0	0	0	0	0	0	0	0	0	0	7.292084442337842e-5	0	0	0	0	0	0	0	0	0	0	0	0	0	0	0	0	0	0	0	0	0	0	0	0	0	0	0	0	0	0	0	0	0	0	0	0	0
ASV_7707	0	0	0	0	0	0	0	0	0	0	0	0	0	7.292084442337842e-5	0	0	0	0	0	0	0	0	0	0	0	0	0	0	0	0	0	0	0	0	0	0	0	0	0	0	0	0	0	0	0	0	0	0	0	0	0
ASV_7708	0	0	0	0	0	0	0	0	0	0	0	0	0	0	4.0310390003023276e-5	0	0	0	0	0	0	0	0	0	0	0	0	0	0	0	0	0	0	0	0	0	0	0	0	0	0	0	0	0	0	0	0	0	0	0	0
ASV_7709	0	0	0	0	0	0	0	0	0	0	0	0	0	0	4.0310390003023276e-5	0	0	0	0	0	0	0	0	0	0	0	0	0	0	0	0	0	0	0	0	0	0	0	0	0	0	0	0	0	0	0	0	0	0	0	0
ASV_7710	0	0	0	0	0	0	0	0	0	0	0	0	0	0	4.0310390003023276e-5	0	0	0	0	0	0	0	0	0	0	0	0	0	0	0	0	0	0	0	0	0	0	0	0	0	0	0	0	0	0	0	0	0	0	0	0
ASV_7711	0	0	0	0	0	0	0	0	0	0	0	0	0	0	4.0310390003023276e-5	0	0	0	0	0	0	0	0	0	0	0	0	0	0	0	0	0	0	0	0	0	0	0	0	0	0	0	0	0	0	0	0	0	0	0	0
ASV_7712	0	0	0	0	0	0	0	0	0	0	0	0	0	0	0	0	9.13575735428467e-5	0	0	0	0	0	0	0	0	0	0	0	0	0	0	0	0	0	0	0	0	0	0	0	0	0	0	0	0	0	0	0	0	0	0
ASV_7713	0	0	0	0	0	0	0	0	0	0	0	0	0	0	0	0	9.13575735428467e-5	0	0	0	0	0	0	0	0	0	0	0	0	0	0	0	0	0	0	0	0	0	0	0	0	0	0	0	0	0	0	0	0	0	0
ASV_7715	0	0	0	0	0	0	0	0	0	0	0	0	0	0	0	0	0	4.784574531709768e-5	0	0	0	0	0	0	0	0	0	0	0	0	0	0	0	0	0	0	0	0	0	0	0	0	0	0	0	0	0	0	0	0	0
ASV_7716	0	0	0	0	0	0	0	0	0	0	0	0	0	0	0	0	0	4.784574531709768e-5	0	0	0	0	0	0	0	0	0	0	0	0	0	0	0	0	0	0	0	0	0	0	0	0	0	0	0	0	0	0	0	0	0
ASV_7717	0	0	0	0	0	0	0	0	0	0	0	0	0	0	0	0	0	4.784574531709768e-5	0	0	0	0	0	0	0	0	0	0	0	0	0	0	0	0	0	0	0	0	0	0	0	0	0	0	0	0	0	0	0	0	0
ASV_7718	0	0	0	0	0	0	0	0	0	0	0	0	0	0	0	0	0	4.784574531709768e-5	0	0	0	0	0	0	0	0	0	0	0	0	0	0	0	0	0	0	0	0	0	0	0	0	0	0	0	0	0	0	0	0	0
ASV_7720	0	0	0	0	0	0	0	0	0	0	0	0	0	0	0	0	0	4.784574531709768e-5	0	0	0	0	0	0	0	0	0	0	0	0	0	0	0	0	0	0	0	0	0	0	0	0	0	0	0	0	0	0	0	0	0
ASV_7721	0	0	0	0	0	0	0	0	0	0	0	0	0	0	0	0	0	0	2.360717658168083e-5	0	0	0	0	0	0	0	0	0	0	0	0	0	0	0	0	0	0	0	0	0	0	0	0	0	0	0	0	0	0	0	0
ASV_7722	0	0	0	0	0	0	0	0	0	0	0	0	0	0	0	0	0	0	2.360717658168083e-5	0	0	0	0	0	0	0	0	0	0	0	0	0	0	0	0	0	0	0	0	0	0	0	0	0	0	0	0	0	0	0	0
ASV_7723	0	0	0	0	0	0	0	0	0	0	0	0	0	0	0	0	0	0	2.360717658168083e-5	0	0	0	0	0	0	0	0	0	0	0	0	0	0	0	0	0	0	0	0	0	0	0	0	0	0	0	0	0	0	0	0
ASV_7724	0	0	0	0	0	0	0	0	0	0	0	0	0	0	0	0	0	0	2.360717658168083e-5	0	0	0	0	0	0	0	0	0	0	0	0	0	0	0	0	0	0	0	0	0	0	0	0	0	0	0	0	0	0	0	0
ASV_7725	0	0	0	0	0	0	0	0	0	0	0	0	0	0	0	0	0	0	2.360717658168083e-5	0	0	0	0	0	0	0	0	0	0	0	0	0	0	0	0	0	0	0	0	0	0	0	0	0	0	0	0	0	0	0	0
ASV_7726	0	0	0	0	0	0	0	0	0	0	0	0	0	0	0	0	0	0	2.360717658168083e-5	0	0	0	0	0	0	0	0	0	0	0	0	0	0	0	0	0	0	0	0	0	0	0	0	0	0	0	0	0	0	0	0
ASV_7727	0	0	0	0	0	0	0	0	0	0	0	0	0	0	0	0	0	0	2.360717658168083e-5	0	0	0	0	0	0	0	0	0	0	0	0	0	0	0	0	0	0	0	0	0	0	0	0	0	0	0	0	0	0	0	0
ASV_7728	0	0	0	0	0	0	0	0	0	0	0	0	0	0	0	0	0	0	2.360717658168083e-5	0	0	0	0	0	0	0	0	0	0	0	0	0	0	0	0	0	0	0	0	0	0	0	0	0	0	0	0	0	0	0	0
ASV_7729	0	0	0	0	0	0	0	0	0	0	0	0	0	0	0	0	0	0	0	1.593879502709595e-4	0	0	0	0	0	0	0	0	0	0	0	0	0	0	0	0	0	0	0	0	0	0	0	0	0	0	0	0	0	0	0
ASV_7730	0	0	0	0	0	0	0	0	0	0	0	0	0	0	0	0	0	0	0	1.593879502709595e-4	0	0	0	0	0	0	0	0	0	0	0	0	0	0	0	0	0	0	0	0	0	0	0	0	0	0	0	0	0	0	0
ASV_7735	0	0	0	0	0	0	0	0	0	0	0	0	0	0	0	0	0	0	0	0	1.7969451931716083e-4	0	0	0	0	0	0	0	0	0	0	0	0	0	0	0	0	0	0	0	0	0	0	0	0	0	0	0	0	0	0
ASV_7743	0	0	0	0	0	0	0	0	0	0	0	0	0	0	0	0	0	0	0	0	0	0.0019120458891013384	0	0	0	0	0	0	0	0	0	0	0	0	0	0	0	0	0	0	0	0	0	0	0	0	0	0	0	0	0
ASV_7753	0	0	0	0	0	0	0	0	0	0	0	0	0	0	0	0	0	0	0	0	0	0	2.393117394373781e-5	0	0	0	0	0	0	0	0	0	0	0	0	0	0	0	0	0	0	0	0	0	0	0	0	0	0	0	0
ASV_7754	0	0	0	0	0	0	0	0	0	0	0	0	0	0	0	0	0	0	0	0	0	0	2.393117394373781e-5	0	0	0	0	0	0	0	0	0	0	0	0	0	0	0	0	0	0	0	0	0	0	0	0	0	0	0	0
ASV_7755	0	0	0	0	0	0	0	0	0	0	0	0	0	0	0	0	0	0	0	0	0	0	2.393117394373781e-5	0	0	0	0	0	0	0	0	0	0	0	0	0	0	0	0	0	0	0	0	0	0	0	0	0	0	0	0
ASV_7756	0	0	0	0	0	0	0	0	0	0	0	0	0	0	0	0	0	0	0	0	0	0	2.393117394373781e-5	0	0	0	0	0	0	0	0	0	0	0	0	0	0	0	0	0	0	0	0	0	0	0	0	0	0	0	0
ASV_7757	0	0	0	0	0	0	0	0	0	0	0	0	0	0	0	0	0	0	0	0	0	0	2.393117394373781e-5	0	0	0	0	0	0	0	0	0	0	0	0	0	0	0	0	0	0	0	0	0	0	0	0	0	0	0	0
ASV_7791	0	0	0	0	0	0	0	0	0	0	0	0	0	0	0	0	0	0	0	0	0	0	0	3.2474913129607376e-5	0	0	0	0	0	0	0	0	0	0	0	0	0	0	0	0	0	0	0	0	0	0	0	0	0	0	0
ASV_7792	0	0	0	0	0	0	0	0	0	0	0	0	0	0	0	0	0	0	0	0	0	0	0	3.2474913129607376e-5	0	0	0	0	0	0	0	0	0	0	0	0	0	0	0	0	0	0	0	0	0	0	0	0	0	0	0
ASV_7793	0	0	0	0	0	0	0	0	0	0	0	0	0	0	0	0	0	0	0	0	0	0	0	3.2474913129607376e-5	0	0	0	0	0	0	0	0	0	0	0	0	0	0	0	0	0	0	0	0	0	0	0	0	0	0	0
ASV_7803	0	0	0	0	0	0	0	0	0	0	0	0	0	0	0	0	0	0	0	0	0	0	0	0	7.207466935745433e-5	0	0	0	0	0	0	0	0	0	0	0	0	0	0	0	0	0	0	0	0	0	0	0	0	0	0
ASV_7804	0	0	0	0	0	0	0	0	0	0	0	0	0	0	0	0	0	0	0	0	0	0	0	0	7.207466935745433e-5	0	0	0	0	0	0	0	0	0	0	0	0	0	0	0	0	0	0	0	0	0	0	0	0	0	0
ASV_7805	0	0	0	0	0	0	0	0	0	0	0	0	0	0	0	0	0	0	0	0	0	0	0	0	7.207466935745433e-5	0	0	0	0	0	0	0	0	0	0	0	0	0	0	0	0	0	0	0	0	0	0	0	0	0	0
ASV_7806	0	0	0	0	0	0	0	0	0	0	0	0	0	0	0	0	0	0	0	0	0	0	0	0	7.207466935745433e-5	0	0	0	0	0	0	0	0	0	0	0	0	0	0	0	0	0	0	0	0	0	0	0	0	0	0
ASV_7807	0	0	0	0	0	0	0	0	0	0	0	0	0	0	0	0	0	0	0	0	0	0	0	0	7.207466935745433e-5	0	0	0	0	0	0	0	0	0	0	0	0	0	0	0	0	0	0	0	0	0	0	0	0	0	0
ASV_7808	0	0	0	0	0	0	0	0	0	0	0	0	0	0	0	0	0	0	0	0	0	0	0	0	7.207466935745433e-5	0	0	0	0	0	0	0	0	0	0	0	0	0	0	0	0	0	0	0	0	0	0	0	0	0	0
ASV_7809	0	0	0	0	0	0	0	0	0	0	0	0	0	0	0	0	0	0	0	0	0	0	0	0	7.207466935745433e-5	0	0	0	0	0	0	0	0	0	0	0	0	0	0	0	0	0	0	0	0	0	0	0	0	0	0
ASV_7810	0	0	0	0	0	0	0	0	0	0	0	0	0	0	0	0	0	0	0	0	0	0	0	0	7.207466935745433e-5	0	0	0	0	0	0	0	0	0	0	0	0	0	0	0	0	0	0	0	0	0	0	0	0	0	0
ASV_7811	0	0	0	0	0	0	0	0	0	0	0	0	0	0	0	0	0	0	0	0	0	0	0	0	7.207466935745433e-5	0	0	0	0	0	0	0	0	0	0	0	0	0	0	0	0	0	0	0	0	0	0	0	0	0	0
ASV_7812	0	0	0	0	0	0	0	0	0	0	0	0	0	0	0	0	0	0	0	0	0	0	0	0	7.207466935745433e-5	0	0	0	0	0	0	0	0	0	0	0	0	0	0	0	0	0	0	0	0	0	0	0	0	0	0
ASV_7813	0	0	0	0	0	0	0	0	0	0	0	0	0	0	0	0	0	0	0	0	0	0	0	0	0	5.044136191677175e-5	0	0	0	0	0	0	0	0	0	0	0	0	0	0	0	0	0	0	0	0	0	0	0	0	0
ASV_7814	0	0	0	0	0	0	0	0	0	0	0	0	0	0	0	0	0	0	0	0	0	0	0	0	0	5.044136191677175e-5	0	0	0	0	0	0	0	0	0	0	0	0	0	0	0	0	0	0	0	0	0	0	0	0	0
ASV_7815	0	0	0	0	0	0	0	0	0	0	0	0	0	0	0	0	0	0	0	0	0	0	0	0	0	5.044136191677175e-5	0	0	0	0	0	0	0	0	0	0	0	0	0	0	0	0	0	0	0	0	0	0	0	0	0
ASV_7816	0	0	0	0	0	0	0	0	0	0	0	0	0	0	0	0	0	0	0	0	0	0	0	0	0	5.044136191677175e-5	0	0	0	0	0	0	0	0	0	0	0	0	0	0	0	0	0	0	0	0	0	0	0	0	0
ASV_7823	0	0	0	0	0	0	0	0	0	0	0	0	0	0	0	0	0	0	0	0	0	0	0	0	0	0	6.385084442741755e-5	0	0	0	0	0	0	0	0	0	0	0	0	0	0	0	0	0	0	0	0	0	0	0	0
ASV_7824	0	0	0	0	0	0	0	0	0	0	0	0	0	0	0	0	0	0	0	0	0	0	0	0	0	0	6.385084442741755e-5	0	0	0	0	0	0	0	0	0	0	0	0	0	0	0	0	0	0	0	0	0	0	0	0
ASV_7825	0	0	0	0	0	0	0	0	0	0	0	0	0	0	0	0	0	0	0	0	0	0	0	0	0	0	6.385084442741755e-5	0	0	0	0	0	0	0	0	0	0	0	0	0	0	0	0	0	0	0	0	0	0	0	0
ASV_7845	0	0	0	0	0	0	0	0	0	0	0	0	0	0	0	0	0	0	0	0	0	0	0	0	0	0	0	1.2364760432766615e-4	0	0	0	0	0	0	0	0	0	0	0	0	0	0	0	0	0	0	0	0	0	0	0
ASV_7846	0	0	0	0	0	0	0	0	0	0	0	0	0	0	0	0	0	0	0	0	0	0	0	0	0	0	0	0	7.871226730685978e-5	0	0	0	0	0	0	0	0	0	0	0	0	0	0	0	0	0	0	0	0	0	0
ASV_7847	0	0	0	0	0	0	0	0	0	0	0	0	0	0	0	0	0	0	0	0	0	0	0	0	0	0	0	0	7.871226730685978e-5	0	0	0	0	0	0	0	0	0	0	0	0	0	0	0	0	0	0	0	0	0	0
ASV_7848	0	0	0	0	0	0	0	0	0	0	0	0	0	0	0	0	0	0	0	0	0	0	0	0	0	0	0	0	7.871226730685978e-5	0	0	0	0	0	0	0	0	0	0	0	0	0	0	0	0	0	0	0	0	0	0
ASV_7849	0	0	0	0	0	0	0	0	0	0	0	0	0	0	0	0	0	0	0	0	0	0	0	0	0	0	0	0	7.871226730685978e-5	0	0	0	0	0	0	0	0	0	0	0	0	0	0	0	0	0	0	0	0	0	0
ASV_7850	0	0	0	0	0	0	0	0	0	0	0	0	0	0	0	0	0	0	0	0	0	0	0	0	0	0	0	0	7.871226730685978e-5	0	0	0	0	0	0	0	0	0	0	0	0	0	0	0	0	0	0	0	0	0	0
ASV_7851	0	0	0	0	0	0	0	0	0	0	0	0	0	0	0	0	0	0	0	0	0	0	0	0	0	0	0	0	7.871226730685978e-5	0	0	0	0	0	0	0	0	0	0	0	0	0	0	0	0	0	0	0	0	0	0
ASV_7852	0	0	0	0	0	0	0	0	0	0	0	0	0	0	0	0	0	0	0	0	0	0	0	0	0	0	0	0	7.871226730685978e-5	0	0	0	0	0	0	0	0	0	0	0	0	0	0	0	0	0	0	0	0	0	0
ASV_7853	0	0	0	0	0	0	0	0	0	0	0	0	0	0	0	0	0	0	0	0	0	0	0	0	0	0	0	0	7.871226730685978e-5	0	0	0	0	0	0	0	0	0	0	0	0	0	0	0	0	0	0	0	0	0	0
ASV_7854	0	0	0	0	0	0	0	0	0	0	0	0	0	0	0	0	0	0	0	0	0	0	0	0	0	0	0	0	0	6.92185228767218e-5	0	0	0	0	0	0	0	0	0	0	0	0	0	0	0	0	0	0	0	0	0
ASV_7864	0	0	0	0	0	0	0	0	0	0	0	0	0	0	0	0	0	0	0	0	0	0	0	0	0	0	0	0	0	0	1.288410745345616e-4	0	0	0	0	0	0	0	0	0	0	0	0	0	0	0	0	0	0	0	0
ASV_7875	0	0	0	0	0	0	0	0	0	0	0	0	0	0	0	0	0	0	0	0	0	0	0	0	0	0	0	0	0	0	0	0	4.898599000685804e-5	0	0	0	0	0	0	0	0	0	0	0	0	0	0	0	0	0	0
ASV_7876	0	0	0	0	0	0	0	0	0	0	0	0	0	0	0	0	0	0	0	0	0	0	0	0	0	0	0	0	0	0	0	0	0	2.9889558082883744e-5	0	0	0	0	0	0	0	0	0	0	0	0	0	0	0	0	0
ASV_7877	0	0	0	0	0	0	0	0	0	0	0	0	0	0	0	0	0	0	0	0	0	0	0	0	0	0	0	0	0	0	0	0	0	2.9889558082883744e-5	0	0	0	0	0	0	0	0	0	0	0	0	0	0	0	0	0
ASV_7878	0	0	0	0	0	0	0	0	0	0	0	0	0	0	0	0	0	0	0	0	0	0	0	0	0	0	0	0	0	0	0	0	0	2.9889558082883744e-5	0	0	0	0	0	0	0	0	0	0	0	0	0	0	0	0	0
ASV_7879	0	0	0	0	0	0	0	0	0	0	0	0	0	0	0	0	0	0	0	0	0	0	0	0	0	0	0	0	0	0	0	0	0	2.9889558082883744e-5	0	0	0	0	0	0	0	0	0	0	0	0	0	0	0	0	0
ASV_7880	0	0	0	0	0	0	0	0	0	0	0	0	0	0	0	0	0	0	0	0	0	0	0	0	0	0	0	0	0	0	0	0	0	2.9889558082883744e-5	0	0	0	0	0	0	0	0	0	0	0	0	0	0	0	0	0
ASV_7881	0	0	0	0	0	0	0	0	0	0	0	0	0	0	0	0	0	0	0	0	0	0	0	0	0	0	0	0	0	0	0	0	0	2.9889558082883744e-5	0	0	0	0	0	0	0	0	0	0	0	0	0	0	0	0	0
ASV_7882	0	0	0	0	0	0	0	0	0	0	0	0	0	0	0	0	0	0	0	0	0	0	0	0	0	0	0	0	0	0	0	0	0	2.9889558082883744e-5	0	0	0	0	0	0	0	0	0	0	0	0	0	0	0	0	0
ASV_7883	0	0	0	0	0	0	0	0	0	0	0	0	0	0	0	0	0	0	0	0	0	0	0	0	0	0	0	0	0	0	0	0	0	0	3.530761761850119e-5	0	0	0	0	0	0	0	0	0	0	0	0	0	0	0	0
ASV_7884	0	0	0	0	0	0	0	0	0	0	0	0	0	0	0	0	0	0	0	0	0	0	0	0	0	0	0	0	0	0	0	0	0	0	0	9.354099434076984e-5	0	0	0	0	0	0	0	0	0	0	0	0	0	0	0
ASV_7885	0	0	0	0	0	0	0	0	0	0	0	0	0	0	0	0	0	0	0	0	0	0	0	0	0	0	0	0	0	0	0	0	0	0	0	9.354099434076984e-5	0	0	0	0	0	0	0	0	0	0	0	0	0	0	0
ASV_7886	0	0	0	0	0	0	0	0	0	0	0	0	0	0	0	0	0	0	0	0	0	0	0	0	0	0	0	0	0	0	0	0	0	0	0	9.354099434076984e-5	0	0	0	0	0	0	0	0	0	0	0	0	0	0	0
ASV_7887	0	0	0	0	0	0	0	0	0	0	0	0	0	0	0	0	0	0	0	0	0	0	0	0	0	0	0	0	0	0	0	0	0	0	0	9.354099434076984e-5	0	0	0	0	0	0	0	0	0	0	0	0	0	0	0
ASV_7888	0	0	0	0	0	0	0	0	0	0	0	0	0	0	0	0	0	0	0	0	0	0	0	0	0	0	0	0	0	0	0	0	0	0	0	9.354099434076984e-5	0	0	0	0	0	0	0	0	0	0	0	0	0	0	0
ASV_7889	0	0	0	0	0	0	0	0	0	0	0	0	0	0	0	0	0	0	0	0	0	0	0	0	0	0	0	0	0	0	0	0	0	0	0	9.354099434076984e-5	0	0	0	0	0	0	0	0	0	0	0	0	0	0	0
ASV_7890	0	0	0	0	0	0	0	0	0	0	0	0	0	0	0	0	0	0	0	0	0	0	0	0	0	0	0	0	0	0	0	0	0	0	0	9.354099434076984e-5	0	0	0	0	0	0	0	0	0	0	0	0	0	0	0
ASV_7891	0	0	0	0	0	0	0	0	0	0	0	0	0	0	0	0	0	0	0	0	0	0	0	0	0	0	0	0	0	0	0	0	0	0	0	9.354099434076984e-5	0	0	0	0	0	0	0	0	0	0	0	0	0	0	0
ASV_7902	0	0	0	0	0	0	0	0	0	0	0	0	0	0	0	0	0	0	0	0	0	0	0	0	0	0	0	0	0	0	0	0	0	0	0	0	1.4704801117564886e-4	0	0	0	0	0	0	0	0	0	0	0	0	0	0
ASV_7903	0	0	0	0	0	0	0	0	0	0	0	0	0	0	0	0	0	0	0	0	0	0	0	0	0	0	0	0	0	0	0	0	0	0	0	0	1.4704801117564886e-4	0	0	0	0	0	0	0	0	0	0	0	0	0	0
ASV_7904	0	0	0	0	0	0	0	0	0	0	0	0	0	0	0	0	0	0	0	0	0	0	0	0	0	0	0	0	0	0	0	0	0	0	0	0	0	2.4850894632206757e-4	0	0	0	0	0	0	0	0	0	0	0	0	0
ASV_7911	0	0	0	0	0	0	0	0	0	0	0	0	0	0	0	0	0	0	0	0	0	0	0	0	0	0	0	0	0	0	0	0	0	0	0	0	0	0	0	4.716869885144218e-5	0	0	0	0	0	0	0	0	0	0	0
ASV_7912	0	0	0	0	0	0	0	0	0	0	0	0	0	0	0	0	0	0	0	0	0	0	0	0	0	0	0	0	0	0	0	0	0	0	0	0	0	0	0	4.716869885144218e-5	0	0	0	0	0	0	0	0	0	0	0
ASV_7913	0	0	0	0	0	0	0	0	0	0	0	0	0	0	0	0	0	0	0	0	0	0	0	0	0	0	0	0	0	0	0	0	0	0	0	0	0	0	0	4.716869885144218e-5	0	0	0	0	0	0	0	0	0	0	0
ASV_7914	0	0	0	0	0	0	0	0	0	0	0	0	0	0	0	0	0	0	0	0	0	0	0	0	0	0	0	0	0	0	0	0	0	0	0	0	0	0	0	4.716869885144218e-5	0	0	0	0	0	0	0	0	0	0	0
ASV_7915	0	0	0	0	0	0	0	0	0	0	0	0	0	0	0	0	0	0	0	0	0	0	0	0	0	0	0	0	0	0	0	0	0	0	0	0	0	0	0	4.716869885144218e-5	0	0	0	0	0	0	0	0	0	0	0
ASV_7916	0	0	0	0	0	0	0	0	0	0	0	0	0	0	0	0	0	0	0	0	0	0	0	0	0	0	0	0	0	0	0	0	0	0	0	0	0	0	0	4.716869885144218e-5	0	0	0	0	0	0	0	0	0	0	0
ASV_7917	0	0	0	0	0	0	0	0	0	0	0	0	0	0	0	0	0	0	0	0	0	0	0	0	0	0	0	0	0	0	0	0	0	0	0	0	0	0	0	4.716869885144218e-5	0	0	0	0	0	0	0	0	0	0	0
ASV_7918	0	0	0	0	0	0	0	0	0	0	0	0	0	0	0	0	0	0	0	0	0	0	0	0	0	0	0	0	0	0	0	0	0	0	0	0	0	0	0	4.716869885144218e-5	0	0	0	0	0	0	0	0	0	0	0
ASV_7919	0	0	0	0	0	0	0	0	0	0	0	0	0	0	0	0	0	0	0	0	0	0	0	0	0	0	0	0	0	0	0	0	0	0	0	0	0	0	0	0	1.9464151898241413e-5	0	0	0	0	0	0	0	0	0	0
ASV_7920	0	0	0	0	0	0	0	0	0	0	0	0	0	0	0	0	0	0	0	0	0	0	0	0	0	0	0	0	0	0	0	0	0	0	0	0	0	0	0	0	1.9464151898241413e-5	0	0	0	0	0	0	0	0	0	0
ASV_7921	0	0	0	0	0	0	0	0	0	0	0	0	0	0	0	0	0	0	0	0	0	0	0	0	0	0	0	0	0	0	0	0	0	0	0	0	0	0	0	0	1.9464151898241413e-5	0	0	0	0	0	0	0	0	0	0
ASV_7922	0	0	0	0	0	0	0	0	0	0	0	0	0	0	0	0	0	0	0	0	0	0	0	0	0	0	0	0	0	0	0	0	0	0	0	0	0	0	0	0	1.9464151898241413e-5	0	0	0	0	0	0	0	0	0	0
ASV_7923	0	0	0	0	0	0	0	0	0	0	0	0	0	0	0	0	0	0	0	0	0	0	0	0	0	0	0	0	0	0	0	0	0	0	0	0	0	0	0	0	1.9464151898241413e-5	0	0	0	0	0	0	0	0	0	0
ASV_7924	0	0	0	0	0	0	0	0	0	0	0	0	0	0	0	0	0	0	0	0	0	0	0	0	0	0	0	0	0	0	0	0	0	0	0	0	0	0	0	0	1.9464151898241413e-5	0	0	0	0	0	0	0	0	0	0
ASV_7925	0	0	0	0	0	0	0	0	0	0	0	0	0	0	0	0	0	0	0	0	0	0	0	0	0	0	0	0	0	0	0	0	0	0	0	0	0	0	0	0	1.9464151898241413e-5	0	0	0	0	0	0	0	0	0	0
ASV_7926	0	0	0	0	0	0	0	0	0	0	0	0	0	0	0	0	0	0	0	0	0	0	0	0	0	0	0	0	0	0	0	0	0	0	0	0	0	0	0	0	1.9464151898241413e-5	0	0	0	0	0	0	0	0	0	0
ASV_7927	0	0	0	0	0	0	0	0	0	0	0	0	0	0	0	0	0	0	0	0	0	0	0	0	0	0	0	0	0	0	0	0	0	0	0	0	0	0	0	0	1.9464151898241413e-5	0	0	0	0	0	0	0	0	0	0
ASV_7928	0	0	0	0	0	0	0	0	0	0	0	0	0	0	0	0	0	0	0	0	0	0	0	0	0	0	0	0	0	0	0	0	0	0	0	0	0	0	0	0	1.9464151898241413e-5	0	0	0	0	0	0	0	0	0	0
ASV_7948	0	0	0	0	0	0	0	0	0	0	0	0	0	0	0	0	0	0	0	0	0	0	0	0	0	0	0	0	0	0	0	0	0	0	0	0	0	0	0	0	0	2.5138260432378077e-4	0	0	0	0	0	0	0	0	0
ASV_7949	0	0	0	0	0	0	0	0	0	0	0	0	0	0	0	0	0	0	0	0	0	0	0	0	0	0	0	0	0	0	0	0	0	0	0	0	0	0	0	0	0	2.5138260432378077e-4	0	0	0	0	0	0	0	0	0
ASV_7950	0	0	0	0	0	0	0	0	0	0	0	0	0	0	0	0	0	0	0	0	0	0	0	0	0	0	0	0	0	0	0	0	0	0	0	0	0	0	0	0	0	2.5138260432378077e-4	0	0	0	0	0	0	0	0	0
ASV_7951	0	0	0	0	0	0	0	0	0	0	0	0	0	0	0	0	0	0	0	0	0	0	0	0	0	0	0	0	0	0	0	0	0	0	0	0	0	0	0	0	0	2.5138260432378077e-4	0	0	0	0	0	0	0	0	0
ASV_7952	0	0	0	0	0	0	0	0	0	0	0	0	0	0	0	0	0	0	0	0	0	0	0	0	0	0	0	0	0	0	0	0	0	0	0	0	0	0	0	0	0	0	2.7016074564365797e-5	0	0	0	0	0	0	0	0
ASV_7953	0	0	0	0	0	0	0	0	0	0	0	0	0	0	0	0	0	0	0	0	0	0	0	0	0	0	0	0	0	0	0	0	0	0	0	0	0	0	0	0	0	0	2.7016074564365797e-5	0	0	0	0	0	0	0	0
ASV_7975	0	0	0	0	0	0	0	0	0	0	0	0	0	0	0	0	0	0	0	0	0	0	0	0	0	0	0	0	0	0	0	0	0	0	0	0	0	0	0	0	0	0	0	0	4.5617316333280114e-5	0	0	0	0	0	0
ASV_7977	0	0	0	0	0	0	0	0	0	0	0	0	0	0	0	0	0	0	0	0	0	0	0	0	0	0	0	0	0	0	0	0	0	0	0	0	0	0	0	0	0	0	0	0	4.5617316333280114e-5	0	0	0	0	0	0
ASV_7978	0	0	0	0	0	0	0	0	0	0	0	0	0	0	0	0	0	0	0	0	0	0	0	0	0	0	0	0	0	0	0	0	0	0	0	0	0	0	0	0	0	0	0	0	4.5617316333280114e-5	0	0	0	0	0	0
ASV_7979	0	0	0	0	0	0	0	0	0	0	0	0	0	0	0	0	0	0	0	0	0	0	0	0	0	0	0	0	0	0	0	0	0	0	0	0	0	0	0	0	0	0	0	0	4.5617316333280114e-5	0	0	0	0	0	0
ASV_7980	0	0	0	0	0	0	0	0	0	0	0	0	0	0	0	0	0	0	0	0	0	0	0	0	0	0	0	0	0	0	0	0	0	0	0	0	0	0	0	0	0	0	0	0	4.5617316333280114e-5	0	0	0	0	0	0
ASV_7981	0	0	0	0	0	0	0	0	0	0	0	0	0	0	0	0	0	0	0	0	0	0	0	0	0	0	0	0	0	0	0	0	0	0	0	0	0	0	0	0	0	0	0	0	4.5617316333280114e-5	0	0	0	0	0	0
ASV_7982	0	0	0	0	0	0	0	0	0	0	0	0	0	0	0	0	0	0	0	0	0	0	0	0	0	0	0	0	0	0	0	0	0	0	0	0	0	0	0	0	0	0	0	0	4.5617316333280114e-5	0	0	0	0	0	0
ASV_7984	0	0	0	0	0	0	0	0	0	0	0	0	0	0	0	0	0	0	0	0	0	0	0	0	0	0	0	0	0	0	0	0	0	0	0	0	0	0	0	0	0	0	0	0	4.5617316333280114e-5	0	0	0	0	0	0
ASV_7985	0	0	0	0	0	0	0	0	0	0	0	0	0	0	0	0	0	0	0	0	0	0	0	0	0	0	0	0	0	0	0	0	0	0	0	0	0	0	0	0	0	0	0	0	4.5617316333280114e-5	0	0	0	0	0	0
ASV_7986	0	0	0	0	0	0	0	0	0	0	0	0	0	0	0	0	0	0	0	0	0	0	0	0	0	0	0	0	0	0	0	0	0	0	0	0	0	0	0	0	0	0	0	0	4.5617316333280114e-5	0	0	0	0	0	0
ASV_7987	0	0	0	0	0	0	0	0	0	0	0	0	0	0	0	0	0	0	0	0	0	0	0	0	0	0	0	0	0	0	0	0	0	0	0	0	0	0	0	0	0	0	0	0	4.5617316333280114e-5	0	0	0	0	0	0
ASV_7988	0	0	0	0	0	0	0	0	0	0	0	0	0	0	0	0	0	0	0	0	0	0	0	0	0	0	0	0	0	0	0	0	0	0	0	0	0	0	0	0	0	0	0	0	4.5617316333280114e-5	0	0	0	0	0	0
ASV_7989	0	0	0	0	0	0	0	0	0	0	0	0	0	0	0	0	0	0	0	0	0	0	0	0	0	0	0	0	0	0	0	0	0	0	0	0	0	0	0	0	0	0	0	0	4.5617316333280114e-5	0	0	0	0	0	0
ASV_7990	0	0	0	0	0	0	0	0	0	0	0	0	0	0	0	0	0	0	0	0	0	0	0	0	0	0	0	0	0	0	0	0	0	0	0	0	0	0	0	0	0	0	0	0	4.5617316333280114e-5	0	0	0	0	0	0
ASV_7991	0	0	0	0	0	0	0	0	0	0	0	0	0	0	0	0	0	0	0	0	0	0	0	0	0	0	0	0	0	0	0	0	0	0	0	0	0	0	0	0	0	0	0	0	4.5617316333280114e-5	0	0	0	0	0	0
ASV_7992	0	0	0	0	0	0	0	0	0	0	0	0	0	0	0	0	0	0	0	0	0	0	0	0	0	0	0	0	0	0	0	0	0	0	0	0	0	0	0	0	0	0	0	0	4.5617316333280114e-5	0	0	0	0	0	0
ASV_7993	0	0	0	0	0	0	0	0	0	0	0	0	0	0	0	0	0	0	0	0	0	0	0	0	0	0	0	0	0	0	0	0	0	0	0	0	0	0	0	0	0	0	0	0	4.5617316333280114e-5	0	0	0	0	0	0
ASV_7994	0	0	0	0	0	0	0	0	0	0	0	0	0	0	0	0	0	0	0	0	0	0	0	0	0	0	0	0	0	0	0	0	0	0	0	0	0	0	0	0	0	0	0	0	4.5617316333280114e-5	0	0	0	0	0	0
ASV_7995	0	0	0	0	0	0	0	0	0	0	0	0	0	0	0	0	0	0	0	0	0	0	0	0	0	0	0	0	0	0	0	0	0	0	0	0	0	0	0	0	0	0	0	0	4.5617316333280114e-5	0	0	0	0	0	0
ASV_7996	0	0	0	0	0	0	0	0	0	0	0	0	0	0	0	0	0	0	0	0	0	0	0	0	0	0	0	0	0	0	0	0	0	0	0	0	0	0	0	0	0	0	0	0	4.5617316333280114e-5	0	0	0	0	0	0
ASV_7997	0	0	0	0	0	0	0	0	0	0	0	0	0	0	0	0	0	0	0	0	0	0	0	0	0	0	0	0	0	0	0	0	0	0	0	0	0	0	0	0	0	0	0	0	0	6.268609935746749e-5	0	0	0	0	0
ASV_7998	0	0	0	0	0	0	0	0	0	0	0	0	0	0	0	0	0	0	0	0	0	0	0	0	0	0	0	0	0	0	0	0	0	0	0	0	0	0	0	0	0	0	0	0	0	6.268609935746749e-5	0	0	0	0	0
ASV_8006	0	0	0	0	0	0	0	0	0	0	0	0	0	0	0	0	0	0	0	0	0	0	0	0	0	0	0	0	0	0	0	0	0	0	0	0	0	0	0	0	0	0	0	0	0	0	3.100342587855958e-5	0	0	0	0
ASV_8007	0	0	0	0	0	0	0	0	0	0	0	0	0	0	0	0	0	0	0	0	0	0	0	0	0	0	0	0	0	0	0	0	0	0	0	0	0	0	0	0	0	0	0	0	0	0	3.100342587855958e-5	0	0	0	0
ASV_8008	0	0	0	0	0	0	0	0	0	0	0	0	0	0	0	0	0	0	0	0	0	0	0	0	0	0	0	0	0	0	0	0	0	0	0	0	0	0	0	0	0	0	0	0	0	0	3.100342587855958e-5	0	0	0	0
ASV_8009	0	0	0	0	0	0	0	0	0	0	0	0	0	0	0	0	0	0	0	0	0	0	0	0	0	0	0	0	0	0	0	0	0	0	0	0	0	0	0	0	0	0	0	0	0	0	3.100342587855958e-5	0	0	0	0
ASV_8010	0	0	0	0	0	0	0	0	0	0	0	0	0	0	0	0	0	0	0	0	0	0	0	0	0	0	0	0	0	0	0	0	0	0	0	0	0	0	0	0	0	0	0	0	0	0	3.100342587855958e-5	0	0	0	0
ASV_8011	0	0	0	0	0	0	0	0	0	0	0	0	0	0	0	0	0	0	0	0	0	0	0	0	0	0	0	0	0	0	0	0	0	0	0	0	0	0	0	0	0	0	0	0	0	0	0	3.786157807057398e-5	0	0	0
ASV_8012	0	0	0	0	0	0	0	0	0	0	0	0	0	0	0	0	0	0	0	0	0	0	0	0	0	0	0	0	0	0	0	0	0	0	0	0	0	0	0	0	0	0	0	0	0	0	0	3.786157807057398e-5	0	0	0
ASV_8013	0	0	0	0	0	0	0	0	0	0	0	0	0	0	0	0	0	0	0	0	0	0	0	0	0	0	0	0	0	0	0	0	0	0	0	0	0	0	0	0	0	0	0	0	0	0	0	3.786157807057398e-5	0	0	0
ASV_8014	0	0	0	0	0	0	0	0	0	0	0	0	0	0	0	0	0	0	0	0	0	0	0	0	0	0	0	0	0	0	0	0	0	0	0	0	0	0	0	0	0	0	0	0	0	0	0	0	4.518038267784128e-5	0	0
ASV_8015	0	0	0	0	0	0	0	0	0	0	0	0	0	0	0	0	0	0	0	0	0	0	0	0	0	0	0	0	0	0	0	0	0	0	0	0	0	0	0	0	0	0	0	0	0	0	0	0	4.518038267784128e-5	0	0
ASV_8026	0	0	0	0	0	0	0	0	0	0	0	0	0	0	0	0	0	0	0	0	0	0	0	0	0	0	0	0	0	0	0	0	0	0	0	0	0	0	0	0	0	0	0	0	0	0	0	0	0	2.032520325203252e-4	0
ASV_8027	0	0	0	0	0	0	0	0	0	0	0	0	0	0	0	0	0	0	0	0	0	0	0	0	0	0	0	0	0	0	0	0	0	0	0	0	0	0	0	0	0	0	0	0	0	0	0	0	0	2.032520325203252e-4	0
ASV_8103	0	0	5.4353734101532776e-5	0	0	0	0	0	0	0	0	0	0	0	0	0	0	0	0	0	0	0	0	0	0	0	0	0	0	0	0	0	0	0	0	0	0	0	0	0	0	0	0	0	0	0	0	0	0	0	0
ASV_8104	0	0	5.4353734101532776e-5	0	0	0	0	0	0	0	0	0	0	0	0	0	0	0	0	0	0	0	0	0	0	0	0	0	0	0	0	0	0	0	0	0	0	0	0	0	0	0	0	0	0	0	0	0	0	0	0
ASV_8105	0	0	5.4353734101532776e-5	0	0	0	0	0	0	0	0	0	0	0	0	0	0	0	0	0	0	0	0	0	0	0	0	0	0	0	0	0	0	0	0	0	0	0	0	0	0	0	0	0	0	0	0	0	0	0	0
ASV_8106	0	0	5.4353734101532776e-5	0	0	0	0	0	0	0	0	0	0	0	0	0	0	0	0	0	0	0	0	0	0	0	0	0	0	0	0	0	0	0	0	0	0	0	0	0	0	0	0	0	0	0	0	0	0	0	0
ASV_8107	0	0	5.4353734101532776e-5	0	0	0	0	0	0	0	0	0	0	0	0	0	0	0	0	0	0	0	0	0	0	0	0	0	0	0	0	0	0	0	0	0	0	0	0	0	0	0	0	0	0	0	0	0	0	0	0
ASV_8129	0	0	0	0	3.341017673983495e-5	0	0	0	0	0	0	0	0	0	0	0	0	0	0	0	0	0	0	0	0	0	0	0	0	0	0	0	0	0	0	0	0	0	0	0	0	0	0	0	0	0	0	0	0	0	0
ASV_8137	0	0	0	0	0	3.34941050375134e-5	0	0	0	0	0	0	0	0	0	0	0	0	0	0	0	0	0	0	0	0	0	0	0	0	0	0	0	0	0	0	0	0	0	0	0	0	0	0	0	0	0	0	0	0	0
ASV_8138	0	0	0	0	0	3.34941050375134e-5	0	0	0	0	0	0	0	0	0	0	0	0	0	0	0	0	0	0	0	0	0	0	0	0	0	0	0	0	0	0	0	0	0	0	0	0	0	0	0	0	0	0	0	0	0
ASV_8139	0	0	0	0	0	3.34941050375134e-5	0	0	0	0	0	0	0	0	0	0	0	0	0	0	0	0	0	0	0	0	0	0	0	0	0	0	0	0	0	0	0	0	0	0	0	0	0	0	0	0	0	0	0	0	0
ASV_8179	0	0	0	0	0	0	6.169031462060457e-5	0	0	0	0	0	0	0	0	0	0	0	0	0	0	0	0	0	0	0	0	0	0	0	0	0	0	0	0	0	0	0	0	0	0	0	0	0	0	0	0	0	0	0	0
ASV_8180	0	0	0	0	0	0	6.169031462060457e-5	0	0	0	0	0	0	0	0	0	0	0	0	0	0	0	0	0	0	0	0	0	0	0	0	0	0	0	0	0	0	0	0	0	0	0	0	0	0	0	0	0	0	0	0
ASV_8183	0	0	0	0	0	0	0	0	2.5227679810287846e-5	0	0	0	0	0	0	0	0	0	0	0	0	0	0	0	0	0	0	0	0	0	0	0	0	0	0	0	0	0	0	0	0	0	0	0	0	0	0	0	0	0	0
ASV_8191	0	0	0	0	0	0	0	0	0	0	0	0	3.482379161443098e-5	0	0	0	0	0	0	0	0	0	0	0	0	0	0	0	0	0	0	0	0	0	0	0	0	0	0	0	0	0	0	0	0	0	0	0	0	0	0
ASV_8192	0	0	0	0	0	0	0	0	0	0	0	0	3.482379161443098e-5	0	0	0	0	0	0	0	0	0	0	0	0	0	0	0	0	0	0	0	0	0	0	0	0	0	0	0	0	0	0	0	0	0	0	0	0	0	0
ASV_8193	0	0	0	0	0	0	0	0	0	0	0	0	3.482379161443098e-5	0	0	0	0	0	0	0	0	0	0	0	0	0	0	0	0	0	0	0	0	0	0	0	0	0	0	0	0	0	0	0	0	0	0	0	0	0	0
ASV_8194	0	0	0	0	0	0	0	0	0	0	0	0	3.482379161443098e-5	0	0	0	0	0	0	0	0	0	0	0	0	0	0	0	0	0	0	0	0	0	0	0	0	0	0	0	0	0	0	0	0	0	0	0	0	0	0
ASV_8195	0	0	0	0	0	0	0	0	0	0	0	0	3.482379161443098e-5	0	0	0	0	0	0	0	0	0	0	0	0	0	0	0	0	0	0	0	0	0	0	0	0	0	0	0	0	0	0	0	0	0	0	0	0	0	0
ASV_8225	0	0	0	0	0	0	0	0	0	0	0	0	0	3.646042221168921e-5	0	0	0	0	0	0	0	0	0	0	0	0	0	0	0	0	0	0	0	0	0	0	0	0	0	0	0	0	0	0	0	0	0	0	0	0	0
ASV_8226	0	0	0	0	0	0	0	0	0	0	0	0	0	3.646042221168921e-5	0	0	0	0	0	0	0	0	0	0	0	0	0	0	0	0	0	0	0	0	0	0	0	0	0	0	0	0	0	0	0	0	0	0	0	0	0
ASV_8227	0	0	0	0	0	0	0	0	0	0	0	0	0	3.646042221168921e-5	0	0	0	0	0	0	0	0	0	0	0	0	0	0	0	0	0	0	0	0	0	0	0	0	0	0	0	0	0	0	0	0	0	0	0	0	0
ASV_8228	0	0	0	0	0	0	0	0	0	0	0	0	0	3.646042221168921e-5	0	0	0	0	0	0	0	0	0	0	0	0	0	0	0	0	0	0	0	0	0	0	0	0	0	0	0	0	0	0	0	0	0	0	0	0	0
ASV_8229	0	0	0	0	0	0	0	0	0	0	0	0	0	0	2.0155195001511638e-5	0	0	0	0	0	0	0	0	0	0	0	0	0	0	0	0	0	0	0	0	0	0	0	0	0	0	0	0	0	0	0	0	0	0	0	0
ASV_8231	0	0	0	0	0	0	0	0	0	0	0	0	0	0	0	0	4.567878677142335e-5	0	0	0	0	0	0	0	0	0	0	0	0	0	0	0	0	0	0	0	0	0	0	0	0	0	0	0	0	0	0	0	0	0	0
ASV_8232	0	0	0	0	0	0	0	0	0	0	0	0	0	0	0	0	4.567878677142335e-5	0	0	0	0	0	0	0	0	0	0	0	0	0	0	0	0	0	0	0	0	0	0	0	0	0	0	0	0	0	0	0	0	0	0
ASV_8233	0	0	0	0	0	0	0	0	0	0	0	0	0	0	0	0	4.567878677142335e-5	0	0	0	0	0	0	0	0	0	0	0	0	0	0	0	0	0	0	0	0	0	0	0	0	0	0	0	0	0	0	0	0	0	0
ASV_8234	0	0	0	0	0	0	0	0	0	0	0	0	0	0	0	0	0	2.392287265854884e-5	0	0	0	0	0	0	0	0	0	0	0	0	0	0	0	0	0	0	0	0	0	0	0	0	0	0	0	0	0	0	0	0	0
ASV_8235	0	0	0	0	0	0	0	0	0	0	0	0	0	0	0	0	0	2.392287265854884e-5	0	0	0	0	0	0	0	0	0	0	0	0	0	0	0	0	0	0	0	0	0	0	0	0	0	0	0	0	0	0	0	0	0
ASV_8236	0	0	0	0	0	0	0	0	0	0	0	0	0	0	0	0	0	2.392287265854884e-5	0	0	0	0	0	0	0	0	0	0	0	0	0	0	0	0	0	0	0	0	0	0	0	0	0	0	0	0	0	0	0	0	0
ASV_8237	0	0	0	0	0	0	0	0	0	0	0	0	0	0	0	0	0	2.392287265854884e-5	0	0	0	0	0	0	0	0	0	0	0	0	0	0	0	0	0	0	0	0	0	0	0	0	0	0	0	0	0	0	0	0	0
ASV_8238	0	0	0	0	0	0	0	0	0	0	0	0	0	0	0	0	0	2.392287265854884e-5	0	0	0	0	0	0	0	0	0	0	0	0	0	0	0	0	0	0	0	0	0	0	0	0	0	0	0	0	0	0	0	0	0
ASV_8239	0	0	0	0	0	0	0	0	0	0	0	0	0	0	0	0	0	0	1.1803588290840415e-5	0	0	0	0	0	0	0	0	0	0	0	0	0	0	0	0	0	0	0	0	0	0	0	0	0	0	0	0	0	0	0	0
ASV_8240	0	0	0	0	0	0	0	0	0	0	0	0	0	0	0	0	0	0	1.1803588290840415e-5	0	0	0	0	0	0	0	0	0	0	0	0	0	0	0	0	0	0	0	0	0	0	0	0	0	0	0	0	0	0	0	0
ASV_8241	0	0	0	0	0	0	0	0	0	0	0	0	0	0	0	0	0	0	1.1803588290840415e-5	0	0	0	0	0	0	0	0	0	0	0	0	0	0	0	0	0	0	0	0	0	0	0	0	0	0	0	0	0	0	0	0
ASV_8242	0	0	0	0	0	0	0	0	0	0	0	0	0	0	0	0	0	0	1.1803588290840415e-5	0	0	0	0	0	0	0	0	0	0	0	0	0	0	0	0	0	0	0	0	0	0	0	0	0	0	0	0	0	0	0	0
ASV_8243	0	0	0	0	0	0	0	0	0	0	0	0	0	0	0	0	0	0	1.1803588290840415e-5	0	0	0	0	0	0	0	0	0	0	0	0	0	0	0	0	0	0	0	0	0	0	0	0	0	0	0	0	0	0	0	0
ASV_8244	0	0	0	0	0	0	0	0	0	0	0	0	0	0	0	0	0	0	1.1803588290840415e-5	0	0	0	0	0	0	0	0	0	0	0	0	0	0	0	0	0	0	0	0	0	0	0	0	0	0	0	0	0	0	0	0
ASV_8245	0	0	0	0	0	0	0	0	0	0	0	0	0	0	0	0	0	0	1.1803588290840415e-5	0	0	0	0	0	0	0	0	0	0	0	0	0	0	0	0	0	0	0	0	0	0	0	0	0	0	0	0	0	0	0	0
ASV_8246	0	0	0	0	0	0	0	0	0	0	0	0	0	0	0	0	0	0	1.1803588290840415e-5	0	0	0	0	0	0	0	0	0	0	0	0	0	0	0	0	0	0	0	0	0	0	0	0	0	0	0	0	0	0	0	0
ASV_8247	0	0	0	0	0	0	0	0	0	0	0	0	0	0	0	0	0	0	1.1803588290840415e-5	0	0	0	0	0	0	0	0	0	0	0	0	0	0	0	0	0	0	0	0	0	0	0	0	0	0	0	0	0	0	0	0
ASV_8248	0	0	0	0	0	0	0	0	0	0	0	0	0	0	0	0	0	0	1.1803588290840415e-5	0	0	0	0	0	0	0	0	0	0	0	0	0	0	0	0	0	0	0	0	0	0	0	0	0	0	0	0	0	0	0	0
ASV_8249	0	0	0	0	0	0	0	0	0	0	0	0	0	0	0	0	0	0	1.1803588290840415e-5	0	0	0	0	0	0	0	0	0	0	0	0	0	0	0	0	0	0	0	0	0	0	0	0	0	0	0	0	0	0	0	0
ASV_8250	0	0	0	0	0	0	0	0	0	0	0	0	0	0	0	0	0	0	1.1803588290840415e-5	0	0	0	0	0	0	0	0	0	0	0	0	0	0	0	0	0	0	0	0	0	0	0	0	0	0	0	0	0	0	0	0
ASV_8251	0	0	0	0	0	0	0	0	0	0	0	0	0	0	0	0	0	0	1.1803588290840415e-5	0	0	0	0	0	0	0	0	0	0	0	0	0	0	0	0	0	0	0	0	0	0	0	0	0	0	0	0	0	0	0	0
ASV_8252	0	0	0	0	0	0	0	0	0	0	0	0	0	0	0	0	0	0	1.1803588290840415e-5	0	0	0	0	0	0	0	0	0	0	0	0	0	0	0	0	0	0	0	0	0	0	0	0	0	0	0	0	0	0	0	0
ASV_8253	0	0	0	0	0	0	0	0	0	0	0	0	0	0	0	0	0	0	1.1803588290840415e-5	0	0	0	0	0	0	0	0	0	0	0	0	0	0	0	0	0	0	0	0	0	0	0	0	0	0	0	0	0	0	0	0
ASV_8254	0	0	0	0	0	0	0	0	0	0	0	0	0	0	0	0	0	0	1.1803588290840415e-5	0	0	0	0	0	0	0	0	0	0	0	0	0	0	0	0	0	0	0	0	0	0	0	0	0	0	0	0	0	0	0	0
ASV_8255	0	0	0	0	0	0	0	0	0	0	0	0	0	0	0	0	0	0	1.1803588290840415e-5	0	0	0	0	0	0	0	0	0	0	0	0	0	0	0	0	0	0	0	0	0	0	0	0	0	0	0	0	0	0	0	0
ASV_8256	0	0	0	0	0	0	0	0	0	0	0	0	0	0	0	0	0	0	1.1803588290840415e-5	0	0	0	0	0	0	0	0	0	0	0	0	0	0	0	0	0	0	0	0	0	0	0	0	0	0	0	0	0	0	0	0
ASV_8257	0	0	0	0	0	0	0	0	0	0	0	0	0	0	0	0	0	0	0	7.969397513547975e-5	0	0	0	0	0	0	0	0	0	0	0	0	0	0	0	0	0	0	0	0	0	0	0	0	0	0	0	0	0	0	0
ASV_8281	0	0	0	0	0	0	0	0	0	0	0	0	0	0	0	0	0	0	0	0	0	0	1.1965586971868905e-5	0	0	0	0	0	0	0	0	0	0	0	0	0	0	0	0	0	0	0	0	0	0	0	0	0	0	0	0
ASV_8331	0	0	0	0	0	0	0	0	0	0	0	0	0	0	0	0	0	0	0	0	0	0	0	1.6237456564803688e-5	0	0	0	0	0	0	0	0	0	0	0	0	0	0	0	0	0	0	0	0	0	0	0	0	0	0	0
ASV_8332	0	0	0	0	0	0	0	0	0	0	0	0	0	0	0	0	0	0	0	0	0	0	0	1.6237456564803688e-5	0	0	0	0	0	0	0	0	0	0	0	0	0	0	0	0	0	0	0	0	0	0	0	0	0	0	0
ASV_8333	0	0	0	0	0	0	0	0	0	0	0	0	0	0	0	0	0	0	0	0	0	0	0	1.6237456564803688e-5	0	0	0	0	0	0	0	0	0	0	0	0	0	0	0	0	0	0	0	0	0	0	0	0	0	0	0
ASV_8339	0	0	0	0	0	0	0	0	0	0	0	0	0	0	0	0	0	0	0	0	0	0	0	0	3.603733467872716e-5	0	0	0	0	0	0	0	0	0	0	0	0	0	0	0	0	0	0	0	0	0	0	0	0	0	0
ASV_8340	0	0	0	0	0	0	0	0	0	0	0	0	0	0	0	0	0	0	0	0	0	0	0	0	3.603733467872716e-5	0	0	0	0	0	0	0	0	0	0	0	0	0	0	0	0	0	0	0	0	0	0	0	0	0	0
ASV_8341	0	0	0	0	0	0	0	0	0	0	0	0	0	0	0	0	0	0	0	0	0	0	0	0	3.603733467872716e-5	0	0	0	0	0	0	0	0	0	0	0	0	0	0	0	0	0	0	0	0	0	0	0	0	0	0
ASV_8342	0	0	0	0	0	0	0	0	0	0	0	0	0	0	0	0	0	0	0	0	0	0	0	0	3.603733467872716e-5	0	0	0	0	0	0	0	0	0	0	0	0	0	0	0	0	0	0	0	0	0	0	0	0	0	0
ASV_8343	0	0	0	0	0	0	0	0	0	0	0	0	0	0	0	0	0	0	0	0	0	0	0	0	3.603733467872716e-5	0	0	0	0	0	0	0	0	0	0	0	0	0	0	0	0	0	0	0	0	0	0	0	0	0	0
ASV_8344	0	0	0	0	0	0	0	0	0	0	0	0	0	0	0	0	0	0	0	0	0	0	0	0	3.603733467872716e-5	0	0	0	0	0	0	0	0	0	0	0	0	0	0	0	0	0	0	0	0	0	0	0	0	0	0
ASV_8345	0	0	0	0	0	0	0	0	0	0	0	0	0	0	0	0	0	0	0	0	0	0	0	0	3.603733467872716e-5	0	0	0	0	0	0	0	0	0	0	0	0	0	0	0	0	0	0	0	0	0	0	0	0	0	0
ASV_8346	0	0	0	0	0	0	0	0	0	0	0	0	0	0	0	0	0	0	0	0	0	0	0	0	3.603733467872716e-5	0	0	0	0	0	0	0	0	0	0	0	0	0	0	0	0	0	0	0	0	0	0	0	0	0	0
ASV_8347	0	0	0	0	0	0	0	0	0	0	0	0	0	0	0	0	0	0	0	0	0	0	0	0	3.603733467872716e-5	0	0	0	0	0	0	0	0	0	0	0	0	0	0	0	0	0	0	0	0	0	0	0	0	0	0
ASV_8348	0	0	0	0	0	0	0	0	0	0	0	0	0	0	0	0	0	0	0	0	0	0	0	0	3.603733467872716e-5	0	0	0	0	0	0	0	0	0	0	0	0	0	0	0	0	0	0	0	0	0	0	0	0	0	0
ASV_8349	0	0	0	0	0	0	0	0	0	0	0	0	0	0	0	0	0	0	0	0	0	0	0	0	3.603733467872716e-5	0	0	0	0	0	0	0	0	0	0	0	0	0	0	0	0	0	0	0	0	0	0	0	0	0	0
ASV_8350	0	0	0	0	0	0	0	0	0	0	0	0	0	0	0	0	0	0	0	0	0	0	0	0	3.603733467872716e-5	0	0	0	0	0	0	0	0	0	0	0	0	0	0	0	0	0	0	0	0	0	0	0	0	0	0
ASV_8351	0	0	0	0	0	0	0	0	0	0	0	0	0	0	0	0	0	0	0	0	0	0	0	0	3.603733467872716e-5	0	0	0	0	0	0	0	0	0	0	0	0	0	0	0	0	0	0	0	0	0	0	0	0	0	0
ASV_8352	0	0	0	0	0	0	0	0	0	0	0	0	0	0	0	0	0	0	0	0	0	0	0	0	3.603733467872716e-5	0	0	0	0	0	0	0	0	0	0	0	0	0	0	0	0	0	0	0	0	0	0	0	0	0	0
ASV_8353	0	0	0	0	0	0	0	0	0	0	0	0	0	0	0	0	0	0	0	0	0	0	0	0	0	2.5220680958385876e-5	0	0	0	0	0	0	0	0	0	0	0	0	0	0	0	0	0	0	0	0	0	0	0	0	0
ASV_8354	0	0	0	0	0	0	0	0	0	0	0	0	0	0	0	0	0	0	0	0	0	0	0	0	0	2.5220680958385876e-5	0	0	0	0	0	0	0	0	0	0	0	0	0	0	0	0	0	0	0	0	0	0	0	0	0
ASV_8355	0	0	0	0	0	0	0	0	0	0	0	0	0	0	0	0	0	0	0	0	0	0	0	0	0	2.5220680958385876e-5	0	0	0	0	0	0	0	0	0	0	0	0	0	0	0	0	0	0	0	0	0	0	0	0	0
ASV_8357	0	0	0	0	0	0	0	0	0	0	0	0	0	0	0	0	0	0	0	0	0	0	0	0	0	2.5220680958385876e-5	0	0	0	0	0	0	0	0	0	0	0	0	0	0	0	0	0	0	0	0	0	0	0	0	0
ASV_8358	0	0	0	0	0	0	0	0	0	0	0	0	0	0	0	0	0	0	0	0	0	0	0	0	0	2.5220680958385876e-5	0	0	0	0	0	0	0	0	0	0	0	0	0	0	0	0	0	0	0	0	0	0	0	0	0
ASV_8359	0	0	0	0	0	0	0	0	0	0	0	0	0	0	0	0	0	0	0	0	0	0	0	0	0	2.5220680958385876e-5	0	0	0	0	0	0	0	0	0	0	0	0	0	0	0	0	0	0	0	0	0	0	0	0	0
ASV_8360	0	0	0	0	0	0	0	0	0	0	0	0	0	0	0	0	0	0	0	0	0	0	0	0	0	2.5220680958385876e-5	0	0	0	0	0	0	0	0	0	0	0	0	0	0	0	0	0	0	0	0	0	0	0	0	0
ASV_8371	0	0	0	0	0	0	0	0	0	0	0	0	0	0	0	0	0	0	0	0	0	0	0	0	0	0	3.1925422213708775e-5	0	0	0	0	0	0	0	0	0	0	0	0	0	0	0	0	0	0	0	0	0	0	0	0
ASV_8415	0	0	0	0	0	0	0	0	0	0	0	0	0	0	0	0	0	0	0	0	0	0	0	0	0	0	0	6.182380216383307e-5	0	0	0	0	0	0	0	0	0	0	0	0	0	0	0	0	0	0	0	0	0	0	0
ASV_8416	0	0	0	0	0	0	0	0	0	0	0	0	0	0	0	0	0	0	0	0	0	0	0	0	0	0	0	0	3.935613365342989e-5	0	0	0	0	0	0	0	0	0	0	0	0	0	0	0	0	0	0	0	0	0	0
ASV_8417	0	0	0	0	0	0	0	0	0	0	0	0	0	0	0	0	0	0	0	0	0	0	0	0	0	0	0	0	3.935613365342989e-5	0	0	0	0	0	0	0	0	0	0	0	0	0	0	0	0	0	0	0	0	0	0
ASV_8418	0	0	0	0	0	0	0	0	0	0	0	0	0	0	0	0	0	0	0	0	0	0	0	0	0	0	0	0	3.935613365342989e-5	0	0	0	0	0	0	0	0	0	0	0	0	0	0	0	0	0	0	0	0	0	0
ASV_8419	0	0	0	0	0	0	0	0	0	0	0	0	0	0	0	0	0	0	0	0	0	0	0	0	0	0	0	0	3.935613365342989e-5	0	0	0	0	0	0	0	0	0	0	0	0	0	0	0	0	0	0	0	0	0	0
ASV_8420	0	0	0	0	0	0	0	0	0	0	0	0	0	0	0	0	0	0	0	0	0	0	0	0	0	0	0	0	3.935613365342989e-5	0	0	0	0	0	0	0	0	0	0	0	0	0	0	0	0	0	0	0	0	0	0
ASV_8421	0	0	0	0	0	0	0	0	0	0	0	0	0	0	0	0	0	0	0	0	0	0	0	0	0	0	0	0	3.935613365342989e-5	0	0	0	0	0	0	0	0	0	0	0	0	0	0	0	0	0	0	0	0	0	0
ASV_8422	0	0	0	0	0	0	0	0	0	0	0	0	0	0	0	0	0	0	0	0	0	0	0	0	0	0	0	0	3.935613365342989e-5	0	0	0	0	0	0	0	0	0	0	0	0	0	0	0	0	0	0	0	0	0	0
ASV_8423	0	0	0	0	0	0	0	0	0	0	0	0	0	0	0	0	0	0	0	0	0	0	0	0	0	0	0	0	0	3.46092614383609e-5	0	0	0	0	0	0	0	0	0	0	0	0	0	0	0	0	0	0	0	0	0
ASV_8424	0	0	0	0	0	0	0	0	0	0	0	0	0	0	0	0	0	0	0	0	0	0	0	0	0	0	0	0	0	3.46092614383609e-5	0	0	0	0	0	0	0	0	0	0	0	0	0	0	0	0	0	0	0	0	0
ASV_8425	0	0	0	0	0	0	0	0	0	0	0	0	0	0	0	0	0	0	0	0	0	0	0	0	0	0	0	0	0	3.46092614383609e-5	0	0	0	0	0	0	0	0	0	0	0	0	0	0	0	0	0	0	0	0	0
ASV_8426	0	0	0	0	0	0	0	0	0	0	0	0	0	0	0	0	0	0	0	0	0	0	0	0	0	0	0	0	0	3.46092614383609e-5	0	0	0	0	0	0	0	0	0	0	0	0	0	0	0	0	0	0	0	0	0
ASV_8449	0	0	0	0	0	0	0	0	0	0	0	0	0	0	0	0	0	0	0	0	0	0	0	0	0	0	0	0	0	0	0	7.564296520423601e-4	0	0	0	0	0	0	0	0	0	0	0	0	0	0	0	0	0	0	0
ASV_8454	0	0	0	0	0	0	0	0	0	0	0	0	0	0	0	0	0	0	0	0	0	0	0	0	0	0	0	0	0	0	0	0	2.449299500342902e-5	0	0	0	0	0	0	0	0	0	0	0	0	0	0	0	0	0	0
ASV_8459	0	0	0	0	0	0	0	0	0	0	0	0	0	0	0	0	0	0	0	0	0	0	0	0	0	0	0	0	0	0	0	0	0	1.4944779041441872e-5	0	0	0	0	0	0	0	0	0	0	0	0	0	0	0	0	0
ASV_8461	0	0	0	0	0	0	0	0	0	0	0	0	0	0	0	0	0	0	0	0	0	0	0	0	0	0	0	0	0	0	0	0	0	0	0	4.677049717038492e-5	0	0	0	0	0	0	0	0	0	0	0	0	0	0	0
ASV_8462	0	0	0	0	0	0	0	0	0	0	0	0	0	0	0	0	0	0	0	0	0	0	0	0	0	0	0	0	0	0	0	0	0	0	0	4.677049717038492e-5	0	0	0	0	0	0	0	0	0	0	0	0	0	0	0
ASV_8463	0	0	0	0	0	0	0	0	0	0	0	0	0	0	0	0	0	0	0	0	0	0	0	0	0	0	0	0	0	0	0	0	0	0	0	4.677049717038492e-5	0	0	0	0	0	0	0	0	0	0	0	0	0	0	0
ASV_8464	0	0	0	0	0	0	0	0	0	0	0	0	0	0	0	0	0	0	0	0	0	0	0	0	0	0	0	0	0	0	0	0	0	0	0	4.677049717038492e-5	0	0	0	0	0	0	0	0	0	0	0	0	0	0	0
ASV_8465	0	0	0	0	0	0	0	0	0	0	0	0	0	0	0	0	0	0	0	0	0	0	0	0	0	0	0	0	0	0	0	0	0	0	0	4.677049717038492e-5	0	0	0	0	0	0	0	0	0	0	0	0	0	0	0
ASV_8469	0	0	0	0	0	0	0	0	0	0	0	0	0	0	0	0	0	0	0	0	0	0	0	0	0	0	0	0	0	0	0	0	0	0	0	0	7.352400558782443e-5	0	0	0	0	0	0	0	0	0	0	0	0	0	0
ASV_8470	0	0	0	0	0	0	0	0	0	0	0	0	0	0	0	0	0	0	0	0	0	0	0	0	0	0	0	0	0	0	0	0	0	0	0	0	7.352400558782443e-5	0	0	0	0	0	0	0	0	0	0	0	0	0	0
ASV_8471	0	0	0	0	0	0	0	0	0	0	0	0	0	0	0	0	0	0	0	0	0	0	0	0	0	0	0	0	0	0	0	0	0	0	0	0	7.352400558782443e-5	0	0	0	0	0	0	0	0	0	0	0	0	0	0
ASV_8487	0	0	0	0	0	0	0	0	0	0	0	0	0	0	0	0	0	0	0	0	0	0	0	0	0	0	0	0	0	0	0	0	0	0	0	0	0	0	0	2.358434942572109e-5	0	0	0	0	0	0	0	0	0	0	0
ASV_8488	0	0	0	0	0	0	0	0	0	0	0	0	0	0	0	0	0	0	0	0	0	0	0	0	0	0	0	0	0	0	0	0	0	0	0	0	0	0	0	2.358434942572109e-5	0	0	0	0	0	0	0	0	0	0	0
ASV_8489	0	0	0	0	0	0	0	0	0	0	0	0	0	0	0	0	0	0	0	0	0	0	0	0	0	0	0	0	0	0	0	0	0	0	0	0	0	0	0	2.358434942572109e-5	0	0	0	0	0	0	0	0	0	0	0
ASV_8491	0	0	0	0	0	0	0	0	0	0	0	0	0	0	0	0	0	0	0	0	0	0	0	0	0	0	0	0	0	0	0	0	0	0	0	0	0	0	0	2.358434942572109e-5	0	0	0	0	0	0	0	0	0	0	0
ASV_8492	0	0	0	0	0	0	0	0	0	0	0	0	0	0	0	0	0	0	0	0	0	0	0	0	0	0	0	0	0	0	0	0	0	0	0	0	0	0	0	2.358434942572109e-5	0	0	0	0	0	0	0	0	0	0	0
ASV_8493	0	0	0	0	0	0	0	0	0	0	0	0	0	0	0	0	0	0	0	0	0	0	0	0	0	0	0	0	0	0	0	0	0	0	0	0	0	0	0	2.358434942572109e-5	0	0	0	0	0	0	0	0	0	0	0
ASV_8494	0	0	0	0	0	0	0	0	0	0	0	0	0	0	0	0	0	0	0	0	0	0	0	0	0	0	0	0	0	0	0	0	0	0	0	0	0	0	0	2.358434942572109e-5	0	0	0	0	0	0	0	0	0	0	0
ASV_8495	0	0	0	0	0	0	0	0	0	0	0	0	0	0	0	0	0	0	0	0	0	0	0	0	0	0	0	0	0	0	0	0	0	0	0	0	0	0	0	2.358434942572109e-5	0	0	0	0	0	0	0	0	0	0	0
ASV_8496	0	0	0	0	0	0	0	0	0	0	0	0	0	0	0	0	0	0	0	0	0	0	0	0	0	0	0	0	0	0	0	0	0	0	0	0	0	0	0	2.358434942572109e-5	0	0	0	0	0	0	0	0	0	0	0
ASV_8497	0	0	0	0	0	0	0	0	0	0	0	0	0	0	0	0	0	0	0	0	0	0	0	0	0	0	0	0	0	0	0	0	0	0	0	0	0	0	0	0	9.732075949120707e-6	0	0	0	0	0	0	0	0	0	0
ASV_8498	0	0	0	0	0	0	0	0	0	0	0	0	0	0	0	0	0	0	0	0	0	0	0	0	0	0	0	0	0	0	0	0	0	0	0	0	0	0	0	0	9.732075949120707e-6	0	0	0	0	0	0	0	0	0	0
ASV_8499	0	0	0	0	0	0	0	0	0	0	0	0	0	0	0	0	0	0	0	0	0	0	0	0	0	0	0	0	0	0	0	0	0	0	0	0	0	0	0	0	9.732075949120707e-6	0	0	0	0	0	0	0	0	0	0
ASV_8500	0	0	0	0	0	0	0	0	0	0	0	0	0	0	0	0	0	0	0	0	0	0	0	0	0	0	0	0	0	0	0	0	0	0	0	0	0	0	0	0	9.732075949120707e-6	0	0	0	0	0	0	0	0	0	0
ASV_8502	0	0	0	0	0	0	0	0	0	0	0	0	0	0	0	0	0	0	0	0	0	0	0	0	0	0	0	0	0	0	0	0	0	0	0	0	0	0	0	0	9.732075949120707e-6	0	0	0	0	0	0	0	0	0	0
ASV_8503	0	0	0	0	0	0	0	0	0	0	0	0	0	0	0	0	0	0	0	0	0	0	0	0	0	0	0	0	0	0	0	0	0	0	0	0	0	0	0	0	9.732075949120707e-6	0	0	0	0	0	0	0	0	0	0
ASV_8522	0	0	0	0	0	0	0	0	0	0	0	0	0	0	0	0	0	0	0	0	0	0	0	0	0	0	0	0	0	0	0	0	0	0	0	0	0	0	0	0	0	1.2569130216189038e-4	0	0	0	0	0	0	0	0	0
ASV_8523	0	0	0	0	0	0	0	0	0	0	0	0	0	0	0	0	0	0	0	0	0	0	0	0	0	0	0	0	0	0	0	0	0	0	0	0	0	0	0	0	0	0	1.3508037282182899e-5	0	0	0	0	0	0	0	0
ASV_8524	0	0	0	0	0	0	0	0	0	0	0	0	0	0	0	0	0	0	0	0	0	0	0	0	0	0	0	0	0	0	0	0	0	0	0	0	0	0	0	0	0	0	1.3508037282182899e-5	0	0	0	0	0	0	0	0
ASV_8526	0	0	0	0	0	0	0	0	0	0	0	0	0	0	0	0	0	0	0	0	0	0	0	0	0	0	0	0	0	0	0	0	0	0	0	0	0	0	0	0	0	0	0	9.52018278750952e-5	0	0	0	0	0	0	0
ASV_8534	0	0	0	0	0	0	0	0	0	0	0	0	0	0	0	0	0	0	0	0	0	0	0	0	0	0	0	0	0	0	0	0	0	0	0	0	0	0	0	0	0	0	0	0	2.2808658166640057e-5	0	0	0	0	0	0
ASV_8535	0	0	0	0	0	0	0	0	0	0	0	0	0	0	0	0	0	0	0	0	0	0	0	0	0	0	0	0	0	0	0	0	0	0	0	0	0	0	0	0	0	0	0	0	2.2808658166640057e-5	0	0	0	0	0	0
ASV_8536	0	0	0	0	0	0	0	0	0	0	0	0	0	0	0	0	0	0	0	0	0	0	0	0	0	0	0	0	0	0	0	0	0	0	0	0	0	0	0	0	0	0	0	0	2.2808658166640057e-5	0	0	0	0	0	0
ASV_8538	0	0	0	0	0	0	0	0	0	0	0	0	0	0	0	0	0	0	0	0	0	0	0	0	0	0	0	0	0	0	0	0	0	0	0	0	0	0	0	0	0	0	0	0	2.2808658166640057e-5	0	0	0	0	0	0
ASV_8539	0	0	0	0	0	0	0	0	0	0	0	0	0	0	0	0	0	0	0	0	0	0	0	0	0	0	0	0	0	0	0	0	0	0	0	0	0	0	0	0	0	0	0	0	2.2808658166640057e-5	0	0	0	0	0	0
ASV_8540	0	0	0	0	0	0	0	0	0	0	0	0	0	0	0	0	0	0	0	0	0	0	0	0	0	0	0	0	0	0	0	0	0	0	0	0	0	0	0	0	0	0	0	0	2.2808658166640057e-5	0	0	0	0	0	0
ASV_8541	0	0	0	0	0	0	0	0	0	0	0	0	0	0	0	0	0	0	0	0	0	0	0	0	0	0	0	0	0	0	0	0	0	0	0	0	0	0	0	0	0	0	0	0	2.2808658166640057e-5	0	0	0	0	0	0
ASV_8542	0	0	0	0	0	0	0	0	0	0	0	0	0	0	0	0	0	0	0	0	0	0	0	0	0	0	0	0	0	0	0	0	0	0	0	0	0	0	0	0	0	0	0	0	2.2808658166640057e-5	0	0	0	0	0	0
ASV_8543	0	0	0	0	0	0	0	0	0	0	0	0	0	0	0	0	0	0	0	0	0	0	0	0	0	0	0	0	0	0	0	0	0	0	0	0	0	0	0	0	0	0	0	0	2.2808658166640057e-5	0	0	0	0	0	0
ASV_8544	0	0	0	0	0	0	0	0	0	0	0	0	0	0	0	0	0	0	0	0	0	0	0	0	0	0	0	0	0	0	0	0	0	0	0	0	0	0	0	0	0	0	0	0	2.2808658166640057e-5	0	0	0	0	0	0
ASV_8545	0	0	0	0	0	0	0	0	0	0	0	0	0	0	0	0	0	0	0	0	0	0	0	0	0	0	0	0	0	0	0	0	0	0	0	0	0	0	0	0	0	0	0	0	2.2808658166640057e-5	0	0	0	0	0	0
ASV_8546	0	0	0	0	0	0	0	0	0	0	0	0	0	0	0	0	0	0	0	0	0	0	0	0	0	0	0	0	0	0	0	0	0	0	0	0	0	0	0	0	0	0	0	0	2.2808658166640057e-5	0	0	0	0	0	0
ASV_8547	0	0	0	0	0	0	0	0	0	0	0	0	0	0	0	0	0	0	0	0	0	0	0	0	0	0	0	0	0	0	0	0	0	0	0	0	0	0	0	0	0	0	0	0	2.2808658166640057e-5	0	0	0	0	0	0
ASV_8548	0	0	0	0	0	0	0	0	0	0	0	0	0	0	0	0	0	0	0	0	0	0	0	0	0	0	0	0	0	0	0	0	0	0	0	0	0	0	0	0	0	0	0	0	2.2808658166640057e-5	0	0	0	0	0	0
ASV_8549	0	0	0	0	0	0	0	0	0	0	0	0	0	0	0	0	0	0	0	0	0	0	0	0	0	0	0	0	0	0	0	0	0	0	0	0	0	0	0	0	0	0	0	0	2.2808658166640057e-5	0	0	0	0	0	0
ASV_8550	0	0	0	0	0	0	0	0	0	0	0	0	0	0	0	0	0	0	0	0	0	0	0	0	0	0	0	0	0	0	0	0	0	0	0	0	0	0	0	0	0	0	0	0	2.2808658166640057e-5	0	0	0	0	0	0
ASV_8551	0	0	0	0	0	0	0	0	0	0	0	0	0	0	0	0	0	0	0	0	0	0	0	0	0	0	0	0	0	0	0	0	0	0	0	0	0	0	0	0	0	0	0	0	2.2808658166640057e-5	0	0	0	0	0	0
ASV_8552	0	0	0	0	0	0	0	0	0	0	0	0	0	0	0	0	0	0	0	0	0	0	0	0	0	0	0	0	0	0	0	0	0	0	0	0	0	0	0	0	0	0	0	0	2.2808658166640057e-5	0	0	0	0	0	0
ASV_8553	0	0	0	0	0	0	0	0	0	0	0	0	0	0	0	0	0	0	0	0	0	0	0	0	0	0	0	0	0	0	0	0	0	0	0	0	0	0	0	0	0	0	0	0	2.2808658166640057e-5	0	0	0	0	0	0
ASV_8554	0	0	0	0	0	0	0	0	0	0	0	0	0	0	0	0	0	0	0	0	0	0	0	0	0	0	0	0	0	0	0	0	0	0	0	0	0	0	0	0	0	0	0	0	2.2808658166640057e-5	0	0	0	0	0	0
ASV_8555	0	0	0	0	0	0	0	0	0	0	0	0	0	0	0	0	0	0	0	0	0	0	0	0	0	0	0	0	0	0	0	0	0	0	0	0	0	0	0	0	0	0	0	0	2.2808658166640057e-5	0	0	0	0	0	0
ASV_8556	0	0	0	0	0	0	0	0	0	0	0	0	0	0	0	0	0	0	0	0	0	0	0	0	0	0	0	0	0	0	0	0	0	0	0	0	0	0	0	0	0	0	0	0	2.2808658166640057e-5	0	0	0	0	0	0
ASV_8557	0	0	0	0	0	0	0	0	0	0	0	0	0	0	0	0	0	0	0	0	0	0	0	0	0	0	0	0	0	0	0	0	0	0	0	0	0	0	0	0	0	0	0	0	2.2808658166640057e-5	0	0	0	0	0	0
ASV_8558	0	0	0	0	0	0	0	0	0	0	0	0	0	0	0	0	0	0	0	0	0	0	0	0	0	0	0	0	0	0	0	0	0	0	0	0	0	0	0	0	0	0	0	0	2.2808658166640057e-5	0	0	0	0	0	0
ASV_8559	0	0	0	0	0	0	0	0	0	0	0	0	0	0	0	0	0	0	0	0	0	0	0	0	0	0	0	0	0	0	0	0	0	0	0	0	0	0	0	0	0	0	0	0	2.2808658166640057e-5	0	0	0	0	0	0
ASV_8560	0	0	0	0	0	0	0	0	0	0	0	0	0	0	0	0	0	0	0	0	0	0	0	0	0	0	0	0	0	0	0	0	0	0	0	0	0	0	0	0	0	0	0	0	2.2808658166640057e-5	0	0	0	0	0	0
ASV_8561	0	0	0	0	0	0	0	0	0	0	0	0	0	0	0	0	0	0	0	0	0	0	0	0	0	0	0	0	0	0	0	0	0	0	0	0	0	0	0	0	0	0	0	0	2.2808658166640057e-5	0	0	0	0	0	0
ASV_8562	0	0	0	0	0	0	0	0	0	0	0	0	0	0	0	0	0	0	0	0	0	0	0	0	0	0	0	0	0	0	0	0	0	0	0	0	0	0	0	0	0	0	0	0	2.2808658166640057e-5	0	0	0	0	0	0
ASV_8563	0	0	0	0	0	0	0	0	0	0	0	0	0	0	0	0	0	0	0	0	0	0	0	0	0	0	0	0	0	0	0	0	0	0	0	0	0	0	0	0	0	0	0	0	2.2808658166640057e-5	0	0	0	0	0	0
ASV_8564	0	0	0	0	0	0	0	0	0	0	0	0	0	0	0	0	0	0	0	0	0	0	0	0	0	0	0	0	0	0	0	0	0	0	0	0	0	0	0	0	0	0	0	0	2.2808658166640057e-5	0	0	0	0	0	0
ASV_8565	0	0	0	0	0	0	0	0	0	0	0	0	0	0	0	0	0	0	0	0	0	0	0	0	0	0	0	0	0	0	0	0	0	0	0	0	0	0	0	0	0	0	0	0	2.2808658166640057e-5	0	0	0	0	0	0
ASV_8566	0	0	0	0	0	0	0	0	0	0	0	0	0	0	0	0	0	0	0	0	0	0	0	0	0	0	0	0	0	0	0	0	0	0	0	0	0	0	0	0	0	0	0	0	2.2808658166640057e-5	0	0	0	0	0	0
ASV_8567	0	0	0	0	0	0	0	0	0	0	0	0	0	0	0	0	0	0	0	0	0	0	0	0	0	0	0	0	0	0	0	0	0	0	0	0	0	0	0	0	0	0	0	0	2.2808658166640057e-5	0	0	0	0	0	0
ASV_8568	0	0	0	0	0	0	0	0	0	0	0	0	0	0	0	0	0	0	0	0	0	0	0	0	0	0	0	0	0	0	0	0	0	0	0	0	0	0	0	0	0	0	0	0	2.2808658166640057e-5	0	0	0	0	0	0
ASV_8569	0	0	0	0	0	0	0	0	0	0	0	0	0	0	0	0	0	0	0	0	0	0	0	0	0	0	0	0	0	0	0	0	0	0	0	0	0	0	0	0	0	0	0	0	2.2808658166640057e-5	0	0	0	0	0	0
ASV_8570	0	0	0	0	0	0	0	0	0	0	0	0	0	0	0	0	0	0	0	0	0	0	0	0	0	0	0	0	0	0	0	0	0	0	0	0	0	0	0	0	0	0	0	0	2.2808658166640057e-5	0	0	0	0	0	0
ASV_8571	0	0	0	0	0	0	0	0	0	0	0	0	0	0	0	0	0	0	0	0	0	0	0	0	0	0	0	0	0	0	0	0	0	0	0	0	0	0	0	0	0	0	0	0	2.2808658166640057e-5	0	0	0	0	0	0
ASV_8572	0	0	0	0	0	0	0	0	0	0	0	0	0	0	0	0	0	0	0	0	0	0	0	0	0	0	0	0	0	0	0	0	0	0	0	0	0	0	0	0	0	0	0	0	2.2808658166640057e-5	0	0	0	0	0	0
ASV_8573	0	0	0	0	0	0	0	0	0	0	0	0	0	0	0	0	0	0	0	0	0	0	0	0	0	0	0	0	0	0	0	0	0	0	0	0	0	0	0	0	0	0	0	0	2.2808658166640057e-5	0	0	0	0	0	0
ASV_8574	0	0	0	0	0	0	0	0	0	0	0	0	0	0	0	0	0	0	0	0	0	0	0	0	0	0	0	0	0	0	0	0	0	0	0	0	0	0	0	0	0	0	0	0	2.2808658166640057e-5	0	0	0	0	0	0
ASV_8575	0	0	0	0	0	0	0	0	0	0	0	0	0	0	0	0	0	0	0	0	0	0	0	0	0	0	0	0	0	0	0	0	0	0	0	0	0	0	0	0	0	0	0	0	2.2808658166640057e-5	0	0	0	0	0	0
ASV_8576	0	0	0	0	0	0	0	0	0	0	0	0	0	0	0	0	0	0	0	0	0	0	0	0	0	0	0	0	0	0	0	0	0	0	0	0	0	0	0	0	0	0	0	0	2.2808658166640057e-5	0	0	0	0	0	0
ASV_8577	0	0	0	0	0	0	0	0	0	0	0	0	0	0	0	0	0	0	0	0	0	0	0	0	0	0	0	0	0	0	0	0	0	0	0	0	0	0	0	0	0	0	0	0	2.2808658166640057e-5	0	0	0	0	0	0
ASV_8578	0	0	0	0	0	0	0	0	0	0	0	0	0	0	0	0	0	0	0	0	0	0	0	0	0	0	0	0	0	0	0	0	0	0	0	0	0	0	0	0	0	0	0	0	2.2808658166640057e-5	0	0	0	0	0	0
ASV_8579	0	0	0	0	0	0	0	0	0	0	0	0	0	0	0	0	0	0	0	0	0	0	0	0	0	0	0	0	0	0	0	0	0	0	0	0	0	0	0	0	0	0	0	0	0	3.1343049678733744e-5	0	0	0	0	0
ASV_8580	0	0	0	0	0	0	0	0	0	0	0	0	0	0	0	0	0	0	0	0	0	0	0	0	0	0	0	0	0	0	0	0	0	0	0	0	0	0	0	0	0	0	0	0	0	3.1343049678733744e-5	0	0	0	0	0
ASV_8581	0	0	0	0	0	0	0	0	0	0	0	0	0	0	0	0	0	0	0	0	0	0	0	0	0	0	0	0	0	0	0	0	0	0	0	0	0	0	0	0	0	0	0	0	0	3.1343049678733744e-5	0	0	0	0	0
ASV_8586	0	0	0	0	0	0	0	0	0	0	0	0	0	0	0	0	0	0	0	0	0	0	0	0	0	0	0	0	0	0	0	0	0	0	0	0	0	0	0	0	0	0	0	0	0	0	1.550171293927979e-5	0	0	0	0
ASV_8587	0	0	0	0	0	0	0	0	0	0	0	0	0	0	0	0	0	0	0	0	0	0	0	0	0	0	0	0	0	0	0	0	0	0	0	0	0	0	0	0	0	0	0	0	0	0	1.550171293927979e-5	0	0	0	0
ASV_8588	0	0	0	0	0	0	0	0	0	0	0	0	0	0	0	0	0	0	0	0	0	0	0	0	0	0	0	0	0	0	0	0	0	0	0	0	0	0	0	0	0	0	0	0	0	0	1.550171293927979e-5	0	0	0	0
ASV_8589	0	0	0	0	0	0	0	0	0	0	0	0	0	0	0	0	0	0	0	0	0	0	0	0	0	0	0	0	0	0	0	0	0	0	0	0	0	0	0	0	0	0	0	0	0	0	0	1.893078903528699e-5	0	0	0
ASV_8590	0	0	0	0	0	0	0	0	0	0	0	0	0	0	0	0	0	0	0	0	0	0	0	0	0	0	0	0	0	0	0	0	0	0	0	0	0	0	0	0	0	0	0	0	0	0	0	1.893078903528699e-5	0	0	0
ASV_8591	0	0	0	0	0	0	0	0	0	0	0	0	0	0	0	0	0	0	0	0	0	0	0	0	0	0	0	0	0	0	0	0	0	0	0	0	0	0	0	0	0	0	0	0	0	0	0	1.893078903528699e-5	0	0	0
ASV_8627	0	0	0	0	0	0	0	0	0	0	0	0	0	0	0	0	0	0	0	0	0	0	0	0	0	0	0	0	0	0	0	0	0	0	0	0	0	0	0	0	0	0	0	0	0	0	0	0	0	1.016260162601626e-4	0
